id,nome,tipo_registro,categoria_principal,categorias_secundarias,resumo,cidade,uf,rua,numero,bairro,complemento,latitude,longitude,telefone,whatsapp,email,site,instagram,horario_funcionamento,servicos_atracoes,acessibilidade,necessita_reserva,cadastur,url_origem,url_mapa,status_revisao,situacao_catalogo,alertas_catalogo,fontes_consultadas
atm_0001,Altamira (Portal),empresa,,,"A entidade turística é Altamira, PA, um município destacado por sua grande extensão territorial e apelo turístico. As fontes indicam que o local é um Polo Turístico e atrai turistas de todos os perfis, oferecendo serviços como turismo de natureza e cultura local. Recomenda-se verificar a necessidade de reserva para eventos específicos, como torneios de pesca.",Altamira,PA,,,Esplanada do Xingu,,"-3,2101465","-52,2093272",,,,,,,"Turismo de natureza, observação de belezas naturais, cultura local",,Sim,,https://www.google.com/maps/place/Orla+ALTAMIRA+%2FPAR%C3%81/data=!4m7!3m6!1s0x929239003895a9df:0xc2550c159d246a75!8m2!3d-3.2101465!4d-52.2093272!16s%2Fg%2F11xv0m84hy!19sChIJ36mVOAA5kpIRdWoknRUMVcI?authuser=0&hl=pt-BR&g_ep=EgoyMDI2MDkwOC4wIJJjKgBIAVAD&rclk=1,"https://www.google.com/maps?q=-3.2101465,-52.2093272",revisado_com_pendencias,Revisar,sem contato | pendências da fonte,cadastur | google_maps | youtube | visitaltamira
atm_0002,Orla Altamira /Pará,ponto_turistico,,,"A Orla ALTAMIRA /PARÁ é uma atração turística em Altamira, PA. O endereço é R. Cel. José Porfírio, 2321 - Esplanada do Xingu. É ideal para lazer, com serviços como banho de rio, passeio, fotografia e contemplação do pôr do sol. O público-alvo inclui famílias, casais e jovens. Não necessita de reserva. O horário de funcionamento é variado, com destaque para o movimento noturno (Fonte: youtube:20:1dcfa867f9).",Altamira,PA,R. Cel. José Porfírio,2321,Esplanada do Xingu,,"-3,2101465","-52,2093272",,,,,,"Aberto ao público, com grande movimentação noturna nos quiosques.","Banho de rio, passeio, fotografia, contemplação do pôr do sol, eventos na concha acústica",,,,https://www.google.com/maps/place/Praia+Artificial+da+Orla+de+Altamira/data=!4m7!3m6!1s0x92923816ca53fdd5:0x7aaa39f4a8aafef5!8m2!3d-3.2058603!4d-52.2054132!16s%2Fg%2F11ckkyvc74!19sChIJ1f1TyhY4kpIR9f6qqPQ5qno?authuser=0&hl=pt-BR&g_ep=EgoyMDI2MDkwOC4wIJJjKgBIAVAD&rclk=1,"https://www.google.com/maps?q=-3.2101465,-52.2093272",revisado_com_pendencias,Revisar,sem contato | pendências da fonte,cadastur | google_maps | youtube | visitaltamira
atm_0003,Xingu Academia,empresa,Academia,atrativos,"A entidade 'Xingu academia' foi consolidada usando os dados mais alinhados (ID google_maps:435:83aba5d8ae). O nome é 'Xingu academia', classificado como Academia. O endereço é Estr. do Xingu Praia Clube, Altamira - PA. O telefone (do outro registro) e o site (do outro registro) foram incluídos por serem os únicos disponíveis para contato/web, apesar da possível inconsistência de origem.",Altamira,PA,Estr. do Xingu Praia Clube,,Esplanada do Xingu,,-32.281.488,-522.218.479,(91) 99183-9172,(91) 99183-9172,,,https://www.instagram.com/xinguacademia/,seg a sex 05:00 - 22:00 sab 06:00 as 14:00,,,,,https://www.google.com/maps/place/Xingu+Contest+Fisiculturismo/data=!4m7!3m6!1s0x9292399a9e32b4fb:0x7b6fea16e14e6b6!8m2!3d-3.1965018!4d-52.2120012!16s%2Fg%2F11t1h46fzw!19sChIJ-7Qynpo5kpIRtuYUbqH-tgc?authuser=0&hl=pt-BR&g_ep=EgoyMDI2MDkwOC4wIJJjKgBIAVAD&rclk=1,"https://www.google.com/maps?q=-3.2281488,-52.2218479",revisado_com_pendencias,Revisar,pendências da fonte,cadastur | google_maps | youtube | visitaltamira
atm_0004,Panda Pesca E Camping,empresa,Acampamento de pesca,atrativos,"Entidade turística consolidada: Panda pesca e camping, classificada como Acampamento de pesca e atrativos. Localizada em Altamira/PA, com endereço em R. Manoel Umbuzeiro, 1817 - B - Centro. Contato: (93) 99130-2010. Coordenadas e dados extraídos do Google Maps (2026-09-11).",Altamira,PA,R. Manoel Umbuzeiro,1817,Centro,B,"-3,2052514","-52,2131753",(93) 99130-2010,,,,,,,,,,https://www.google.com/maps/place/Panda+pesca+e+camping/data=!4m7!3m6!1s0x9292397c759d5799:0x7533b1427c6b68a6!8m2!3d-3.2052514!4d-52.2131753!16s%2Fg%2F11zbfx4w60!19sChIJmVeddXw5kpIRpmhrfEKxM3U?authuser=0&hl=pt-BR&g_ep=EgoyMDI2MDkwOC4wIJJjKgBIAVAD&rclk=1,"https://www.google.com/maps?q=-3.2052514,-52.2131753",revisado_com_pendencias,Revisar,pendências da fonte,cadastur | google_maps | youtube | visitaltamira
atm_0005,Parque de Exposições Antonio Inácio de Lucena,empresa,Agricultura e pecuária,atrativos,"Parque de Exposições Antonio Inácio de Lucena, em Altamira-PA, é classificado como atrativo de Agricultura e pecuária. O endereço é Colinas, e as coordenadas são -3.1840177, -52.186758. As informações são baseadas em dados do Google Maps (2026-09-11).",Altamira,PA,Colinas,,,,"-3,1840177","-52,186758",,,,,,,,,,,https://www.google.com/maps/place/Parque+de+Exposi%C3%A7%C3%B5es+Antonio+In%C3%A1cio+de+Lucena/data=!4m7!3m6!1s0x92923781f63f6227:0x8d98ae47c284e518!8m2!3d-3.1840177!4d-52.186758!16s%2Fg%2F11gbxgj90x!19sChIJJ2I_9oE3kpIRGOWEwkeumI0?authuser=0&hl=pt-BR&g_ep=EgoyMDI2MDkwOC4wIJJjKgBIAVAD&rclk=1,"https://www.google.com/maps?q=-3.1840177,-52.186758",revisado_com_pendencias,Revisar,sem contato | pendências da fonte,cadastur | google_maps | youtube | visitaltamira | https://altamira.pa.gov.br/conheca-a-historia-de-leonardo-o-icone-do-sertanejo-que-abre-a-expoalta-altamira-2025/
atm_0006,Locadora Talismã,empresa,Agência de aluguel de carros,passeios_agencias,"Entidade turística consolidada: Locadora Talismã, uma agência de aluguel de carros em Altamira/PA. O endereço é R. Intendente Floriano, 2153 - Sudam I. Contato: (93) 99182-8893. Coordenadas e dados extraídos do Google Maps (2026-09-11).",Altamira,PA,R. Intendente Floria,2153,Sudam I,,"-3,2061096","-52,2168756",(93) 99182-8893,,,,,,,,,,https://www.google.com/maps/place/Locadora+Talism%C3%A3/data=!4m7!3m6!1s0x929239fe7020db5f:0xc78144995336d5ac!8m2!3d-3.2061096!4d-52.2168756!16s%2Fg%2F11xfpl5c8j!19sChIJX9sgcP45kpIRrNU2U5lEgcc?authuser=0&hl=pt-BR&g_ep=EgoyMDI2MDkwOC4wIJJjKgBIAVAD&rclk=1,"https://www.google.com/maps?q=-3.2061096,-52.2168756",revisado_com_pendencias,Revisar,pendências da fonte,cadastur | google_maps | youtube | visitaltamira
atm_0007,Locarx Aluguel de Carros - Altamira/Pa,empresa,Agência de aluguel de carros,passeios_agencias,"Entidade turística consolidada: LocarX Aluguel de Carros em Altamira/PA. A categoria principal é Agência de aluguel de carros. O endereço completo é Av. Brg. Eduardo Gomes, 873 - Esplanada do Xingu, Altamira - PA, com telefone (93) 99213-1463 e site http://locarx.com.br/. Coordenadas e dados extraídos do Google Maps (2026-09-11).",Altamira,PA,Av. Brg. Eduardo Gomes,873,Esplanada do Xingu,,"-3,216878","-52,2166557",(93) 99213-1463,,,http://locarx.com.br/,,,,,,,https://www.google.com/maps/place/LocarX+Aluguel+de+Carros+-+Altamira%2FPA/data=!4m7!3m6!1s0x929247ca3d9a5661:0xd32f3b7c82dbf49d!8m2!3d-3.216878!4d-52.2166557!16s%2Fg%2F11z8bgqh96!19sChIJYVaaPcpHkpIRnfTbgnw7L9M?authuser=0&hl=pt-BR&g_ep=EgoyMDI2MDkwOC4wIJJjKgBIAVAD&rclk=1,"https://www.google.com/maps?q=-3.216878,-52.2166557",revisado,Apto para conferência final,,cadastur | google_maps | youtube | visitaltamira
atm_0008,Real Car Locadora de Veiculos,empresa,Agência de aluguel de carros,passeios_agencias,"Entidade turística consolidada: Real car locadora de veiculos, classificada como Agência de aluguel de carros (passeios_agencias). Localizada em Altamira/PA, no bairro Sudam I. Endereço: R. Intendente Floriano, 1906 - Sudam I. Contato: (93) 99126-2706. Coordenadas: -3.2044557, -52.2154279 (Fonte: google_maps, 2026-09-11).",Altamira,PA,R. Intendente Floria,1906,Sudam I,,"-3,2044557","-52,2154279",(93) 99126-2706,,,,,,,,,,https://www.google.com/maps/place/Real+car+locadora+de+veiculos/data=!4m7!3m6!1s0x9292386a92dd0c55:0xf93949101026e41!8m2!3d-3.2044557!4d-52.2154279!16s%2Fg%2F11cr_1b4p1!19sChIJVQzdkmo4kpIRQW4CAZGUkw8?authuser=0&hl=pt-BR&g_ep=EgoyMDI2MDkwOC4wIJJjKgBIAVAD&rclk=1,"https://www.google.com/maps?q=-3.2044557,-52.2154279",revisado_com_pendencias,Revisar,pendências da fonte,cadastur | google_maps | youtube | visitaltamira
atm_0009,Semini Rent A Car - Locação de Motos,empresa,Agência de aluguel de carros,passeios_agencias,"Entidade turística consolidada: Semini Rent a Car - Locação de Motos, classificada como Agência de aluguel de carros. Localizada em Altamira/PA, no bairro Sudam I. Endereço: R. Intendente Floriano, s/n - Sudam I, Altamira - PA, 68371-240. Contato: (93) 99203-3692. Coordenadas e site disponíveis (Fonte: google_maps, 2026-09-11).",Altamira,PA,R. Intendente Floria,S/N,Sudam I,,"-3,2064171","-52,2174376",(93) 99203-3692,,,https://www.instagram.com/junior_semini_?igsh=MTFtNWY3OG1xdHQyOA==,,,,,,,https://www.google.com/maps/place/Semini+Rent+a+Car+-+Loca%C3%A7%C3%A3o+de+Motos/data=!4m7!3m6!1s0x929239bcf637dc11:0xfd71c716c5949747!8m2!3d-3.2064171!4d-52.2174376!16s%2Fg%2F11s5mrshr3!19sChIJEdw39rw5kpIRR5eUxRbHcf0?authuser=0&hl=pt-BR&g_ep=EgoyMDI2MDkwOC4wIJJjKgBIAVAD&rclk=1,"https://www.google.com/maps?q=-3.2064171,-52.2174376",revisado,Apto para conferência final,,cadastur | google_maps | youtube | visitaltamira
atm_0010,Locadora de Veículos Salmo 23,empresa,Agência de aluguel de carros,passeios_agencias,"Entidade turística consolidada: locadora de Veículos Salmo 23, classificada como Agência de aluguel de carros. Localizada no Centro, Altamira - PA. Endereço: R. Manoel Umbuzeiro, 1682. Contato: (93) 99226-8080. Coordenadas e dados extraídos do Google Maps (2026-09-11).",Altamira,PA,R. Manoel Umbuzeiro,1682,Centro,,"-3,2041038","-52,2126251",(93) 99226-8080,,,,,,,,,,https://www.google.com/maps/place/locadora+de+Ve%C3%ADculos+Salmo+23/data=!4m7!3m6!1s0x9292386c5382dfef:0xbfc5525ac0569b60!8m2!3d-3.2041038!4d-52.2126251!16s%2Fg%2F11g8xkbvqt!19sChIJ79-CU2w4kpIRYJtWwFpSxb8?authuser=0&hl=pt-BR&g_ep=EgoyMDI2MDkwOC4wIJJjKgBIAVAD&rclk=1,"https://www.google.com/maps?q=-3.2041038,-52.2126251",revisado_com_pendencias,Revisar,pendências da fonte,cadastur | google_maps | youtube | visitaltamira
atm_0011,Real Maia,empresa,Agência de passagens de ônibus,passeios_agencias,"A entidade Real Maia é uma agência de passagens de ônibus em Altamira, PA. O endereço é R. Luís Né da Silva, S/N - Sudam I, e pode ser contatada pelo telefone (93) 99119-8672 ou pelo link do WhatsApp fornecido. As coordenadas são -3.2041183, -52.2178536 (google_maps:205:83aba5d8ae).",Altamira,PA,R. Luís Né da Silva,S/N,Sudam I,,"-3,2041183","-52,2178536",(93) 99119-8672,,,https://wa.me/message/FQV4732Y6W74P1,,,,,,,https://www.google.com/maps/place/Real+Maia/data=!4m7!3m6!1s0x92923915e234ccd3:0x1fdc07f431eb1830!8m2!3d-3.2041183!4d-52.2178536!16s%2Fg%2F11msp_cd_f!19sChIJ08w04hU5kpIRMBjrMfQH3B8?authuser=0&hl=pt-BR&g_ep=EgoyMDI2MDkwOC4wIJJjKgBIAVAD&rclk=1,"https://www.google.com/maps?q=-3.2041183,-52.2178536",revisado_com_pendencias,Revisar,pendências da fonte,cadastur | google_maps | youtube | visitaltamira
atm_0012,Gemaque Corretora de Seguros,empresa,Agência de seguros,passeios_agencias,"Entidade turística consolidada: Gemaque Corretora de Seguros, uma agência de seguros em Altamira/PA. O endereço é Tv. Pedro Gomes, 1118 - Perpétuo Socorro. Contato: (93) 99172-4266. Coordenadas e dados extraídos do Google Maps (2026-09-11). Não é um ponto turístico de lazer.",Altamira,PA,Tv. Pedro Gomes,1118,Perpétuo Socorro,,"-3,2054922","-52,2190883",(93) 99172-4266,,,,,,,,,,https://www.google.com/maps/place/Gemaque+Corretora+de+Seguros/data=!4m7!3m6!1s0x9292393db1e25b91:0x7c9ba448acc97d9d!8m2!3d-3.2054922!4d-52.2190883!16s%2Fg%2F11rwp0zl01!19sChIJkVvisT05kpIRnX3JrEikm3w?authuser=0&hl=pt-BR&g_ep=EgoyMDI2MDkwOC4wIJJjKgBIAVAD&rclk=1,"https://www.google.com/maps?q=-3.2054922,-52.2190883",revisado_com_pendencias,Revisar,pendências da fonte,cadastur | google_maps | youtube | visitaltamira
atm_0013,Agencia da Grazi,empresa,Agência de turismo,passeios_agencias,"A Agência da Grazi é uma agência de turismo localizada em Altamira, PA. O endereço é Av. Tancredo Neves, 2524 - Centro, e o contato telefônico é (93) 99172-1808. As coordenadas são -3.2110328, -52.2167447 (Fonte: google_maps:201:83aba5d8ae, 2026-09-11).",Altamira,PA,Av. Tancredo Neves,2524,Centro,,"-3,2110328","-52,2167447",(93) 99172-1808,,,,,,,,,,https://www.google.com/maps/place/Agencia+da+Grazi/data=!4m7!3m6!1s0x929239490dd93ca1:0xf0f564003fd446f2!8m2!3d-3.2110328!4d-52.2167447!16s%2Fg%2F11y7d5k5v8!19sChIJoTzZDUk5kpIR8kbUPwBk9fA?authuser=0&hl=pt-BR&g_ep=EgoyMDI2MDkwOC4wIJJjKgBIAVAD&rclk=1,"https://www.google.com/maps?q=-3.2110328,-52.2167447",revisado_com_pendencias,Revisar,pendências da fonte,cadastur | google_maps | youtube | visitaltamira
atm_0014,Jrvs Turismo,empresa,Agência de turismo,passeios_agencias,"A entidade JRVS TURISMO foi consolidada com dados da fonte google_maps:560:83aba5d8ae. O negócio é classificado como Agência de turismo, localizado em Altamira/PA, no bairro Liberdade. O endereço é R. Pitangas - Liberdade, e o contato é (93) 99230-8787. O site oficial é https://br.onertravel.com/jrvsturismo/home.",Altamira,PA,R. Pitangas,,Liberdade,,"-3,1880491","-52,2338247",(93) 99230-8787,,,https://br.onertravel.com/jrvsturismo/home,,,,,,,https://www.google.com/maps/place/Para%C3%ADso+Turismo+Altamira/data=!4m7!3m6!1s0x92923931b30cf587:0xb783ab4366d13f57!8m2!3d-3.2045439!4d-52.2114155!16s%2Fg%2F11ybnm_yzh!19sChIJh_UMszE5kpIRVz_RZkOrg7c?authuser=0&hl=pt-BR&g_ep=EgoyMDI2MDkwOC4wIJJjKgBIAVAD&rclk=1,"https://www.google.com/maps?q=-3.1880491,-52.2338247",revisado_com_pendencias,Revisar,pendências da fonte,cadastur | google_maps | youtube | visitaltamira
atm_0015,Xingu Adventure,empresa,Agência de turismo,passeios_agencias,"A Xingu Adventure é uma agência de turismo em Altamira/PA, especializada em ecoturismo e aventuras no Rio Xingu. Possui registro no Cadastur e oferece serviços como passeio de voadeira, caiaque e pescaria. O contato principal é (93) 99147-1046. O endereço é Av. João Pessoa, N° 2648 - Esplanada do Xingu. Recomenda-se verificar a disponibilidade, pois o serviço necessita de reserva.",Altamira,PA,Av. João Pessoa,2648,Esplanada do Xingu,,,,(93) 99147-1046,(93) 99147-1046,xinguadventure@hotmail.com,,,,"Soltura de tartarugas, passeio de voadeira, caiaque, pescaria",,,Regular - Certificado: 37289521000110 (Operação) - Validade: 2026-09-05,https://visitaltamira.com.br/pt/empresa/xingu-adventure,,revisado_com_pendencias,Revisar,sem coordenadas | pendências da fonte,cadastur | google_maps | youtube | visitaltamira
atm_0016,Agência de Viagens E Turismo - Vip Turismo,empresa,Agência de viagens,passeios_agencias,"A entidade Vip Turismo em Altamira/PA é uma agência de viagens. O endereço mais completo encontrado é Av. Tancredo Neves, 2765 - Centro, Altamira - PA, 68372-590. O telefone é (93) 99150-3441 (Google Maps). Possui registro Cadastur ativo e necessita de reserva. As coordenadas foram obtidas via Google Maps.",Altamira,PA,Av. Tancredo Neves,2765,Centro,,,,(93) 99150-3441,,vipturismoatm@outlook.com,,,,,,Sim,Regular - Certificado: 24845613000198 (Operação) - Validade: 2026-12-18,https://cadastur.turismo.gov.br/,,revisado_com_pendencias,Revisar,sem coordenadas | pendências da fonte,cadastur | google_maps | youtube | visitaltamira | https://www.visitaltamira.com.br/pt/empresa/vip-turismo-altamira | https://www.locaisdobrasil.com.br/encontre/agencia-de-viagens/altamira-pa/vip-turismo/66d8b8fe70d3ea745b3bf13e
atm_0017,Amazontur,empresa,Agência de viagens,passeios_agencias,"Amazontur é uma agência de viagens localizada em Altamira, PA. O endereço é Selaria Mineira - R. 7 de Setembro, 1681 - Centro, Altamira - PA, 68371-000. O contato telefônico é (93) 3515-3713. As informações foram extraídas do Google Maps em 11/09/2026.",Altamira,PA,R. 7 de Setembro,1681,Centro,,"-3,2092552","-52,2137998",(93) 3515-3713,,,,,,,,,,https://www.google.com/maps/place/Amazontur/data=!4m7!3m6!1s0x9292386d6a236a3d:0x6c6ec906178d2216!8m2!3d-3.2092552!4d-52.2137998!16s%2Fg%2F1tglnzq6!19sChIJPWojam04kpIRFiKNFwbJbmw?authuser=0&hl=pt-BR&g_ep=EgoyMDI2MDkwOC4wIJJjKgBIAVAD&rclk=1,"https://www.google.com/maps?q=-3.2092552,-52.2137998",revisado,Apto para conferência final,,cadastur | google_maps | youtube | visitaltamira
atm_0018,Boa Esperança - Agencia Altamira - Term. Rodoviário,empresa,Agência de viagens,passeios_agencias,"Entidade turística consolidada: Boa Esperança - Agencia Altamira - Term. Rodoviário. É uma agência de viagens em Altamira/PA, localizada na Rua Luís Né da Silva - Perpétuo Socorro. Contatos e endereço verificados via Google Maps (2026-09-11). Telefone: (93) 99267-5278. Site: https://www.viajeboaesperanca.com.br/",Altamira,PA,R. Luís Né da Silva,,Perpétuo Socorro,,"-3,2057044","-52,2207975",(93) 99267-5278,,,https://www.viajeboaesperanca.com.br/,,,,,,,https://www.google.com/maps/place/Boa+Esperan%C3%A7a+-+Agencia+Altamira+-+Term.+Rodovi%C3%A1rio/data=!4m7!3m6!1s0x929239dddb1f4bc9:0xf61d2c02955c87cf!8m2!3d-3.2057044!4d-52.2207975!16s%2Fg%2F11h_ccw2zm!19sChIJyUsf2905kpIRz4dclQIsHfY?authuser=0&hl=pt-BR&g_ep=EgoyMDI2MDkwOC4wIJJjKgBIAVAD&rclk=1,"https://www.google.com/maps?q=-3.2057044,-52.2207975",revisado,Apto para conferência final,,cadastur | google_maps | youtube | visitaltamira
atm_0019,Cvc Altamira,empresa,Agência de viagens,passeios_agencias,"Consolidado para CVC Altamira, utilizando os dados da primeira ocorrência do Google Maps. A agência está localizada em Altamira/PA, com endereço na Av. Tancredo Neves, Centro. Contato: (93) 99194-0829.",Altamira,PA,Av. Tancredo Neves,2217,Centro,,"-3,2093665","-52,2149084",(93) 99194-0829,,,,,,,,,,https://www.google.com/maps/place/CVC+Altamira/data=!4m7!3m6!1s0x929239e214261b6b:0x77dd78a5d46a4102!8m2!3d-3.2093665!4d-52.2149084!16s%2Fg%2F11w7dsk9gl!19sChIJaxsmFOI5kpIRAkFq1KV43Xc?authuser=0&hl=pt-BR&g_ep=EgoyMDI2MDkwOC4wIJJjKgBIAVAD&rclk=1,"https://www.google.com/maps?q=-3.2093665,-52.2149084",revisado,Apto para conferência final,,cadastur | google_maps | youtube | visitaltamira
atm_0020,Encontre Sua Viagem,empresa,Agência de viagens,passeios_agencias,"Entidade turística consolidada: Encontre sua viagem, uma agência de viagens em Altamira/PA. Endereço: Tv. Deóclides de Almeida, n:407 - Brasília, Altamira - PA, 68375-070. Contato: (93) 99167-5490. Site: https://encontresuaviagem.com.br/consultores/diego-almeida-silva/. Coordenadas: -3.1956616, -52.2117867 (Fonte: google_maps, 2026-09-11).",Altamira,PA,"Tv. Deóclides de Almeida, N:407",,Brasília,,"-3,1956616","-52,2117867",(93) 99167-5490,,,https://encontresuaviagem.com.br/consultores/diego-almeida-silva/,,,,,,,https://www.google.com/maps/place/Encontre+sua+viagem/data=!4m7!3m6!1s0x92923925a49c1313:0x2773a04949267ce6!8m2!3d-3.1956616!4d-52.2117867!16s%2Fg%2F11vks9t6hy!19sChIJExOcpCU5kpIR5nwmSUmgcyc?authuser=0&hl=pt-BR&g_ep=EgoyMDI2MDkwOC4wIJJjKgBIAVAD&rclk=1,"https://www.google.com/maps?q=-3.1956616,-52.2117867",revisado,Apto para conferência final,,cadastur | google_maps | youtube | visitaltamira
atm_0021,Jbs Turismo,empresa,Agência de viagens,passeios_agencias,"JBS Turismo é uma agência de viagens localizada em Altamira, PA. O endereço é Av. Djalma Dutra, 1683 - Jardim Independente II. O contato telefônico é (93) 3515-1800. As coordenadas são -3.2133443, -52.217658 (Fonte: google_maps, 2026-09-11).",Altamira,PA,Av. Djalma Dutra,1683,Jardim Independente Ii,,"-3,2133443","-52,217658",(93) 3515-1800,,,,,,,,,,https://www.google.com/maps/place/JBS+Turismo/data=!4m7!3m6!1s0x929238388237b1ad:0x2bd3927e034b9265!8m2!3d-3.2133443!4d-52.217658!16s%2Fg%2F1tl7pst1!19sChIJrbE3gjg4kpIRZZJLA36S0ys?authuser=0&hl=pt-BR&g_ep=EgoyMDI2MDkwOC4wIJJjKgBIAVAD&rclk=1,"https://www.google.com/maps?q=-3.2133443,-52.217658",revisado,Apto para conferência final,,cadastur | google_maps | youtube | visitaltamira
atm_0022,Jj Tur Altamira,empresa,Agência de viagens,passeios_agencias,"A entidade JJ Tur Altamira foi consolidada usando dados do Google Maps (ID: google_maps:200:83aba5d8ae) e informações web verificadas (live_af1b0056f7). O nome é 'JJ Tur Altamira', classificada como Agência de viagens em Altamira/PA. O endereço é R. Luís Né da Silva - Sudam I, e o telefone principal é (93) 99217-5135. O site é http://www.jjturaltamira.com.br/ e os serviços incluem transporte rodoviário de passageiros, encomendas e cargas.",Altamira,PA,R. Luís Né da Silva,,Sudam I,,"-3,205776","-52,2209041",(93) 99217-5135,,,http://www.jjturaltamira.com.br/,,,"transporte rodoviário de passageiros, encomendas e cargas",,,,https://www.google.com/maps/place/Boa+Esperan%C3%A7a+-+Agencia+Altamira+-+Term.+Rodovi%C3%A1rio/data=!4m7!3m6!1s0x929239dddb1f4bc9:0xf61d2c02955c87cf!8m2!3d-3.2057044!4d-52.2207975!16s%2Fg%2F11h_ccw2zm!19sChIJyUsf2905kpIRz4dclQIsHfY?authuser=0&hl=pt-BR&g_ep=EgoyMDI2MDkwOC4wIJJjKgBIAVAD&rclk=1,"https://www.google.com/maps?q=-3.205776,-52.2209041",revisado_com_pendencias,Revisar,pendências da fonte,cadastur | google_maps | youtube | visitaltamira | https://www.jjtur.com.br/ | https://www.buscaonibus.com.br/horario/altamira/goiania
atm_0023,Paraíso Turismo Altamira,empresa,Agência de viagens,passeios_agencias,"Entidade turística consolidada: Paraíso Turismo Altamira, classificada como Agência de viagens (passeios_agencias). Localizada em Altamira/PA, no endereço Av. Djalma Dutra, 1630 ALTOS - APTO. 02 - Centro. Contato: (93) 99144-3111. Coordenadas: -3.2045439, -52.2114155 (Fonte: google_maps, 2026-09-11).",Altamira,PA,"Av. Djalma Dutra, 1630 Altos",,Centro,Apto. 02,"-3,2045439","-52,2114155",(93) 99144-3111,,,,,,,,,,https://www.google.com/maps/place/Para%C3%ADso+Turismo+Altamira/data=!4m7!3m6!1s0x92923931b30cf587:0xb783ab4366d13f57!8m2!3d-3.2045439!4d-52.2114155!16s%2Fg%2F11ybnm_yzh!19sChIJh_UMszE5kpIRVz_RZkOrg7c?authuser=0&hl=pt-BR&g_ep=EgoyMDI2MDkwOC4wIJJjKgBIAVAD&rclk=1,"https://www.google.com/maps?q=-3.2045439,-52.2114155",revisado_com_pendencias,Revisar,pendências da fonte,cadastur | google_maps | youtube | visitaltamira
atm_0024,Riverside Turismo,empresa,Agência de viagens,passeios_agencias,"Riverside Turismo é uma agência de viagens em Altamira/PA, localizada na Av. Djalma Dutra, 1804 - Premem. O contato é (93) 3515-2200. As coordenadas são -3.2058371, -52.2124446 (Fonte: google_maps:209:83aba5d8ae, 2026-09-11).",Altamira,PA,Av. Djalma Dutra,1804,Premem,,"-3,2058371","-52,2124446",(93) 3515-2200,,,,,,,,,,https://www.google.com/maps/place/Riverside+Turismo/data=!4m7!3m6!1s0x92923876b4c56b11:0x595dcf16cb40d269!8m2!3d-3.2058371!4d-52.2124446!16s%2Fg%2F1ptzf356r!19sChIJEWvFtHY4kpIRadJAyxbPXVk?authuser=0&hl=pt-BR&g_ep=EgoyMDI2MDkwOC4wIJJjKgBIAVAD&rclk=1,"https://www.google.com/maps?q=-3.2058371,-52.2124446",revisado,Apto para conferência final,,cadastur | google_maps | youtube | visitaltamira
atm_0025,Top Line Turismo,empresa,Agência de viagens,passeios_agencias,"A Top Line Turismo é uma agência de viagens em Altamira/PA. O endereço é Av. Djalma Dutra, 1783 - Centro. Contatos incluem telefone (93) 3515-3050 e e-mail contato@toplineturismo.com.br. O site é http://toplineturismo.com.br/. A empresa está cadastrada no Cadastur e necessita de reserva.",Altamira,PA,Av. Djalma Dutra,1783,Centro,,,,(93) 3515-3050,,contato@toplineturismo.com.br,http://toplineturismo.com.br/,,,,,Sim,Regular - Certificado: 03485317000153 (Operação) - Validade: 2027-08-21,https://visitaltamira.com.br/pt/empresa/topline-turismo,,revisado_com_pendencias,Revisar,sem coordenadas | pendências da fonte,cadastur | google_maps | youtube | visitaltamira | https://toplineturismo.com.br/contatos
atm_0026,Zanchettur,empresa,Agência de viagens,passeios_agencias,"Entidade turística Zanchettur, classificada como Agência de viagens e passeios_agencias. Localizada em Altamira/PA, no bairro Jardim Primavera. Endereço: 470, R. dos Jasmins, 254 - Jardim Primavera, Altamira - PA. Coordenadas: -3.1907846, -52.2063382 (Fonte: google_maps, 2026-09-11).",Altamira,PA,"470, R. Dos Jasmins",254,Jardim Primavera,,"-3,1907846","-52,2063382",,,,,,,,,,,https://www.google.com/maps/place/Zanchettur/data=!4m7!3m6!1s0x92923831399ddab9:0x1e2623726603780a!8m2!3d-3.1907846!4d-52.2063382!16s%2Fg%2F11b774hqds!19sChIJudqdOTE4kpIRCngDZnIjJh4?authuser=0&hl=pt-BR&g_ep=EgoyMDI2MDkwOC4wIJJjKgBIAVAD&rclk=1,"https://www.google.com/maps?q=-3.1907846,-52.2063382",revisado_com_pendencias,Revisar,sem contato | pendências da fonte,cadastur | google_maps | youtube | visitaltamira
atm_0027,Águia Branca Turismo,empresa,Agência de viagens,passeios_agencias,"Entidade consolidada como Águia Branca Turismo, agência de viagens em Altamira/PA. Endereço: Av. João Rodrigues, 1354 - Jardim Uirapuru, Altamira - PA, 68372-191. Contato: (93) 3515-7302. Site: https://www.aguiabranca.com.br/turismo. Coordenadas e dados baseados em fonte de 11/09/2026.",Altamira,PA,Av. João Rodrigues,1354,Jardim Uirapuru,,"-3,2111929","-52,214327",(93) 3515-7302,,,https://www.aguiabranca.com.br/turismo,,,,,,,https://www.google.com/maps/place/%C3%81guia+Branca+Turismo/data=!4m7!3m6!1s0x92923868ba2126e7:0x91a88366a63d692f!8m2!3d-3.2111929!4d-52.214327!16s%2Fg%2F1vzn6mzp!19sChIJ5yYhumg4kpIRL2k9pmaDqJE?authuser=0&hl=pt-BR&g_ep=EgoyMDI2MDkwOC4wIJJjKgBIAVAD&rclk=1,"https://www.google.com/maps?q=-3.2111929,-52.214327",revisado_com_pendencias,Revisar,pendências da fonte,cadastur | google_maps | youtube | visitaltamira | https://avaliacoesbrasil.com/agencia-de-viagens/joao-pessoa/aguia-turismo-alencar-e-gouvei/
atm_0028,Águia Norte Tur,empresa,Agência de viagens,,"A entidade turística 'Águia Norte tur' em Altamira/PA é uma agência de viagens. O endereço mais completo e com coordenadas é fornecido pelo Google Maps (Av. João Rodrigues, 1354 - Perpétuo Socorro). Contatos e cadastro (Cadastur) foram priorizados, apesar de haver divergências de nome e endereço entre fontes.",Altamira,PA,Av. João Rodrigues,1354,Perpétuo Socorro,,"-3,2064773","-52,2213402",(93)99172-3594,(93) 99172-3594,svanorte@gmail.com,,,,,,Sim,Regular - Certificado: 14571783000178 (Operação) - Validade: 2027-06-05,https://cadastur.turismo.gov.br/,"https://www.google.com/maps?q=-3.2064773,-52.2213402",revisado_com_pendencias,Revisar,pendências da fonte,cadastur | google_maps | youtube | visitaltamira | https://paginaamarela.com.br/empresa/aguia-branca-turismo/altamira/pa/11165895
atm_0029,Encontro Xingu,empresa,Agência de viagens a pontos turísticos,atrativos,"Entidade turística 'Encontro Xingu' em Altamira/PA. Prioriza dados do Google Maps para nome, endereço e coordenadas. Contatos e cadastro (Cadastur) foram usados para telefone, WhatsApp, email e status de reserva. O site do Google Maps foi selecionado como principal, mas o Cadastur fornece informações de registro mais completas.",Altamira,PA,R. José Granfo,4050,Jardim Independente I,,,,(93)99183-2690,(93) 99183-2690,solange@xinguriver.com.br,https://encontro-xingu.ueniweb.com/?utm_campaign=gmb,,,,,Sim,Regular - Certificado: 30727543000176 (Operação) - Validade: 2028-01-21,https://cadastur.turismo.gov.br/,,revisado,Revisar,sem coordenadas,cadastur | google_maps | youtube | visitaltamira
atm_0030,Porto Rico,empresa,Agência de viagens de ônibus,passeios_agencias,"Entidade turística identificada como Porto Rico, uma agência de viagens de ônibus em Altamira-PA. O endereço é R. Luís Né da Silva - Sudam II, e o contato principal é (93) 99247-5620. As coordenadas e a categoria foram verificadas via Google Maps.",Altamira,PA,R. Luís Né da Silva,,Sudam Ii,,"-3,2057803","-52,221023",(93) 99247-5620,,,,,,,,,,https://www.google.com/maps/place/Porto+Rico/data=!4m7!3m6!1s0x9292393bec5d9b41:0xfdd6a14bb2f01587!8m2!3d-3.2057803!4d-52.221023!16s%2Fg%2F11kjpjj4rp!19sChIJQZtd7Ds5kpIRhxXwskuh1v0?authuser=0&hl=pt-BR&g_ep=EgoyMDI2MDkwOC4wIJJjKgBIAVAD&rclk=1,"https://www.google.com/maps?q=-3.2057803,-52.221023",revisado,Apto para conferência final,,cadastur | google_maps | youtube | visitaltamira | https://www.viacaoportorico.com.br/
atm_0031,Sr & Sra Sambrano Agência de Viagens,empresa,Agência de viagens de ônibus,passeios_agencias,"Entidade consolidada para Sr & Sra Sambrano Agência de Viagens, localizada em Altamira/PA. A categoria principal é Agência de viagens de ônibus. Endereço: R. Luís Né da Silva - Sudam I, Altamira - PA, 68371-363. Telefone: (93) 99247-5620. Coordenadas: Lat -3.2041183, Lon -52.2178537. Não há horário de funcionamento confirmado.",Altamira,PA,R. Luís Né da Silva,,Sudam I,,"-3,2041183","-52,2178537",(93) 99247-5620,,,,,,,,,,https://www.google.com/maps/place/Sr+%26+Sra+Sambrano+Ag%C3%AAncia+de+Viagens/data=!4m7!3m6!1s0x929239247e5ce0fb:0x38d74984824e90fc!8m2!3d-3.2041183!4d-52.2178537!16s%2Fg%2F11s993jdny!19sChIJ--BcfiQ5kpIR_JBOgoRJ1zg?authuser=0&hl=pt-BR&g_ep=EgoyMDI2MDkwOC4wIJJjKgBIAVAD&rclk=1,"https://www.google.com/maps?q=-3.2041183,-52.2178537",revisado_com_pendencias,Revisar,pendências da fonte,cadastur | google_maps | youtube | visitaltamira | https://avaliacoesbrasil.com/agencia-de-viagens/rio-de-janeiro/turistando-rj-agencia-de-turis/?view_reviews=yy | https://avaliacoesbrasil.com/agencia-de-viagens/rio-de-janeiro/ely-s-tour-agencia-de-viagens-/
atm_0032,Viação Ouro E Prata Sala Vip,empresa,Agência de viagens de ônibus,passeios_agencias,"Entidade consolidada como VIAÇÃO OURO E PRATA SALA VIP em Altamira/PA. Endereço: R. Luís Né da Silva - Sudam I, com telefone (93) 99218-8580 e site no Instagram. A categoria principal é Agência de viagens de ônibus.",Altamira,PA,R. Luís Né da Silva,,Sudam I,,"-3,2057233","-52,2203562",(93) 99218-8580,,,https://www.instagram.com/ouroeprataaltamira?igsh=ZnhldnFzb3JiYWY2,,,,,,,https://www.google.com/maps/place/VIA%C3%87%C3%83O+OURO+E+PRATA+SALA+VIP/data=!4m7!3m6!1s0x9292394c9c0a3287:0xc0f2793c5ac6763!8m2!3d-3.2057233!4d-52.2203562!16s%2Fg%2F11zh9_3w6m!19sChIJhzIKnEw5kpIRY2esxZMnDww?authuser=0&hl=pt-BR&g_ep=EgoyMDI2MDkwOC4wIJJjKgBIAVAD&rclk=1,"https://www.google.com/maps?q=-3.2057233,-52.2203562",revisado_com_pendencias,Revisar,pendências da fonte | possível duplicidade,cadastur | google_maps | youtube | visitaltamira
atm_0033,Astur,empresa,Agências de Viagens,,"A entidade ASTUR é uma Agência de Viagens em Altamira/PA, registrada no Cadastur (ID: cadastur:122:6b7236cb4b). O endereço é Agrário Cavalcante 177, Centro. Contatos: Tel: (93)99208-0262, WhatsApp: +5593992080262, Email: aline-atm2010@hotmail.com. Necessita reserva e possui cadastro ativo até 2028-05-27.",Altamira,PA,Agrário Cavalcante 177 Altamira Centro Cep: 68371005 Pa,,Centro,,,,(93)99208-0262,(93) 99208-0262,aline-atm2010@hotmail.com,,,,,,Sim,Regular - Certificado: 49993388000168 (Operação) - Validade: 2028-05-27,https://cadastur.turismo.gov.br/,,revisado,Revisar,sem coordenadas,cadastur | google_maps | youtube | visitaltamira | https://www.turismoasturias.es/organiza-tu-viaje/deporte-y-aventura/aventura/astur-paintball
atm_0034,Azul Viagens Altamira,empresa,Agências de Viagens,,"Azul Viagens Altamira é uma agência de viagens em Altamira-PA. O endereço mais completo é Av. Djalma Dutra, 2051 - C - Centro, Altamira - PA, 68371-163 (google_maps). Contatos incluem telefone (93) 99171-4034 e WhatsApp (visitaltamira). Possui Instagram e horário de funcionamento (via web_verificada). Coordenadas e dados de contato são priorizados da fonte 'visitaltamira' e 'google_maps'.",Altamira,PA,Av. Djalma Dutra,2051,Centro,C,"-3,207736","-52,213633",(93) 99171-4034,(93) 99171-4034,,,https://www.instagram.com/azulviagensaltamira/,,,,,,https://visitaltamira.com.br/pt/empresa/azul-viagens-altamira,"https://www.google.com/maps?q=-3.207736,-52.213633",revisado,Apto para conferência final,,cadastur | google_maps | youtube | visitaltamira | https://www.panrotas.com.br/mercado/operadoras/2025/07/azul-viagens-abre-primeira-loja-em-altamira-pa_219918.html
atm_0035,Bubure Agencia de Viagens,empresa,Agências de Viagens,Empresário Individual,"A entidade BUBURE AGENCIA DE VIAGENS é uma agência de viagens em Altamira/PA, registrada no Cadastur (Fonte: cadastur, 2026-09-11). Possui endereço na Av. Perimetral, telefone (93)99126-9095, WhatsApp (+5593991269095), e site https://www.bubure.com.br. É necessário fazer reserva para serviços.",Altamira,PA,Avenida Perimetral de,1,Até 1770/1771 Altamira Sudam I Cep: 68371286 Pa,Até 1771,,,(93)99126-9095,(93) 99126-9095,frank.bubure.altamira@gmail.com,https://www.bubure.com.br,,,,,Sim,Regular - Certificado: 23634808000126 (Operação) - Validade: 2028-03-06,https://cadastur.turismo.gov.br/,,revisado_com_pendencias,Revisar,sem coordenadas | pendências da fonte,cadastur | google_maps | youtube | visitaltamira | https://cnpj.biz/23634808000126
atm_0036,Classe Master Viagens,empresa,Agências de Viagens,Empresário Individual,"CLASSE MASTER VIAGENS é uma agência de viagens (Empresário Individual) em Altamira/PA. O registro Cadastur é Regular (Operação) até 2027-12-02. Contato: (94)9214-4442, email: MAURICIOTEIXEIRA2013@HOTMAIL.COM. Endereço: Rua Raimundo Corrêa 271 / CASA 05 Altamira Jardim Independente II. Necessita reserva.",Altamira,PA,Rua Raimundo Corrêa,271,/ Casa 05 Altamira Jardim Independente Ii Cep: 68372330 Pa,,,,(94)9214-4442,,MAURICIOTEIXEIRA2013@HOTMAIL.COM,,,,,,Sim,Regular - Certificado: 63629333000102 (Operação) - Validade: 2027-12-02,https://cadastur.turismo.gov.br/,,revisado_com_pendencias,Revisar,sem coordenadas | pendências da fonte,cadastur | google_maps | youtube | visitaltamira
atm_0037,Cvc Viagens,empresa,Agências de Viagens,passeios_agencias,"Entidade consolidada para CVC Viagens em Altamira/PA. Utiliza o endereço da fonte Google Maps e os contatos/redes sociais da Visita Altamira. A categoria principal é Agências de Viagens. Pendência: Coordenadas e telefone de fontes diferentes, mas foram priorizadas as opções mais completas/específicas.",Altamira,PA,Av. Tancredo Neves,2217,Centro,,"-3,209285","-52,215026",(93) 99194-0829,(93) 99194-0829,,,https://www.instagram.com/cvc.pa.altamira/,,,,,,https://visitaltamira.com.br/pt/empresa/cvc-viagens,"https://www.google.com/maps?q=-3.209285,-52.215026",revisado_com_pendencias,Revisar,pendências da fonte,cadastur | google_maps | youtube | visitaltamira
atm_0038,Destino Tur,empresa,Agências de Viagens,Sociedade Empresária Limitada,"DESTINO TUR é uma agência de viagens em Altamira/PA, registrada no Cadastur (Regular). O endereço é Av. Presidente Tancredo de Almeida Neves 2524, Centro. Contatos: Tel (93)99172-1808 e WhatsApp +5593991721808. Possui e-mail e necessita de reserva. (Fonte: cadastur:117:6b7236cb4b, 2026-09-11)",Altamira,PA,Avenida Presidente Tancredo de Almeida Neves,2524,Altamira Centro Cep: 68372590 Pa,,,,(93)99172-1808,(93) 99172-1808,destinoturviagens@hotmail.com,,,,,,Sim,Regular - Certificado: 17806974000160 (Operação) - Validade: 2027-01-31,https://cadastur.turismo.gov.br/,,revisado_com_pendencias,Revisar,sem coordenadas | pendências da fonte,cadastur | google_maps | youtube | visitaltamira | https://www.blablacar.com.br/bus/stations/altamira-pa
atm_0039,Ideal Turismo,empresa,Agências de Viagens,Sociedade Empresária Limitada,"IDEAL TURISMO é uma agência de viagens em Altamira/PA, registrada no Cadastur (Regular, até 2026-12-20). O endereço é Agrário Cavalcante 479 - Loja F - Sala 01, Centro. Contato: (93)3515-3441, administrativo@idealturismoatm.com.br. Site: https://WWW.IDEALATM.COM.BR. Necessita reserva.",Altamira,PA,Agrário Cavalcante,479,Sala 01 Altamira Centro Cep: 68371159 Pa,Loja F,,,(93)3515-3441,,administrativo@idealturismoatm.com.br,https://WWW.IDEALATM.COM.BR,,,,,Sim,Regular - Certificado: 03828649000193 (Operação) - Validade: 2026-12-20,https://cadastur.turismo.gov.br/,,revisado_com_pendencias,Revisar,sem coordenadas | pendências da fonte,cadastur | google_maps | youtube | visitaltamira
atm_0040,Lucia Tour Excurssões E Turismo,empresa,Agências de Viagens,Empresário Individual,"LUCIA TOUR EXCURSSÕES E TURISMO é uma agência de viagens em Altamira/PA, registrada no Cadastur (Regular, válido até 2028-01-22). O endereço é Rua Pimenta (Lot S Joaquim) e o contato é (93)9127-5910. É necessário fazer reserva e o e-mail é SALLESMLC03@GMAIL.COM.",Altamira,PA,Rua Pimenta (Lot S Joaquim) Altamira Jardim Altamira Cep:,68376659,Pa,,,,(93)9127-5910,,SALLESMLC03@GMAIL.COM,,,,,,Sim,Regular - Certificado: 60194190000157 (Operação) - Validade: 2028-01-22,https://cadastur.turismo.gov.br/,,revisado_com_pendencias,Revisar,sem coordenadas | pendências da fonte,cadastur | google_maps | youtube | visitaltamira
atm_0041,M P Turismo,empresa,Agências de Viagens,,"A entidade M P TURISMO é uma agência de viagens registrada no Cadastur (ID: cadastur:130:6b7236cb4b), com situação regular em Altamira/PA. O endereço é Djalma Dutra, Centro, e possui telefone (93)99171-4034 e WhatsApp +5593991714034. É necessário fazer reserva e o e-mail cadastrado é GRABORSSATO@HOTMAIL.COM.",Altamira,PA,Djalma Dutra  Altamira Centro Cep: 68371163 Pa,,Centro,,,,(93)99171-4034,(93) 99171-4034,GRABORSSATO@HOTMAIL.COM,,,,,,Sim,Regular - Certificado: 61112425000187 (Operação) - Validade: 2027-06-18,https://cadastur.turismo.gov.br/,,revisado,Revisar,sem coordenadas,cadastur | google_maps | youtube | visitaltamira | https://www.econodata.com.br/consulta-empresa/02716392000204-mp-transporte-viagens-e-turismo-ltda
atm_0042,Mary Travel & Tour,empresa,Agências de Viagens,Empresário Individual,"MARY TRAVEL & TOUR é uma agência de viagens em Altamira/PA, registrada no Cadastur (Fonte: cadastur, Data: 2026-09-11). O endereço é Jasmelinda Ferreira de Carvalho 362 Campo Grande Vila Manoel Taveira CEP: 79115400 MS. Contato: (67)9314-4156 e email: RIVALDODAPAZ16@GMAIL.COM. Necessita reserva e está regular no cadastro.",Altamira,PA,Jasmelinda Ferreira de Carvalho 362 Campo Grande Vila Manoel Taveira Cep: 79115400 Ms,,,,,,(67)9314-4156,,RIVALDODAPAZ16@GMAIL.COM,,,,,,Sim,Regular - Certificado: 50735766000192 (Operação) - Validade: 2028-06-16,https://cadastur.turismo.gov.br/,,revisado_com_pendencias,Revisar,sem coordenadas | pendências da fonte,cadastur | google_maps | youtube | visitaltamira
atm_0043,Nortetur,empresa,Agências de Viagens,,"A NORTETUR é uma agência de viagens em Altamira/PA, registrada no Cadastur (ID: cadastur:113:6b7236cb4b). O endereço é Rua Lucindo Câmara, 4603, e o contato principal é (91)99310-4343. Possui e-mail e necessita de reserva. As informações são baseadas no registro do Cadastur (2026-09-11).",Altamira,PA,Rua Lucindo Câmara,4603,Altamira Ibiza Cep: 68372064 Pa,,,,(91)99310-4343,(91) 99310-4343,nortetur.contratos@outlook.com,,,,,,Sim,Regular - Certificado: 05570254000320 (Operação) - Validade: 2028-02-20,https://cadastur.turismo.gov.br/,,revisado_com_pendencias,Revisar,sem coordenadas | pendências da fonte,cadastur | google_maps | youtube | visitaltamira | https://www.econodata.com.br/consulta-empresa/05570254000320-norte-turismo-ltda | https://basecnpj.com.br/empresa/norte-turismo-ltda-05570254000320
atm_0044,Nrm Viagens,empresa,Agências de Viagens,Sociedade Empresária Limitada,"NRM VIAGENS é uma agência de viagens em Altamira/PA, registrada no Cadastur (Fonte: cadastur, Data: 2026-09-11). O endereço é Goiânia (Lot Altaville) Altamira Alberto Soares, com telefone (42)9922-4122 e e-mail NRMVIAGENS@GMAIL.COM. A empresa está regular e necessita de reserva.",Altamira,PA,Goiânia (Lot Altaville) Altamira Alberto Soares Cep: 68376055 Pa,,,,,,(42)9922-4122,,NRMVIAGENS@GMAIL.COM,,,,,,Sim,Regular - Certificado: 59660616000131 (Operação) - Validade: 2027-02-26,https://cadastur.turismo.gov.br/,,revisado_com_pendencias,Revisar,sem coordenadas | pendências da fonte,cadastur | google_maps | youtube | visitaltamira
atm_0045,Poroc Grup Altamira,empresa,Agências de Viagens,Sociedade Empresária Limitada,"POROC GRUP ALTAMIRA é uma agência de viagens em Altamira/PA, registrada no Cadastur (Fonte: cadastur, 2026-09-11). O endereço é Presidente Tancredo de Almeida Neves, Centro. Contatos: Tel: (93)99194-0829, WhatsApp: +5593991940829, Email: RECEPTIVO@POROCTURISMO.COM.BR. O site é https://www.porocturismo.com.br. Necessita reserva e está regular no Cadastur até 2027-08-25.",Altamira,PA,Presidente Tancredo de Almeida Neves  Altamira Centro Cep: 68372590 Pa,,Centro,,,,(93)99194-0829,(93) 99194-0829,RECEPTIVO@POROCTURISMO.COM.BR,https://www.porocturismo.com.br,,,,,Sim,Regular - Certificado: 56481410000156 (Operação) - Validade: 2027-08-25,https://cadastur.turismo.gov.br/,,revisado,Revisar,sem coordenadas,cadastur | google_maps | youtube | visitaltamira
atm_0046,Receptivo Xingu Tur,empresa,Agências de Viagens,Sociedade Empresária Limitada,"RECEPTIVO XINGU TUR é uma agência de turismo em Altamira/PA, registrada no Cadastur (Regular). Possui endereço em Centro, telefone (93) 3915-2964 e WhatsApp +5593988113115. É necessário fazer reserva. Fonte principal: cadastur:118:6b7236cb4b.",Altamira,PA,Anchieta  Altamira Centro Cep: 68371195 Pa,,Centro,,,,(93)3915-2964,(93) 98811-3115,deivison_casanova@hotmail.com,,,,,,Sim,Regular - Certificado: 18813108000169 (Operação) - Validade: 2027-06-26,https://cadastur.turismo.gov.br/,,revisado_com_pendencias,Revisar,sem coordenadas | pendências da fonte,cadastur | google_maps | youtube | visitaltamira | https://hotelcasanovaaltamira.com.br/turismo-em-altamira
atm_0047,Topline Turismo,empresa,Agências de Viagens,,"Topline Turismo é uma agência de viagens em Altamira/PA, com registro Cadastur ativo até 2027-08-21. O endereço é Djalma Dutra 1783, Centro. Contatos incluem telefone (93)3515-3050, email contato@toplineturismo.com.br e site https://www.toplineturismo.com.br. Possui WhatsApp e Instagram verificados pela fonte Visita Altamira.",Altamira,PA,Djalma Dutra 1783 Altamira Centro Cep: 68371163 Pa,,Centro,,,,(93)3515-3050,,contato@toplineturismo.com.br,https://www.toplineturismo.com.br,,,,,Sim,Regular - Certificado: 03485317000153 (Operação) - Validade: 2027-08-21,https://visitaltamira.com.br/pt/empresa/topline-turismo,,revisado_com_pendencias,Revisar,sem coordenadas | pendências da fonte,cadastur | google_maps | youtube | visitaltamira
atm_0048,Vip Turismo Altamira,empresa,Agências de Viagens,Sociedade Empresária Limitada,"A entidade VIP Turismo em Altamira/PA é uma agência de viagens, com registro Cadastur ativo (2026-12-18). O endereço principal é Agrário Cavalcante 479, Centro. Contatos incluem telefone (93)35151-3441 e e-mail vipturismoatm@outlook.com. Possui WhatsApp e Instagram verificados pela fonte Visita Altamira. Necessita reserva.",Altamira,PA,Agrário Cavalcante  479  Loja F Altamira Centro Cep: 68371159 Pa,,Centro,,,,(93)35151-3441,,vipturismoatm@outlook.com,,,,,,Sim,Regular - Certificado: 24845613000198 (Operação) - Validade: 2026-12-18,https://visitaltamira.com.br/pt/empresa/vip-turismo-altamira,,revisado_com_pendencias,Revisar,sem coordenadas | pendências da fonte,cadastur | google_maps | youtube | visitaltamira | https://cnpj.biz/24845613000198
atm_0049,Vortex Passagens,empresa,Agências de Viagens,Empresário Individual,"VORTEX PASSAGENS é uma agência de viagens em Altamira/PA, registrada no Cadastur (Fonte: cadastur, Data: 2026-09-11). O endereço é Avenida Circulaçao Perimetral 1308. Contato: (93)9186-7544 e email: VERTEXPASSAGENS@GMAIL.COM. Necessita reserva e está regular em operação.",Altamira,PA,Avenida Circulaçao Perimetral,1308,Altamira Bela Vista Cep: 68374704 Pa,,,,(93)9186-7544,,VERTEXPASSAGENS@GMAIL.COM,,,,,,Sim,Regular - Certificado: 65089244000138 (Operação) - Validade: 2028-02-24,https://cadastur.turismo.gov.br/,,revisado_com_pendencias,Revisar,sem coordenadas | pendências da fonte,cadastur | google_maps | youtube | visitaltamira
atm_0050,Wtm Viagens & Experiencias,empresa,Agências de Viagens,Sociedade Empresária Limitada,"WTM VIAGENS & EXPERIENCIAS é uma agência de viagens em Altamira/PA. Possui registro Cadastur ativo até 2027-07-04. O contato é (93)9976-1471 e o e-mail é WILMARIBEIRO0202@GMAIL.COM. O endereço é Rua acesso três 870, Jardim Independente I. Necessita reserva.",Altamira,PA,Rua Acesso Três,870,Altamira Jardim Independente I Cep: 68372690 Pa,,,,(93)9976-1471,,WILMARIBEIRO0202@GMAIL.COM,,,,,,Sim,Regular - Certificado: 59765999000102 (Operação) - Validade: 2027-07-04,https://cadastur.turismo.gov.br/,,revisado_com_pendencias,Revisar,sem coordenadas | pendências da fonte,cadastur | google_maps | youtube | visitaltamira
atm_0051,Xingu River Viagens E Turismo,empresa,Agências de Viagens,passeios_agencias,"Entidade consolidada como Xingu River Viagens e Turismo, agência de turismo em Altamira/PA. O endereço é R. Anchieta, 2296 - Sl B - Centro. Contatos incluem telefone (93) 99183-2690 e WhatsApp via link. Possui site e Instagram. As coordenadas e o nome foram priorizados da fonte Visita Altamira, complementando com dados do Google Maps.",Altamira,PA,R. Anchieta,2296,Centro,Sl B,"-3,203586","-52,213423",(93) 99183-2690,,,http://xinguriver.com.br/,https://www.instagram.com/axinguteleva/,,,,,,https://visitaltamira.com.br/pt/empresa/xingu-river-viagens-e-turismo,"https://www.google.com/maps?q=-3.203586,-52.213423",revisado,Apto para conferência final,,cadastur | google_maps | youtube | visitaltamira
atm_0052,Frutaria E Peixaria,empresa,Alimentação,alimentacao,"Entidade 'Frutaria e Peixaria' em Altamira/PA, classificada como Alimentação. O endereço é Av. Bom Jesus - Mutirão, e as coordenadas são -3.1863933, -52.210035 (Fonte: google_maps, 2026-09-11). Todas as informações foram extraídas de uma única fonte verificada.",Altamira,PA,Av. Bom Jesus,,Mutirão,,"-3,1863933","-52,210035",,,,,,,,,,,https://www.google.com/maps/place/Frutaria+e+Peixaria/data=!4m7!3m6!1s0x9292383526c3874b:0x53ecd7e9154908bc!8m2!3d-3.1863933!4d-52.210035!16s%2Fg%2F11l65zmrjt!19sChIJS4fDJjU4kpIRvAhJFenX7FM?authuser=0&hl=pt-BR&g_ep=EgoyMDI2MDkwOC4wIJJjKgBIAVAD&rclk=1,"https://www.google.com/maps?q=-3.1863933,-52.210035",revisado,Revisar,sem contato,cadastur | google_maps | youtube | visitaltamira
atm_0053,Peixaria Pague Menos,empresa,Alimentação,alimentacao,"Entidade turística consolidada: PEIXARIA PAGUE MENOS, classificada como Alimentação. Localizada em Altamira/PA, no bairro Bela Vista. O endereço completo é R. Pinheiro, 3156 - Bela Vista, Altamira - PA, 68374-744. Coordenadas e dados extraídos do Google Maps (2026-09-11).",Altamira,PA,R. Pinheiro,3156,Bela Vista,,"-3,2108302","-52,2356212",,,,,,,,,,,https://www.google.com/maps/place/PEIXARIA+PAGUE+MENOS/data=!4m7!3m6!1s0x929238887737b95f:0xfbc8acd94e222418!8m2!3d-3.2108302!4d-52.2356212!16s%2Fg%2F11vhqfcwjr!19sChIJX7k3d4g4kpIRGCQiTtmsyPs?authuser=0&hl=pt-BR&g_ep=EgoyMDI2MDkwOC4wIJJjKgBIAVAD&rclk=1,"https://www.google.com/maps?q=-3.2108302,-52.2356212",revisado_com_pendencias,Revisar,sem contato | pendências da fonte,cadastur | google_maps | youtube | visitaltamira
atm_0054,Peixaria & Mercearia Bacelar,empresa,Alimentação,alimentacao,"Peixaria & Mercearia Bacelar é uma alimentação localizada em Altamira/PA. O endereço é R. Sabugueira, 2096 - Jardim Altamira. As coordenadas são -3.1958862, -52.227312 (Fonte: google_maps, 2026-09-11).",Altamira,PA,R. Sabugueira,2096,Jardim Altamira,,"-3,1958862","-52,227312",,,,,,,,,,,https://www.google.com/maps/place/Peixaria+%26+Mercearia+Bacelar/data=!4m7!3m6!1s0x9292385a3973be9f:0xedad27c461c8cd7b!8m2!3d-3.1958862!4d-52.227312!16s%2Fg%2F11vhqfdqf9!19sChIJn75zOVo4kpIRe83IYcQnre0?authuser=0&hl=pt-BR&g_ep=EgoyMDI2MDkwOC4wIJJjKgBIAVAD&rclk=1,"https://www.google.com/maps?q=-3.1958862,-52.227312",revisado_com_pendencias,Revisar,sem contato | pendências da fonte,cadastur | google_maps | youtube | visitaltamira
atm_0055,Peixaria Evelin,empresa,Alimentação,alimentacao,"Consolidado para Peixaria Evelin, utilizando os dados da ocorrência mais específica (google_maps:341:83aba5d8ae). A peixaria está localizada em Altamira/PA, com endereço em R. Osório de Freitas, 2266, e telefone (93) 99181-8035. A categoria principal é Alimentação, e o site associado é o de Canva.",Altamira,PA,R. Osório de Freitas,2266,Brasília,,"-3,1985027","-52,2110675",,,,,,,,,,,https://www.google.com/maps/place/Peixaria+em+Altamira%2FPa+-+Cabana+do+Castanha/data=!4m7!3m6!1s0x92923755a05b054f:0x2a68b3c645bfed58!8m2!3d-3.2100607!4d-52.1396584!16s%2Fg%2F11rzsyd1l1!19sChIJTwVboFU3kpIRWO2_RcazaCo?authuser=0&hl=pt-BR&g_ep=EgoyMDI2MDkwOC4wIJJjKgBIAVAD&rclk=1,"https://www.google.com/maps?q=-3.1985027,-52.2110675",revisado_com_pendencias,Revisar,sem contato | pendências da fonte,cadastur | google_maps | youtube | visitaltamira
atm_0056,Ct Arena Xingu,empresa,Atrativo Turístico,atrativos,"A entidade CT Arena Xingu foi consolidada usando os dados mais específicos (ID: google_maps:425:83aba5d8ae). O nome é 'CT Arena Xingu', classificado como Atrativo Turístico em Altamira-PA. O endereço é R. Me. Tereza de Calcutá - Esplanada do Xingu, e o site é o do Instagram do Xingu Contest (google_maps:423:83aba5d8ae|site). Foi priorizado o telefone de outra fonte (google_maps:423:83aba5d8ae|telefone) por não haver um específico para a unidade principal.",Altamira,PA,R. Me. Tereza de Calcutá,,Esplanada do Xingu,,"-3,213104","-52,2153733",(85) 99993-5393,,,https://www.instagram.com/xingucontest,,,,,,,https://www.google.com/maps/place/Xingu+Contest+Fisiculturismo/data=!4m7!3m6!1s0x9292399a9e32b4fb:0x7b6fea16e14e6b6!8m2!3d-3.1965018!4d-52.2120012!16s%2Fg%2F11t1h46fzw!19sChIJ-7Qynpo5kpIRtuYUbqH-tgc?authuser=0&hl=pt-BR&g_ep=EgoyMDI2MDkwOC4wIJJjKgBIAVAD&rclk=1,"https://www.google.com/maps?q=-3.213104,-52.2153733",revisado_com_pendencias,Revisar,pendências da fonte,cadastur | google_maps | youtube | visitaltamira
atm_0057,Maná Racóes Artigos de Caça & Pesca,empresa,Atrativo Turístico,atrativos,"Entidade turística 'Maná Racóes Artigos De Caça & Pesca' em Altamira/PA. O endereço é Av. Brg. Eduardo Gomes, 2929 - Esplanada do Xingu. A categoria principal é 'Atrativo Turístico', com coordenadas e dados completos fornecidos pelo Google Maps (2026-09-11).",Altamira,PA,Av. Brg. Eduardo Gomes,2929,Esplanada do Xingu,,"-3,2156793","-52,215892",,,,,,,,,,,https://www.google.com/maps/place/Man%C3%A1+Rac%C3%B3es+Artigos+De+Ca%C3%A7a+%26+Pesca/data=!4m7!3m6!1s0x929238744516da59:0xcc892d6ae2346ec7!8m2!3d-3.2156793!4d-52.215892!16s%2Fg%2F11mdhxqjr0!19sChIJWdoWRXQ4kpIRx2404moticw?authuser=0&hl=pt-BR&g_ep=EgoyMDI2MDkwOC4wIJJjKgBIAVAD&rclk=1,"https://www.google.com/maps?q=-3.2156793,-52.215892",revisado,Revisar,sem contato,cadastur | google_maps | youtube | visitaltamira
atm_0058,Cachoeira do Rebojo,ponto_turistico,Atração turística,atrativos,"Entidade turística 'Cachoeira do Rebojo' em Altamira/PA. A categoria principal é 'Atração turística', com a localização e endereço fornecidos pelo Google Maps (2026-09-11). Coordenadas: -3.3540211, -52.1961425.",Altamira,PA,Jrw3+9G -,,,,"-3,3540211","-52,1961425",,,,,,,,,,,https://www.google.com/maps/place/Cachoeira+do+Rebojo/data=!4m7!3m6!1s0x92925b005b553c1b:0xf6ee02358dcadbf4!8m2!3d-3.3540211!4d-52.1961425!16s%2Fg%2F11wtddj19f!19sChIJGzxVWwBbkpIR9NvKjTUC7vY?authuser=0&hl=pt-BR&g_ep=EgoyMDI2MDkwOC4wIJJjKgBIAVAD&rclk=1,"https://www.google.com/maps?q=-3.3540211,-52.1961425",revisado,Revisar,sem contato,cadastur | google_maps | youtube | visitaltamira
atm_0059,Chácara Almeida Leal,empresa,Atração turística,atrativos,"A entidade turística é a Chácara Almeida Leal, localizada em Altamira, PA. O endereço registrado é na Rodovia Magalhães Barata - Liberdade, e a categoria principal é Atração turística. As coordenadas são -3.1461513, -52.2275324 (Fonte: google_maps:499:83aba5d8ae, 2026-09-11). Foi priorizada a opção com o nome completo e a categoria mais adequada.",Altamira,PA,Rodovia Magalhães Barata,,Liberdade,,"-3,1461513","-52,2275324",,,,,,,,,,,https://www.google.com/maps/place/Ch%C3%A1cara/data=!4m7!3m6!1s0x929239006c4d5dc9:0x3cbd3eb3b0bfa80c!8m2!3d-3.1696292!4d-52.2232823!16s%2Fg%2F11z65h3qjc!19sChIJyV1NbAA5kpIRDKi_sLM-vTw?authuser=0&hl=pt-BR&g_ep=EgoyMDI2MDkwOC4wIJJjKgBIAVAD&rclk=1,"https://www.google.com/maps?q=-3.1461513,-52.2275324",revisado,Revisar,sem contato,cadastur | google_maps | youtube | visitaltamira
atm_0060,Igarapé Cupiúba,empresa,Atração turística,atrativos,"Entidade turística Igarapé Cupiúba, localizada em Altamira/PA. O endereço é VQ3C+PQ - Altamira, PA, 68371-278. Coordenadas: -3.2066801, -52.2169664. Fonte: google_maps (2026-09-11).",Altamira,PA,Vq3c+Pq -,,,,"-3,2066801","-52,2169664",,,,,,,,,,,https://www.google.com/maps/place/Igarap%C3%A9+Cupi%C3%BAba/data=!4m7!3m6!1s0x9292390f82618f83:0xc35efe8ee08a10a4!8m2!3d-3.2066801!4d-52.2169664!16s%2Fg%2F11vc044b8g!19sChIJg49hgg85kpIRpBCK4I7-XsM?authuser=0&hl=pt-BR&g_ep=EgoyMDI2MDkwOC4wIJJjKgBIAVAD&rclk=1,"https://www.google.com/maps?q=-3.2066801,-52.2169664",revisado,Revisar,sem contato,cadastur | google_maps | youtube | visitaltamira
atm_0061,Letreiro Eu Amo Altamira,empresa,Atração turística,atrativos,"Entidade turística 'Letreiro Eu Amo Altamira' em Altamira-PA. O local é classificado como atração turística, com endereço em Centro, Altamira - PA, e coordenadas geográficas fornecidas pelo Google Maps (Fonte: google_maps:12:83aba5d8ae). Não há informações de contato ou horário de funcionamento confirmados para a unidade principal.",Altamira,PA,Centro,,,,"-3,2102332","-52,2093105",,,,,,,,,,,https://www.google.com/maps/place/Letreiro+Eu+Amo+Altamira/data=!4m7!3m6!1s0x92923931288435c9:0x85b08f603cc8fc35!8m2!3d-3.2102332!4d-52.2093105!16s%2Fg%2F11s5kvtdx0!19sChIJyTWEKDE5kpIRNfzIPGCPsIU?authuser=0&hl=pt-BR&g_ep=EgoyMDI2MDkwOC4wIJJjKgBIAVAD&rclk=1,"https://www.google.com/maps?q=-3.2102332,-52.2093105",revisado_com_pendencias,Revisar,sem contato | pendências da fonte,cadastur | google_maps | youtube | visitaltamira
atm_0062,Monumento Dos Imigrantes,empresa,Atração turística,atrativos,"Entidade turística 'MONUMENTO DOS IMIGRANTES' em Altamira/PA. Endereço: Av. Tancredo Neves - Jardim Independente II, Altamira - PA, 68371-400. Coordenadas: Lat -3.2149414, Lon -52.2190657. Fonte: google_maps (2026-09-11).",Altamira,PA,Av. Tancredo Neves,,Jardim Independente Ii,,"-3,2149414","-52,2190657",,,,,,,,,,,https://www.google.com/maps/place/MONUMENTO+DOS+IMIGRANTES/data=!4m7!3m6!1s0x92923905889c56fd:0xb819033edf93d474!8m2!3d-3.2149414!4d-52.2190657!16s%2Fg%2F11ny0wrxqp!19sChIJ_VaciAU5kpIRdNST3z4DGbg?authuser=0&hl=pt-BR&g_ep=EgoyMDI2MDkwOC4wIJJjKgBIAVAD&rclk=1,"https://www.google.com/maps?q=-3.2149414,-52.2190657",revisado,Revisar,sem contato,cadastur | google_maps | youtube | visitaltamira
atm_0063,"Parque Boa Esperança, Altamira-Pá",empresa,Atração turística,atrativos,"Parque Boa Esperança, em Altamira-PA, é classificado como Atração turística. O endereço é R. da Alegria - Boa Esperança, Altamira - PA, e as coordenadas são -3.1965786, -52.2046109, conforme dados do Google Maps (2026-09-11).",Altamira,PA,R. da Alegria,,Boa Esperança,,"-3,1965786","-52,2046109",,,,,,,,,,,"https://www.google.com/maps/place/Parque+Boa+Esperan%C3%A7a,+ALTAMIRA-P%C3%81/data=!4m7!3m6!1s0x929239d66bef3cd3:0xac4617a0cfa84a88!8m2!3d-3.1965786!4d-52.2046109!16s%2Fg%2F11q36b5h_z!19sChIJ0zzva9Y5kpIRiEqoz6AXRqw?authuser=0&hl=pt-BR&g_ep=EgoyMDI2MDkwOC4wIJJjKgBIAVAD&rclk=1","https://www.google.com/maps?q=-3.1965786,-52.2046109",revisado,Revisar,sem contato,cadastur | google_maps | youtube | visitaltamira
atm_0064,Pira Olímpica,empresa,Atração turística,atrativos,"Pira Olímpica é uma atração turística localizada em Altamira, PA. O endereço é Av. João Pessoa, 1370 - Centro, Altamira - PA, 68371-040. As coordenadas são -3.2072723, -52.2060191 (Fonte: google_maps, 2026-09-11). Foi priorizada a informação do Google Maps por ser mais completa e atualizada.",Altamira,PA,Av. João Pessoa,1370,Centro,,"-3,2072723","-52,2060191",,,,,,,,,,,https://www.google.com/maps/place/Pira+Ol%C3%ADmpica/data=!4m7!3m6!1s0x929239006ab1e02b:0xb86c08b36b9e5cbb!8m2!3d-3.2072723!4d-52.2060191!16s%2Fg%2F11xrl_ybfd!19sChIJK-CxagA5kpIRu1yea7MIbLg?authuser=0&hl=pt-BR&g_ep=EgoyMDI2MDkwOC4wIJJjKgBIAVAD&rclk=1,"https://www.google.com/maps?q=-3.2072723,-52.2060191",revisado_com_pendencias,Revisar,sem contato | pendências da fonte,cadastur | google_maps | youtube | visitaltamira | https://altamira.pa.gov.br/doce-natal-no-xingu-inicia-programacao-com-musica-danca-e-atracoes-ineditas/
atm_0065,Praia da Pedra Roxa,ponto_turistico,Atração turística,atrativos,"Entidade turística 'Praia da pedra roxa' em Altamira, PA. Endereço: HPJJ+R2. Coordenadas: Lat -3.4179979, Lon -52.2698972. A fonte principal é o Google Maps (2026-09-11). Pendências: Nenhuma.",Altamira,PA,Hpjj+R2 -,,,,"-3,4179979","-52,2698972",,,,,,,,,,,https://www.google.com/maps/place/Praia+da+pedra+roxa/data=!4m7!3m6!1s0x929259007c74f629:0xe14db4239cf8f2b9!8m2!3d-3.4179979!4d-52.2698972!16s%2Fg%2F11mlq1c9bj!19sChIJKfZ0fABZkpIRufL4nCO0TeE?authuser=0&hl=pt-BR&g_ep=EgoyMDI2MDkwOC4wIJJjKgBIAVAD&rclk=1,"https://www.google.com/maps?q=-3.4179979,-52.2698972",revisado,Revisar,sem contato,cadastur | google_maps | youtube | visitaltamira | https://altamira.pa.gov.br/prefeitura-regulamenta-horarios-de-uso-das-praias-para-garantir-seguranca-aos-banhistas/
atm_0066,Praia do Caju,ponto_turistico,Atração turística,atrativos,"A Praia do Caju, classificada como Atração turística, está localizada em Altamira, PA. O endereço é Altamira, PA, com coordenadas -3.7102283, -52.4457033. O telefone (93) 3737-1263 foi encontrado em fonte institucional, mas não é confirmado como pertencente à praia.",Altamira,PA,,,,,"-3,7102283","-52,4457033",(93) 3737-1263,,,,,,,,,,https://www.google.com/maps/place/Praia+do+Caju/data=!4m7!3m6!1s0x929295002875cf7b:0x97bdde21634398a7!8m2!3d-3.7102283!4d-52.4457033!16s%2Fg%2F11ykytqr3g!19sChIJe891KACVkpIRp5hDYyHevZc?authuser=0&hl=pt-BR&g_ep=EgoyMDI2MDkwOC4wIJJjKgBIAVAD&rclk=1,"https://www.google.com/maps?q=-3.7102283,-52.4457033",revisado_com_pendencias,Revisar,pendências da fonte,cadastur | google_maps | youtube | visitaltamira | https://www.prefeituras.org/prefeitura-municipal-de-altamira-pa/
atm_0067,Praia do Cajá 2,ponto_turistico,Atração turística,atrativos,"Entidade turística 'Praia do Cajá 2' em Altamira/PA. Endereço: JRG3+R2. Coordenadas: -3.3805455, -52.2006064. Fonte: google_maps (2026-09-11). Pendência: Não há pendências de informação crítica.",Altamira,PA,Jrg3+R2 -,,,,"-3,3805455","-52,2006064",,,,,,,,,,,https://www.google.com/maps/place/Praia+do+Caj%C3%A1+2/data=!4m7!3m6!1s0x92925b007a767be5:0xdf44f3657d334550!8m2!3d-3.3805455!4d-52.2006064!16s%2Fg%2F11wj2thjz8!19sChIJ5Xt2egBbkpIRUEUzfWXzRN8?authuser=0&hl=pt-BR&g_ep=EgoyMDI2MDkwOC4wIJJjKgBIAVAD&rclk=1,"https://www.google.com/maps?q=-3.3805455,-52.2006064",revisado_com_pendencias,Revisar,sem contato | pendências da fonte,cadastur | google_maps | youtube | visitaltamira
atm_0068,Praia do Tonhão - Cajá 2,ponto_turistico,Atração turística,atrativos,"Entidade turística 'Praia do Tonhão - Cajá 2' em Altamira/PA. O endereço é JQ2V+Q9 e as coordenadas são -3.3980224, -52.2065005, conforme dados do Google Maps (2026-09-11).",Altamira,PA,Jq2v+Q9 -,,,,"-3,3980224","-52,2065005",,,,,,,,,,,https://www.google.com/maps/place/Praia+do+Tonh%C3%A3o+-+Caj%C3%A1+2/data=!4m7!3m6!1s0x92925b0054800765:0xc455ccd0a7df886c!8m2!3d-3.3980224!4d-52.2065005!16s%2Fg%2F11wwt9g8zj!19sChIJZQeAVABbkpIRbIjfp9DMVcQ?authuser=0&hl=pt-BR&g_ep=EgoyMDI2MDkwOC4wIJJjKgBIAVAD&rclk=1,"https://www.google.com/maps?q=-3.3980224,-52.2065005",revisado,Revisar,sem contato,cadastur | google_maps | youtube | visitaltamira
atm_0069,Praça Magid Mauad,empresa,Atração turística,atrativos,"Entidade turística 'Praça Magid Mauad' em Altamira/PA. Endereço: Centro, Altamira - PA, 68371-000. Coordenadas: Lat -3.2026281, Lon -52.2088368. Fonte: google_maps (2026-09-11). A categoria principal é Atração turística.",Altamira,PA,Centro,,,,"-3,2026281","-52,2088368",,,,,,,,,,,https://www.google.com/maps/place/Pra%C3%A7a+Magid+Mauad/data=!4m7!3m6!1s0x9292395ade29204f:0x98214c609a2a1951!8m2!3d-3.2026281!4d-52.2088368!16s%2Fg%2F11l5lms6rh!19sChIJTyAp3lo5kpIRURkqmmBMIZg?authuser=0&hl=pt-BR&g_ep=EgoyMDI2MDkwOC4wIJJjKgBIAVAD&rclk=1,"https://www.google.com/maps?q=-3.2026281,-52.2088368",revisado_com_pendencias,Revisar,sem contato | pendências da fonte,cadastur | google_maps | youtube | visitaltamira
atm_0070,Rio Xingu Beach,empresa,Atração turística,atrativos,"Entidade turística 'Rio Xingu Beach' em Altamira/PA. Endereço: Av. João Pessoa, 190 - Centro. Coordenadas: Lat -3.2058603, Lon -52.2054132. Fonte: google_maps (2026-09-11). A categoria principal é 'Atração turística'.",Altamira,PA,Av. João Pessoa,190,Centro,,"-3,2058603","-52,2054132",,,,,,,,,,,https://www.google.com/maps/place/Rio+Xingu+Beach/data=!4m7!3m6!1s0x9292395575df1579:0xa81b8a4441be08!8m2!3d-3.2058603!4d-52.2054132!16s%2Fg%2F11h06_7m_v!19sChIJeRXfdVU5kpIRCL5BRIobqAA?authuser=0&hl=pt-BR&g_ep=EgoyMDI2MDkwOC4wIJJjKgBIAVAD&rclk=1,"https://www.google.com/maps?q=-3.2058603,-52.2054132",revisado,Revisar,sem contato,cadastur | google_maps | youtube | visitaltamira
atm_0071,Travessão da 5 - Altamira Pará,empresa,Atração turística,atrativos,"Entidade turística 'Travessão da 5 - Altamira Pará' em Altamira/PA. A categoria principal é 'Atração turística', com menção secundária a 'atrativos'. O endereço é Altamira, PA, e as coordenadas são -3.2884988, -52.3789928 (Fonte: google_maps, 2026-09-11).",Altamira,PA,,,,,"-3,2884988","-52,3789928",,,,,,,,,,,https://www.google.com/maps/place/Travess%C3%A3o+da+5+-+Altamira+Par%C3%A1/data=!4m7!3m6!1s0x92926b007e4dc49b:0x52347bb4f4a56688!8m2!3d-3.2884988!4d-52.3789928!16s%2Fg%2F11w2_pfxhd!19sChIJm8RNfgBrkpIRiGal9LR7NFI?authuser=0&hl=pt-BR&g_ep=EgoyMDI2MDkwOC4wIJJjKgBIAVAD&rclk=1,"https://www.google.com/maps?q=-3.2884988,-52.3789928",revisado,Revisar,sem contato,cadastur | google_maps | youtube | visitaltamira
atm_0072,"Cachoeira do Espelho, Altamira -Pa",ponto_turistico,Atração turística,atrativos,"A Cachoeira do Espelho está localizada em Altamira-PA, no bairro Rio Xingu. É classificada como Atração turística, com endereço na região do Rio Xingu. As coordenadas são -3.6516518, -52.3785804 (Fonte: google_maps:46:83aba5d8ae). Foi priorizada a fonte do Google Maps por fornecer o conjunto mais completo de dados de localização e classificação.",Altamira,PA,Cachoeira do Espelho,,Rio Xingu,,"-3,6516518","-52,3785804",,,,,,,,,,,"https://www.google.com/maps/place/cachoeira+do+Espelho,+Altamira+-PA/data=!4m7!3m6!1s0x9292930014d73c5b:0x91696368a0186dcb!8m2!3d-3.6516518!4d-52.3785804!16s%2Fg%2F11z358p2r7!19sChIJWzzXFACTkpIRy20YoGhjaZE?authuser=0&hl=pt-BR&g_ep=EgoyMDI2MDkwOC4wIJJjKgBIAVAD&rclk=1","https://www.google.com/maps?q=-3.6516518,-52.3785804",revisado,Revisar,sem contato,cadastur | google_maps | youtube | visitaltamira
atm_0073,Ambé Floresta Park - Altamira,empresa,Balneários,,"Ambé Floresta Park - Altamira é um espaço de lazer em Altamira/PA, classificado como Balneário. Oferece atividades de aventura e gastronomia em meio à natureza amazônica. Contatos e localização verificados pela fonte visitaltamira.",Altamira,PA,,,,,"-3,123345","-52,172543",,(91) 99232-6481,,,,,,,,,https://visitaltamira.com.br/pt/empresa/ambe-floresta-park-altamira,"https://www.google.com/maps?q=-3.123345,-52.172543",revisado,Revisar,sem endereço,cadastur | google_maps | youtube | visitaltamira
atm_0074,Balneário Luiz do Pedral,empresa,Balneários,,"A entidade turística é o Balneário Luiz do Pedral, localizado em Altamira-PA. É um ponto turístico às margens do Rio Xingu, ideal para lazer, banho de rio e culinária regional. Possui informações de contato (WhatsApp e Instagram) e múltiplas mídias visuais verificadas pela fonte 'visitaltamira'.",Altamira,PA,,,,,"-3,2105149","-52,2539949",,(93) 8415-8401,,,https://www.instagram.com/balnearioluizdopedral,,,,,,https://visitaltamira.com.br/pt/empresa/balneario-luiz-do-pedral,"https://www.google.com/maps?q=-3.2105149,-52.2539949",revisado_com_pendencias,Revisar,sem endereço | pendências da fonte,cadastur | google_maps | youtube | visitaltamira
atm_0075,Balneário de Joá,empresa,Balneários,Rio Xingu,"Balneário de Joá é um balneário localizado em Altamira/PA, situado na região de Altamira. É um local ideal para famílias e aventureiros, oferecendo banho de rio no Rio Xingu. (Fonte: youtube:8:1dcfa867f9, 2026-09-11)",Altamira,PA,Região de Altamira,,,,,,,,,,,,Banho de rio,,,,https://www.youtube.com/watch?v=8uF_f4Ztp5A,,revisado_com_pendencias,Revisar,sem coordenadas | sem contato | pendências da fonte,cadastur | google_maps | youtube | visitaltamira
atm_0076,Balneário do Pedral,empresa,Balneários,"Quiosques, Gastronomia, Música ao Vivo, Rio Xingu","Balneário do Pedral é um ponto turístico em Altamira/PA, conhecido por quiosques, gastronomia e música ao vivo. É ideal para famílias e grupos de amigos, oferecendo lazer e banho de rio. O acesso é descrito como estando a 8 km de Altamira. (Fonte: youtube:6:1dcfa867f9, 2026-09-11)",Altamira,PA,8 Km de Altamira,,,,,,,,,,,,"Almoço típico, música ao vivo, banho de rio",,,,https://www.youtube.com/watch?v=8uF_f4Ztp5A,,revisado,Revisar,sem coordenadas | sem contato,cadastur | google_maps | youtube | visitaltamira
atm_0077,Banco do Brasil - Altamira - Agência 0567,empresa,Banco,passeios_agencias,"Entidade turística consolidada: BANCO DO BRASIL - ALTAMIRA - Agência 0567. É um Banco localizado em Altamira/PA, no bairro Sudam I. O endereço é Tv. Pedro Gomes, 1215 - Sudam I, Altamira - PA, 68371-105. Contato: (93) 4003-3001. Coordenadas e site disponíveis (Fonte: google_maps, 2026-09-11).",Altamira,PA,Tv. Pedro Gomes,1215,Sudam I,,"-3,2061498","-52,2183011",(93) 4003-3001,,,http://www.bb.com.br/,,,,,,,https://www.google.com/maps/place/BANCO+DO+BRASIL+-+ALTAMIRA+-+Ag%C3%AAncia+0567/data=!4m7!3m6!1s0x92923869474abe17:0xa2bd822cf9d84d68!8m2!3d-3.2061498!4d-52.2183011!16s%2Fg%2F1tg_y4qx!19sChIJF75KR2k4kpIRaE3Y-SyCvaI?authuser=0&hl=pt-BR&g_ep=EgoyMDI2MDkwOC4wIJJjKgBIAVAD&rclk=1,"https://www.google.com/maps?q=-3.2061498,-52.2183011",revisado_com_pendencias,Revisar,pendências da fonte,cadastur | google_maps | youtube | visitaltamira
atm_0078,Banco Santander - Agência 1695 Altamira,empresa,Banco,passeios_agencias,"Entidade turística consolidada como Banco Santander - Agência 1695 Altamira. O endereço é Av Djalma Dutra 1812-1830, Trav, 10 N, Altamira - PA, com bairro CENTRO. O horário de funcionamento é de Seg a Sex: 10h - 16h. Possui serviços completos bancários, conforme fonte web verificada (live_2b1bab9be5). Coordenadas e telefone de Google Maps foram priorizados, mas o bairro e horário vieram da fonte web verificada.",Altamira,PA,"Av Djalma Dutra 1812-1830, Trav, 10",,Centro,,"-3,2059821","-52,2127263",0800 702 3535,,,https://www.santander.com.br/?utm_source=gbp&utm_medium=perfil,,Seg a Sex: 10h - 16h,Saque Pagamento Emissão de Cheques Depósito Câmbio (Troca de moeda) Consulta de saldo e extrato Atendimento e Negócios PF Atendimento e Negócios PJ Atendimento e Negócios Agro Financiamento de Veículos Investimentos Solução de Dívidas Transferências Depósito Imediato Financiamento Imobiliário Empréstimo Pessoa Física,,,,https://www.google.com/maps/place/Banco+Santander+-+Ag%C3%AAncia+1695+Altamira/data=!4m7!3m6!1s0x92923876c78f981f:0xe16f636066471b74!8m2!3d-3.2059821!4d-52.2127263!16s%2Fg%2F11bzymhpqq!19sChIJH5iPx3Y4kpIRdBtHZmBjb-E?authuser=0&hl=pt-BR&g_ep=EgoyMDI2MDkwOC4wIJJjKgBIAVAD&rclk=1,"https://www.google.com/maps?q=-3.2059821,-52.2127263",revisado_com_pendencias,Revisar,pendências da fonte,cadastur | google_maps | youtube | visitaltamira | https://www.agenciadobanco.com.br/agencia-1695-santander
atm_0079,Banpará - Agência 29 (Altamira),empresa,Banco,passeios_agencias,"Entidade turística consolidada: Banpará - Agência 29 (Altamira). É um Banco localizado em Altamira/PA, no bairro Sudam I. O endereço é R. Intendente Floriano, 2501 - Sudam I, Altamira - PA, 68371-486. Contato: (93) 3515-1675. Coordenadas: Lat -3.2076616, Lon -52.2184072 (Fonte: google_maps:227:83aba5d8ae, 2026-09-11).",Altamira,PA,R. Intendente Floria,2501,Sudam I,,"-3,2076616","-52,2184072",(93) 3515-1675,,,,,,,,,,https://www.google.com/maps/place/Banpar%C3%A1+-+Ag%C3%AAncia+29+%28Altamira%29/data=!4m7!3m6!1s0x9292386c0332fba5:0x4f9c33b9e49921a1!8m2!3d-3.2076616!4d-52.2184072!16s%2Fg%2F11b6jjqhbc!19sChIJpfsyA2w4kpIRoSGZ5LkznE8?authuser=0&hl=pt-BR&g_ep=EgoyMDI2MDkwOC4wIJJjKgBIAVAD&rclk=1,"https://www.google.com/maps?q=-3.2076616,-52.2184072",revisado_com_pendencias,Revisar,pendências da fonte,cadastur | google_maps | youtube | visitaltamira
atm_0080,Caixa Econômica Federal,empresa,Banco,passeios_agencias,"Entidade turística consolidada: Caixa Econômica Federal, um banco localizado em Altamira/PA. O endereço é R. 7 de Setembro, 2467 - Centro. Contatos e coordenadas fornecidos por fontes do Google Maps (2026-09-11). Site oficial: https://www.caixa.gov.br/.",Altamira,PA,R. 7 de Setembro,2467,Centro,,"-3,2089206","-52,2131859",4003-1043,,,https://www.caixa.gov.br/,,,,,,,https://www.google.com/maps/place/Caixa+Econ%C3%B4mica+Federal/data=!4m7!3m6!1s0x9292386d41cfab79:0x98dc979932400ff5!8m2!3d-3.2089206!4d-52.2131859!16s%2Fg%2F11bwlcm74f!19sChIJeavPQW04kpIR9Q9AMpmX3Jg?authuser=0&hl=pt-BR&g_ep=EgoyMDI2MDkwOC4wIJJjKgBIAVAD&rclk=1,"https://www.google.com/maps?q=-3.2089206,-52.2131859",revisado,Apto para conferência final,,cadastur | google_maps | youtube | visitaltamira
atm_0081,Bar Dos Amigos,empresa,Bar,alimentacao,"BAR DOS AMIGOS é um bar e local de alimentação localizado no Centro de Altamira, PA. O endereço é Tv. Salim Mauad - Centro, Altamira - PA, 68371-486. As coordenadas são -3.2079716, -52.2174334 (Fonte: google_maps, 2026-09-11).",Altamira,PA,Tv. Salim Mauad,,Centro,,"-3,2079716","-52,2174334",,,,,,,,,,,https://www.google.com/maps/place/BAR+DOS+AMIGOS/data=!4m7!3m6!1s0x9292386c2ec9653d:0x19cadf74ffc4d232!8m2!3d-3.2079716!4d-52.2174334!16s%2Fg%2F11vhqfbmpy!19sChIJPWXJLmw4kpIRMtLE_3Tfyhk?authuser=0&hl=pt-BR&g_ep=EgoyMDI2MDkwOC4wIJJjKgBIAVAD&rclk=1,"https://www.google.com/maps?q=-3.2079716,-52.2174334",revisado,Revisar,sem contato,cadastur | google_maps | youtube | visitaltamira
atm_0082,Bar Joel,empresa,Bar,alimentacao,"BAR JOEL é um bar e local de alimentação em Altamira, PA. O endereço é R. Osório de Freitas, 2081 - Brasília, Altamira - PA, 68375-050. As coordenadas são -3.1985598, -52.2112841 (Fonte: google_maps, 2026-09-11).",Altamira,PA,R. Osório de Freitas,2081,Brasília,,"-3,1985598","-52,2112841",,,,,,,,,,,https://www.google.com/maps/place/BAR+JOEL/data=!4m7!3m6!1s0x9292383f4718bdb7:0xcdd9fd442cdf3668!8m2!3d-3.1985598!4d-52.2112841!16s%2Fg%2F11vj334f0q!19sChIJt70YRz84kpIRaDbfLET92c0?authuser=0&hl=pt-BR&g_ep=EgoyMDI2MDkwOC4wIJJjKgBIAVAD&rclk=1,"https://www.google.com/maps?q=-3.1985598,-52.2112841",revisado_com_pendencias,Revisar,sem contato | pendências da fonte,cadastur | google_maps | youtube | visitaltamira
atm_0083,Balneàrio Canoa Quebrada,empresa,Bar,,"Entidade consolidada como 'Balneàrio canoa Quebrada' em Altamira-PA. A categoria principal é 'Bar', com endereço em RVMG+9W e telefone (93) 99226-5715, conforme evidência do Google Maps (2026-09-11). Coordenadas e bairro também foram registrados a partir desta fonte.",Altamira,PA,Rvmg+9W,,Pa,,"-3,1665233","-52,1227017",(93) 99226-5715,,,,,,,,,,https://www.google.com/maps/place/Balne%C3%A1rio/data=!4m7!3m6!1s0x92923917d275ae3f:0x943b43ca11dceaf3!8m2!3d-3.1816538!4d-52.210184!16s%2Fg%2F11l77k82h1!19sChIJP6510hc5kpIR8-rcEcpDO5Q?authuser=0&hl=pt-BR&g_ep=EgoyMDI2MDkwOC4wIJJjKgBIAVAD&rclk=1,"https://www.google.com/maps?q=-3.1665233,-52.1227017",revisado_com_pendencias,Revisar,pendências da fonte,cadastur | google_maps | youtube | visitaltamira | https://en.wikipedia.org/wiki/Canoa_Quebrada
atm_0084,Balneário da Rose,empresa,Bar,atrativos,"Entidade consolidada como 'Balneário da rose' (Bar) em Altamira/PA. Endereço: VVQ5+F2, Altamira - PA, 68383-000. Contato: (93) 99125-5622. Coordenadas e dados de bairro/categoria priorizados da fonte google_maps:22:83aba5d8ae (2026-09-11). O bairro listado é 'PA', o que é incomum.",Altamira,PA,Vvq5+F2,,Pa,,"-3,11128","-52,142444",(93) 99125-5622,,,,,,,,,,https://www.google.com/maps/place/Balne%C3%A1rio/data=!4m7!3m6!1s0x92923917d275ae3f:0x943b43ca11dceaf3!8m2!3d-3.1816538!4d-52.210184!16s%2Fg%2F11l77k82h1!19sChIJP6510hc5kpIR8-rcEcpDO5Q?authuser=0&hl=pt-BR&g_ep=EgoyMDI2MDkwOC4wIJJjKgBIAVAD&rclk=1,"https://www.google.com/maps?q=-3.11128,-52.142444",revisado_com_pendencias,Revisar,pendências da fonte,cadastur | google_maps | youtube | visitaltamira
atm_0085,Bar da Del,empresa,Bar,alimentacao,"Bar Da Del, localizado em Altamira/PA, é um bar de alimentação situado na R. Osório de Freitas, 2029, no bairro Brasília. As coordenadas são -3.1986467, -52.2107813. As informações são primariamente provenientes do Google Maps.",Altamira,PA,R. Osório de Freitas,2029,Brasília,,"-3,1986467","-52,2107813",,,,,,,,,,,https://www.google.com/maps/place/Bar+Da+Del/data=!4m7!3m6!1s0x9292383f3c1bb445:0x902ca1eff4949253!8m2!3d-3.1986467!4d-52.2107813!16s%2Fg%2F11kn6wc8wv!19sChIJRbQbPD84kpIRU5KU9O-hLJA?authuser=0&hl=pt-BR&g_ep=EgoyMDI2MDkwOC4wIJJjKgBIAVAD&rclk=1,"https://www.google.com/maps?q=-3.1986467,-52.2107813",revisado,Revisar,sem contato,cadastur | google_maps | youtube | visitaltamira | https://restaurantguru.com.br/Bar-Da-Del-Altamira
atm_0086,Bar do Zeca,empresa,Bar,alimentacao,"Bar do Zeca é um bar e local de alimentação em Altamira, PA. Localizado na Tv. Dez de Novembro, 731 - Centro, o estabelecimento pode ser contatado pelo telefone (93) 3515-2632. As coordenadas são -3.2055008, -52.2136356 (Fonte: google_maps, 2026-09-11).",Altamira,PA,Tv. Dez de Novembro,731,Centro,,"-3,2055008","-52,2136356",(93) 3515-2632,,,,,,,,,,https://www.google.com/maps/place/Bar+do+Zeca/data=!4m7!3m6!1s0x929239aa69ee411b:0x52a119b47145a61e!8m2!3d-3.2055008!4d-52.2136356!16s%2Fg%2F11lktcfjxw!19sChIJG0Huaao5kpIRHqZFcbQZoVI?authuser=0&hl=pt-BR&g_ep=EgoyMDI2MDkwOC4wIJJjKgBIAVAD&rclk=1,"https://www.google.com/maps?q=-3.2055008,-52.2136356",revisado_com_pendencias,Revisar,pendências da fonte,cadastur | google_maps | youtube | visitaltamira
atm_0087,Boteco do Araújo,empresa,Bar,alimentacao,"Consolidado o Boteco do Araújo em Altamira/PA. O estabelecimento é classificado como Bar e Alimentação. Endereço: R. Primeiro de Janeiro - Centro, Altamira - PA, 68371-075. Contato: (93) 99136-4035. Site: google_maps:362:83aba5d8ae|site. (Fonte: google_maps, 2026-09-11)",Altamira,PA,R. Primeiro de Janeiro,,Centro,,"-3,2047703","-52,2073047",(93) 99136-4035,,,,,,,,,,https://www.google.com/maps/place/Resenha+Boteco+e+Petiscaria/data=!4m7!3m6!1s0x929239520a1cc8bd:0x1fce1309af082af6!8m2!3d-3.2085733!4d-52.2093223!16s%2Fg%2F11lv8kplz4!19sChIJvcgcClI5kpIR9ioIrwkTzh8?authuser=0&hl=pt-BR&g_ep=EgoyMDI2MDkwOC4wIJJjKgBIAVAD&rclk=1,"https://www.google.com/maps?q=-3.2047703,-52.2073047",revisado_com_pendencias,Revisar,pendências da fonte,cadastur | google_maps | youtube | visitaltamira
atm_0088,Buteco Bet,empresa,Bar,alimentacao,"Entidade turística consolidada: Buteco Bet, um bar de alimentação localizado em Altamira/PA. O endereço é Av. João Rodrigues, 1103 - Jardim Uirapuru. Contato: (93) 99214-8174 e Instagram: https://www.instagram.com/buteco_bet_oficial?igsh=MXAxMzdxazBoczM0OA%3D%3D&utm_source=qr. Coordenadas: -3.2077896, -52.2195772 (Fonte: google_maps, 2026-09-11).",Altamira,PA,Av. João Rodrigues,1103,Jardim Uirapuru,,"-3,2077896","-52,2195772",(93) 99214-8174,,,https://www.instagram.com/buteco_bet_oficial?igsh=MXAxMzdxazBoczM0OA%3D%3D&utm_source=qr,,,,,,,https://www.google.com/maps/place/Buteco+Bet/data=!4m7!3m6!1s0x92923948245ad815:0x81234b357714f988!8m2!3d-3.2077896!4d-52.2195772!16s%2Fg%2F11x5nyq6zs!19sChIJFdhaJEg5kpIRiPkUdzVLI4E?authuser=0&hl=pt-BR&g_ep=EgoyMDI2MDkwOC4wIJJjKgBIAVAD&rclk=1,"https://www.google.com/maps?q=-3.2077896,-52.2195772",revisado,Apto para conferência final,,cadastur | google_maps | youtube | visitaltamira
atm_0089,Cafofo Beer,empresa,Bar,alimentacao,"Cafofo Beer em Altamira/PA. É classificado como Bar (principal) e alimentação (secundário). Endereço: Av. João Pessoa - Centro, Altamira - PA. Coordenadas: Lat -3.2067487, Lon -52.2067823 (Fonte: google_maps, 2026-09-11). Não há telefone disponível para esta unidade.",Altamira,PA,Av. João Pessoa,,Centro,,"-3,2067487","-52,2067823",,,,,,,,,,,https://www.google.com/maps/place/Cafofo+Beer/data=!4m7!3m6!1s0x929239ba917d16c3:0xfbf5238abd20cd8b!8m2!3d-3.2067487!4d-52.2067823!16s%2Fg%2F11p10c6wg4!19sChIJwxZ9kbo5kpIRi80gvYoj9fs?authuser=0&hl=pt-BR&g_ep=EgoyMDI2MDkwOC4wIJJjKgBIAVAD&rclk=1,"https://www.google.com/maps?q=-3.2067487,-52.2067823",revisado_com_pendencias,Revisar,sem contato | pendências da fonte,cadastur | google_maps | youtube | visitaltamira
atm_0090,Casa Du Gil Restaurante,empresa,Bar,alimentacao,"Casa Du Gil Restaurante é um bar e local de alimentação em Altamira, PA. O endereço é R. Manoel Umbuzeiro - Centro, e o contato é (93) 99169-0938. As coordenadas são -3.206064, -52.2140433 (Fonte: google_maps, 2026-09-11).",Altamira,PA,R. Manoel Umbuzeiro,,Centro,,"-3,206064","-52,2140433",(93) 99169-0938,,,,,,,,,,https://www.google.com/maps/place/Casa+Du+Gil+Restaurante/data=!4m7!3m6!1s0x929239390a4dbbfd:0x5467ea509834fe2d!8m2!3d-3.206064!4d-52.2140433!16s%2Fg%2F11mb38zldf!19sChIJ_btNCjk5kpIRLf40mFDqZ1Q?authuser=0&hl=pt-BR&g_ep=EgoyMDI2MDkwOC4wIJJjKgBIAVAD&rclk=1,"https://www.google.com/maps?q=-3.206064,-52.2140433",revisado_com_pendencias,Revisar,pendências da fonte,cadastur | google_maps | youtube | visitaltamira
atm_0091,Chácara Palestra,empresa,Bar,atrativos,"Consolidado o registro da Chácara Palestra em Altamira/PA. A categoria principal é Bar, com menção a 'atrativos'. O endereço completo é PA, Ramal Paraíso das Aves, 415, Altamira - PA, 68370-000. Coordenadas e dados de localização vieram da fonte google_maps:467:83aba5d8ae (2026-09-11). Pendência: Não há informações de contato ou fotos específicas para a unidade consolidada.",Altamira,PA,,,Pa,"Pa, Ramal Paraíso Das Aves, 415","-3,1562004","-52,157526",,,,,,,,,,,https://www.google.com/maps/place/Ch%C3%A1cara+Palestra/data=!4m7!3m6!1s0x929237edb454fe1f:0x81b3bc9de136133f!8m2!3d-3.1562004!4d-52.157526!16s%2Fg%2F11t2sms2zw!19sChIJH_5UtO03kpIRPxM24Z28s4E?authuser=0&hl=pt-BR&g_ep=EgoyMDI2MDkwOC4wIJJjKgBIAVAD&rclk=1,"https://www.google.com/maps?q=-3.1562004,-52.157526",revisado_com_pendencias,Revisar,sem contato | pendências da fonte,cadastur | google_maps | youtube | visitaltamira
atm_0092,Dez de Novembro,empresa,Bar,alimentacao,"A entidade 'Dez De Novembro' é um Bar e local de alimentação em Altamira, PA. O endereço completo é R. Anchieta, 1924 - Centro, Altamira - PA, 68370-276. As coordenadas são -3.2051482, -52.2144648, conforme dados do Google Maps (2026-09-11).",Altamira,PA,R. Anchieta,1924,Centro,,"-3,2051482","-52,2144648",,,,,,,,,,,https://www.google.com/maps/place/Dez+De+Novembro/data=!4m7!3m6!1s0x9292386b0e062583:0xafd8185a7a60de6!8m2!3d-3.2051482!4d-52.2144648!16s%2Fg%2F11f57dnn_b!19sChIJgyUGDms4kpIR5g2mp4WB_Qo?authuser=0&hl=pt-BR&g_ep=EgoyMDI2MDkwOC4wIJJjKgBIAVAD&rclk=1,"https://www.google.com/maps?q=-3.2051482,-52.2144648",revisado,Revisar,sem contato,cadastur | google_maps | youtube | visitaltamira
atm_0093,Equinócio Bar,empresa,Bar,alimentacao,"Equinócio Bar é um bar e local de alimentação localizado no Centro de Altamira, PA. O endereço é Tv. Salim Mauad - Centro, Altamira - PA, 68371-486. As coordenadas são -3.2079368, -52.2175897 (Fonte: google_maps, 2026-09-11).",Altamira,PA,Tv. Salim Mauad,,Centro,,"-3,2079368","-52,2175897",,,,,,,,,,,https://www.google.com/maps/place/Equin%C3%B3cio+Bar/data=!4m7!3m6!1s0x9292386c29733457:0xdc2ac5c5be2b386b!8m2!3d-3.2079368!4d-52.2175897!16s%2Fg%2F11vhqf7chp!19sChIJVzRzKWw4kpIRazgrvsXFKtw?authuser=0&hl=pt-BR&g_ep=EgoyMDI2MDkwOC4wIJJjKgBIAVAD&rclk=1,"https://www.google.com/maps?q=-3.2079368,-52.2175897",revisado,Revisar,sem contato,cadastur | google_maps | youtube | visitaltamira
atm_0094,Esquinão Bar,empresa,Bar,alimentacao,"Entidade consolidada como Esquinão Bar, um Bar de alimentação em Altamira/PA. O endereço é R. Quatro, 706-766 - Aparecida. Coordenadas e dados de contato vêm do Google Maps (2026-09-11). Não há informações de horário de funcionamento ou serviços adicionais verificados para esta unidade específica.",Altamira,PA,"R. Quatro, 706-766",,Aparecida,,"-3,1963918","-52,2100115",,,,,,,,,,,https://www.google.com/maps/place/Esquin%C3%A3o+Bar/data=!4m7!3m6!1s0x92923838e47923f1:0x1a7693db8b861e86!8m2!3d-3.1963918!4d-52.2100115!16s%2Fg%2F11c37gl04y!19sChIJ8SN55Dg4kpIRhh6Gi9uTdho?authuser=0&hl=pt-BR&g_ep=EgoyMDI2MDkwOC4wIJJjKgBIAVAD&rclk=1,"https://www.google.com/maps?q=-3.1963918,-52.2100115",revisado,Revisar,sem contato,cadastur | google_maps | youtube | visitaltamira | https://cardapiodeturismo.com.br/listagem/captain-brew-uberlandia/
atm_0095,Palaffitas (Restaurante-Peixaria-Churrascaria & Choperia),empresa,Bar,alimentacao,"A entidade Palaffitas (Restaurante-Peixaria-Churrascaria & Choperia) foi consolidada usando os dados da primeira ocorrência do Google Maps. A categoria principal é Bar, com secundária de alimentação. O endereço é Zap ( 91 - 99319.7741 - Centro, Altamira - PA, 68371-043), e o telefone é (93) 99200-5353. Coordenadas e bairro também foram registrados com base nesta fonte.",Altamira,PA,,,,,"-3,2179177","-52,2158498",(93) 99200-5353,,,,,,,,,,https://www.google.com/maps/place/Palaffitas+%28Restaurante-Peixaria-Churrascaria+%26+Choperia%29/data=!4m7!3m6!1s0x9292478a3a723fef:0x46005c551917a1a9!8m2!3d-3.2179177!4d-52.2158498!16s%2Fg%2F11bzsqkl54!19sChIJ7z9yOopHkpIRqaEXGVVcAEY?authuser=0&hl=pt-BR&g_ep=EgoyMDI2MDkwOC4wIJJjKgBIAVAD&rclk=1,"https://www.google.com/maps?q=-3.2179177,-52.2158498",revisado_com_pendencias,Revisar,pendências da fonte,cadastur | google_maps | youtube | visitaltamira
atm_0096,Point do Espetinho,empresa,Bar,alimentacao,"Entidade turística consolidada como Point do Espetinho, um Bar de alimentação em Altamira/PA. O endereço principal é Tv. Pedro Gomes, 1275 - Sudam I. Contato via telefone (93) 98116-3122 e site Instagram disponível. Coordenadas e dados primários vêm do Google Maps.",Altamira,PA,Tv. Pedro Gomes,1275,Sudam I,,"-3,2044383","-52,2199022",(93) 98116-3122,,,https://www.instagram.com/poiintdoespetinhoo?igsh=MjZ1enFnZ2dseXV1,,,,,,,https://www.google.com/maps/place/Point+do+Espetinho/data=!4m7!3m6!1s0x929239000d7a987b:0x563ddeeafa0cc3e5!8m2!3d-3.2044383!4d-52.2199022!16s%2Fg%2F11x2jk0hxl!19sChIJe5h6DQA5kpIR5cMM-urePVY?authuser=0&hl=pt-BR&g_ep=EgoyMDI2MDkwOC4wIJJjKgBIAVAD&rclk=1,"https://www.google.com/maps?q=-3.2044383,-52.2199022",revisado,Apto para conferência final,,cadastur | google_maps | youtube | visitaltamira | https://www.solutudo.com.br/empresas/pa/altamira/restaurantes/restaurante-point-do-espetinho-9846445
atm_0097,Resenha Boteco E Petiscaria,empresa,Bar,alimentacao,"Resenha Boteco e Petiscaria é um bar e local de alimentação em Altamira, PA. Localizado no Centro, o endereço é R. Cel. José Porfírio. Contato: (93) 98114-9061. Site: https://www.instagram.com/resenhabotecoo?igsh=aGpjMXBtbXIwa2Z6.",Altamira,PA,R. Cel. José Porfírio,,Centro,,"-3,2085733","-52,2093223",(93) 98114-9061,,,https://www.instagram.com/resenhabotecoo?igsh=aGpjMXBtbXIwa2Z6,,,,,,,https://www.google.com/maps/place/Resenha+Boteco+e+Petiscaria/data=!4m7!3m6!1s0x929239520a1cc8bd:0x1fce1309af082af6!8m2!3d-3.2085733!4d-52.2093223!16s%2Fg%2F11lv8kplz4!19sChIJvcgcClI5kpIR9ioIrwkTzh8?authuser=0&hl=pt-BR&g_ep=EgoyMDI2MDkwOC4wIJJjKgBIAVAD&rclk=1,"https://www.google.com/maps?q=-3.2085733,-52.2093223",revisado,Apto para conferência final,,cadastur | google_maps | youtube | visitaltamira
atm_0098,Royale Bar E Restaurante,empresa,Bar,alimentacao,"Royale Bar e Restaurante é um bar e restaurante em Altamira-PA. O endereço é Ac. Dois, 167 - 287 - São Sebastiao, e o telefone é (93) 99237-3059. Possui site no Facebook e está associado ao Circuito Gastronômico, conforme evidenciado por fontes do Google Maps e do site da prefeitura.",Altamira,PA,Ac. Dois,167,São Sebastiao,287,"-3,2167716","-52,2165088",(93) 99237-3059,,,https://www.facebook.com/royalebaratm,,,Circuito Gastronômico,,,,https://www.google.com/maps/place/Royale+Bar+e+Restaurante/data=!4m7!3m6!1s0x929238742c5610df:0x72886349762e31b2!8m2!3d-3.2167716!4d-52.2165088!16s%2Fg%2F11bzt91k1n!19sChIJ3xBWLHQ4kpIRsjEudkljiHI?authuser=0&hl=pt-BR&g_ep=EgoyMDI2MDkwOC4wIJJjKgBIAVAD&rclk=1,"https://www.google.com/maps?q=-3.2167716,-52.2165088",revisado_com_pendencias,Revisar,pendências da fonte,cadastur | google_maps | youtube | visitaltamira | https://altamira.pa.gov.br/56786-2/ | https://altamira.pa.gov.br/file-real-do-xingu-abre-a-rodada-de-avaliacao-da-primeira-etapa-do-circuito-gastronomico/
atm_0099,Top 10 Beer,empresa,Bar,alimentacao,"Entidade turística consolidada: TOP 10 BEER, um Bar de alimentação em Altamira/PA. Endereço: Av. Tancredo Neves, 969-1085 - Esplanada do Xingu. Contato: (93) 99238-4216. Coordenadas: -3.2093112, -52.2148406 (Fonte: google_maps, 2026-09-11).",Altamira,PA,"Av. Tancredo Neves, 969-1085",,Esplanada do Xingu,,"-3,2093112","-52,2148406",(93) 99238-4216,,,,,,,,,,https://www.google.com/maps/place/TOP+10+BEER/data=!4m7!3m6!1s0x9292386d76f5c62d:0x45a7af2b4152d042!8m2!3d-3.2093112!4d-52.2148406!16s%2Fg%2F11fx8z5tk8!19sChIJLcb1dm04kpIRQtBSQSuvp0U?authuser=0&hl=pt-BR&g_ep=EgoyMDI2MDkwOC4wIJJjKgBIAVAD&rclk=1,"https://www.google.com/maps?q=-3.2093112,-52.2148406",revisado_com_pendencias,Revisar,pendências da fonte,cadastur | google_maps | youtube | visitaltamira
atm_0100,To No Trabalho,empresa,Bar com música ao vivo,alimentacao,"A entidade 'To No Trabalho' é um bar com música ao vivo e alimentação, localizado em Altamira/PA. O endereço completo é R. Antônio Araújo, 1 - Jardim Independente I. O contato é (93) 99126-8882. Coordenadas e dados extraídos do Google Maps (2026-09-11).",Altamira,PA,R. Antônio Araújo,1,Jardim Independente I,,"-3,2142618","-52,2275623",(93) 99126-8882,,,,,,,,,,https://www.google.com/maps/place/To+No+Trabalho/data=!4m7!3m6!1s0x9292387bec04b097:0xa898bea8610de120!8m2!3d-3.2142618!4d-52.2275623!16s%2Fg%2F11c1n6ffjj!19sChIJl7AE7Hs4kpIRIOENYai-mKg?authuser=0&hl=pt-BR&g_ep=EgoyMDI2MDkwOC4wIJJjKgBIAVAD&rclk=1,"https://www.google.com/maps?q=-3.2142618,-52.2275623",revisado,Apto para conferência final,,cadastur | google_maps | youtube | visitaltamira
atm_0101,Taco & Beer,empresa,Bar de cervejas,alimentacao,"Taco & Beer é um bar de cervejas e alimentação localizado em Altamira, PA. O endereço é Av. João Rodrigues, 1103 - Premem, Altamira - PA, 68372-191. As coordenadas são -3.2061842, -52.2217155 (Fonte: google_maps, 2026-09-11). Foi priorizado o preenchimento completo com dados de uma única fonte verificada.",Altamira,PA,Av. João Rodrigues,1103,Premem,,"-3,2061842","-52,2217155",,,,,,,,,,,https://www.google.com/maps/place/Taco+%26+Beer/data=!4m7!3m6!1s0x9292395425a2bbe7:0x6a25d7304e1634b7!8m2!3d-3.2061842!4d-52.2217155!16s%2Fg%2F11v000rpzk!19sChIJ57uiJVQ5kpIRtzQWTjDXJWo?authuser=0&hl=pt-BR&g_ep=EgoyMDI2MDkwOC4wIJJjKgBIAVAD&rclk=1,"https://www.google.com/maps?q=-3.2061842,-52.2217155",revisado,Revisar,sem contato,cadastur | google_maps | youtube | visitaltamira
atm_0102,Casarão - Cervejaria & Petiscos,empresa,Bar e Grill,alimentacao,"Entidade turística consolidada: Casarão - Cervejaria & Petiscos, um Bar e Grill de alimentação em Altamira/PA. Endereço: R. Cel. José Porfírio, 1368 - Centro. Contato: (93) 99176-3416. Coordenadas e site (Instagram) disponíveis, com dados de 11/09/2026 (google_maps).",Altamira,PA,R. Cel. José Porfírio,1368,Centro,,"-3,2053557","-52,206713",(93) 99176-3416,,,https://instagram.com/casaraoatm?igshid=ZDdkNTZiNTM=,,,,,,,https://www.google.com/maps/place/Casar%C3%A3o+-+Cervejaria+%26+Petiscos/data=!4m7!3m6!1s0x929239056be51723:0x28146288a9a1167b!8m2!3d-3.2053557!4d-52.206713!16s%2Fg%2F11rrxf69zx!19sChIJIxflawU5kpIRexahqYhiFCg?authuser=0&hl=pt-BR&g_ep=EgoyMDI2MDkwOC4wIJJjKgBIAVAD&rclk=1,"https://www.google.com/maps?q=-3.2053557,-52.206713",revisado_com_pendencias,Revisar,pendências da fonte,cadastur | google_maps | youtube | visitaltamira
atm_0103,Magnatas Snooker Bar & Restaurante,empresa,Bar e Grill,alimentacao,"Magnatas Snooker Bar & Restaurante é um Bar e Grill em Altamira/PA, localizado no bairro Brasília. O endereço é R. Osório de Freitas - Brasília, Altamira - PA, 68375-050. Contato: (93) 98112-7221. Coordenadas: -3.1996162, -52.2141622. (Fonte: google_maps, 2026-09-11)",Altamira,PA,R. Osório de Freitas,,Brasília,,"-3,1996162","-52,2141622",(93) 98112-7221,,,,,,,,,,https://www.google.com/maps/place/Magnatas+Snooker+Bar+%26+Restaurante/data=!4m7!3m6!1s0x929239e710e47ecb:0x78d34fc1042e4b53!8m2!3d-3.1996162!4d-52.2141622!16s%2Fg%2F11zk1n3f8w!19sChIJy37kEOc5kpIRU0suBMFP03g?authuser=0&hl=pt-BR&g_ep=EgoyMDI2MDkwOC4wIJJjKgBIAVAD&rclk=1,"https://www.google.com/maps?q=-3.1996162,-52.2141622",revisado_com_pendencias,Revisar,pendências da fonte,cadastur | google_maps | youtube | visitaltamira
atm_0104,Apoena do Xingu,empresa,Barcos e Balsas,,"Apoena do Xingu é um flutuante em Altamira/PA, classificado como Barcos e Balsas. Oferece estrutura confortável à beira-rio no Rio Xingu. Contatos e localização fornecidos pela fonte visitaltamira (2026-09-11).",Altamira,PA,,,,,"-3,211761","-52,206839",,(93) 98125-2626,,,https://www.instagram.com/flutuanteapoenadoxingu/,,,,,,https://visitaltamira.com.br/pt/empresa/apoena-do-xingu,"https://www.google.com/maps?q=-3.211761,-52.206839",revisado,Revisar,sem endereço,cadastur | google_maps | youtube | visitaltamira
atm_0105,Balsa Pai E Filho,empresa,Barcos e Balsas,,"Balsa Pai e Filho é uma atração em Altamira/PA, classificada como Barcos e Balsas. Oferece travessia pelo Rio Xingu, com conforto e segurança. Contatos e localização (incluindo coordenadas e links de redes sociais) foram verificados pela fonte Visit Altamira (2026-09-11).",Altamira,PA,,,,,"-3,211761","-52,206839",,(93) 99171-5556,,,https://www.instagram.com/balsa_pai_e_filho/,,,,,,https://visitaltamira.com.br/pt/empresa/balsa-pai-e-filho,"https://www.google.com/maps?q=-3.211761,-52.206839",revisado,Revisar,sem endereço,cadastur | google_maps | youtube | visitaltamira
atm_0106,Catamarã Vitória,empresa,Barcos e Balsas,,"Catamarã Vitória, em Altamira/PA, é um serviço de transporte/passeio de barco. O passeio leva pelo Rio Xingu, com paradas em praias e mergulhos. Contatos e localização fornecidos por fontes distintas, priorizando dados da Visita Altamira e Google Maps. O endereço é R. Cel. José Porfírio, 2991 - São Sebastiao, Altamira - PA.",Altamira,PA,R. Cel. José Porfírio,2991,São Sebastiao,,"-3,211761","-52,206839",(92) 99156-8040,,,https://instagram.com/catamaravitoria?igshid=YmMyMTA2M2Y=,https://www.instagram.com/catamaravitoria/,,,,,,https://visitaltamira.com.br/pt/empresa/catamara-vitoria,"https://www.google.com/maps?q=-3.211761,-52.206839",revisado,Apto para conferência final,,cadastur | google_maps | youtube | visitaltamira
atm_0107,La Barca Catamarã,empresa,Barcos e Balsas,,"La Barca Catamarã é uma embarcação de lazer em Altamira, PA, especializada em passeios pelo Rio Xingu. Oferece aluguel para eventos e passeios, proporcionando imersão na natureza amazônica. Contatos e localização disponíveis via visitaaltamira.",Altamira,PA,,,,,"-3,211761","-52,206839",,(93) 9226-0400,,,https://www.instagram.com/labarcacatamara/,,,,,,https://visitaltamira.com.br/pt/empresa/la-barca-catamara,"https://www.google.com/maps?q=-3.211761,-52.206839",revisado,Revisar,sem endereço,cadastur | google_maps | youtube | visitaltamira
atm_0108,16⁰ Bpm - Batalhão da Polícia Militar do Pará,empresa,Base militar,seguranca,"Entidade turística consolidada: 16⁰ BPM - Batalhão da Polícia Militar do Pará, classificada como Base militar e segurança. Localizada em Altamira, PA, no endereço Av. Tancredo Neves, 3623-3787 - Jardim Independente III. Coordenadas: -3.2277843, -52.2296781 (Fonte: google_maps, 2026-09-11). Pendências: Nenhuma pendência de informação crítica, mas o local é uma base militar, não um ponto turístico típico.",Altamira,PA,"Av. Tancredo Neves, 3623-3787",,Jardim Independente Iii,,"-3,2277843","-52,2296781",,,,,,,,,,,https://www.google.com/maps/place/16%E2%81%B0+BPM+-+Batalh%C3%A3o+da+Pol%C3%ADcia+Militar+do+Par%C3%A1/data=!4m7!3m6!1s0x9292479cbf45b971:0xdca63ec5d1f68365!8m2!3d-3.2277843!4d-52.2296781!16s%2Fg%2F11g6btjj6y!19sChIJcblFv5xHkpIRZYP20cU-ptw?authuser=0&hl=pt-BR&g_ep=EgoyMDI2MDkwOC4wIJJjKgBIAVAD&rclk=1,"https://www.google.com/maps?q=-3.2277843,-52.2296781",revisado_com_pendencias,Revisar,sem contato | pendências da fonte,cadastur | google_maps | youtube | visitaltamira
atm_0109,51º Batalhão de Infantaria de Selva,empresa,Base militar,seguranca,"Entidade turística consolidada: 51º Batalhão de Infantaria de Selva, classificado como Base militar e segurança. Localizado em Altamira, PA, no bairro Alberto Soares. Endereço: Rod. Pres. Médice, S/N. Contato: (93) 99652-0241. Coordenadas: -3.2000828, -52.1831888 (Fonte: google_maps, 2026-09-11).",Altamira,PA,Rod. Pres. Médice,S/N,Alberto Soares,,"-3,2000828","-52,1831888",(93) 99652-0241,,,,,,,,,,https://www.google.com/maps/place/51%C2%BA+Batalh%C3%A3o+de+Infantaria+de+Selva/data=!4m7!3m6!1s0x9292378d2958203d:0xe7dd4743ffb4f382!8m2!3d-3.2000828!4d-52.1831888!16s%2Fg%2F1pp2tk0gs!19sChIJPSBYKY03kpIRgvO0_0NH3ec?authuser=0&hl=pt-BR&g_ep=EgoyMDI2MDkwOC4wIJJjKgBIAVAD&rclk=1,"https://www.google.com/maps?q=-3.2000828,-52.1831888",revisado_com_pendencias,Revisar,pendências da fonte,cadastur | google_maps | youtube | visitaltamira
atm_0110,Junta de Serviço Militar Altamira - Pará,empresa,Base militar,seguranca,"Entidade turística consolidada: Junta de Serviço Militar Altamira - Pará. Categoria principal: Base militar. Localizada em Altamira/PA, no bairro Catedral. Endereço: R. Primeiro de Janeiro, 1274 - Catedral, Altamira - PA, 68371-075. Coordenadas: Lat -3.2038257, Lon -52.2069022 (Fonte: google_maps, 2026-09-11).",Altamira,PA,R. Primeiro de Janeiro,1274,Catedral,,"-3,2038257","-52,2069022",,,,,,,,,,,https://www.google.com/maps/place/Junta+de+Servi%C3%A7o+Militar+Altamira+-+Par%C3%A1/data=!4m7!3m6!1s0x9292395becefe9d3:0x4e33666776f09225!8m2!3d-3.2038257!4d-52.2069022!16s%2Fg%2F11qsv_7h8p!19sChIJ0-nv7Fs5kpIRJZLwdmdmM04?authuser=0&hl=pt-BR&g_ep=EgoyMDI2MDkwOC4wIJJjKgBIAVAD&rclk=1,"https://www.google.com/maps?q=-3.2038257,-52.2069022",revisado,Revisar,sem contato,cadastur | google_maps | youtube | visitaltamira
atm_0111,Balneário do João,empresa,Cabana de camping,atrativos,"Balneário do João é uma cabana de camping e atrativo localizado em Altamira, PA. O endereço é VQM7+P9 e as coordenadas são -3.1156817, -52.2365347 (Fonte: google_maps, 2026-09-11).",Altamira,PA,,,,,"-3,1156817","-52,2365347",,,,,,,,,,,https://www.google.com/maps/place/Balne%C3%A1rio+do+Jo%C3%A3o/data=!4m7!3m6!1s0x92923b003c518fbb:0x6f023f925ea3687!8m2!3d-3.1156817!4d-52.2365347!16s%2Fg%2F11ytd0450w!19sChIJu49RPAA7kpIRhzbqJfkj8AY?authuser=0&hl=pt-BR&g_ep=EgoyMDI2MDkwOC4wIJJjKgBIAVAD&rclk=1,"https://www.google.com/maps?q=-3.1156817,-52.2365347",revisado,Revisar,sem contato,cadastur | google_maps | youtube | visitaltamira
atm_0112,Chácara Chaves,empresa,Cabana de camping,atrativos,"A entidade turística é a Chácara Chaves, classificada como Cabana de camping e atrativo. Localizada em Altamira, PA, o endereço registrado é Altamira, PA, 68371-028. As coordenadas são -3.2044849, -52.2078729 (Fonte: google_maps:503:83aba5d8ae, 2026-09-11). Foi priorizada a opção com nome mais completo e endereço mais detalhado.",Altamira,PA,,,28,,"-3,2044849","-52,2078729",,,,,,,,,,,https://www.google.com/maps/place/Ch%C3%A1cara/data=!4m7!3m6!1s0x929239006c4d5dc9:0x3cbd3eb3b0bfa80c!8m2!3d-3.1696292!4d-52.2232823!16s%2Fg%2F11z65h3qjc!19sChIJyV1NbAA5kpIRDKi_sLM-vTw?authuser=0&hl=pt-BR&g_ep=EgoyMDI2MDkwOC4wIJJjKgBIAVAD&rclk=1,"https://www.google.com/maps?q=-3.2044849,-52.2078729",revisado_com_pendencias,Revisar,sem contato | pendências da fonte,cadastur | google_maps | youtube | visitaltamira
atm_0113,Encanto Mateus,empresa,Cabana de camping,atrativos,"Encanto Mateus é uma cabana de camping e atrativo em Altamira, PA. O endereço é Estrada para - Altamira, PA, e pode ser contatado pelo telefone (93) 99137-9108. O site é http://www.instagram.com/encantomateusatm/. Coordenadas: -3.1641728, -52.2932612 (Fonte: google_maps:549:83aba5d8ae, 2026-09-11).",Altamira,PA,Estrada Para -,,,,"-3,1641728","-52,2932612",(93) 99137-9108,,,http://www.instagram.com/encantomateusatm/,,,,,,,https://www.google.com/maps/place/Encanto+Mateus/data=!4m7!3m6!1s0x92923f5f369d8a91:0x94d904ee4b0f1d4f!8m2!3d-3.1641728!4d-52.2932612!16s%2Fg%2F11shlm286s!19sChIJkYqdNl8_kpIRTx0PS-4E2ZQ?authuser=0&hl=pt-BR&g_ep=EgoyMDI2MDkwOC4wIJJjKgBIAVAD&rclk=1,"https://www.google.com/maps?q=-3.1641728,-52.2932612",revisado_com_pendencias,Revisar,pendências da fonte,cadastur | google_maps | youtube | visitaltamira
atm_0114,Sitio Vida Nova Casa da Joyce E Herykris,empresa,Cabana de camping,atrativos,"Entidade turística consolidada como 'sitio vida nova casa da joyce e herykris', classificada como Cabana de camping e atrativo. Localizada em Altamira, PA. O endereço é Altamira, PA, 68371-028. Coordenadas e dados de contato vêm do Google Maps (2026-09-11). Pendências: Nenhuma.",Altamira,PA,,,28,,"-3,2044849","-52,2078729",,,,,,,,,,,https://www.google.com/maps/place/sitio+vida+nova+casa+da+joyce+e+herykris/data=!4m7!3m6!1s0x929239003624e39f:0xacdae6692eda3a3!8m2!3d-3.2044849!4d-52.2078729!16s%2Fg%2F11vyw5dj5t!19sChIJn-MkNgA5kpIRo6PtkmauzQo?authuser=0&hl=pt-BR&g_ep=EgoyMDI2MDkwOC4wIJJjKgBIAVAD&rclk=1,"https://www.google.com/maps?q=-3.2044849,-52.2078729",revisado,Revisar,sem contato,cadastur | google_maps | youtube | visitaltamira | https://hotelcasanovaaltamira.com.br/turismo-em-altamira
atm_0115,21 Quedas D'água,empresa,Cachoeiras,"Ecoturismo, Natureza","A 21 Quedas d'água é um atrativo natural em Altamira/PA, classificado como Cachoeiras e Ecoturismo/Natureza. É um espetáculo natural, ideal para contemplação e fotografia, voltado para aventureiros e amantes da natureza. O endereço é na Região de Altamira (Fonte: youtube:86:1dcfa867f9, data: 2026-09-11).",Altamira,PA,Região de Altamira,,,,,,,,,,,,"Contemplação de natureza, fotografia",,,,https://www.youtube.com/watch?v=JFJgD8B6Q4E,,revisado,Revisar,sem coordenadas | sem contato,cadastur | google_maps | youtube | visitaltamira
atm_0116,Cachoeira da Serra,ponto_turistico,Cachoeiras,Divisa com Mato Grosso,"Cachoeira da Serra é uma atração de cachoeiras em Altamira/PA, localizada na divisa com Mato Grosso. Oferece banho de cachoeira e contemplação, sendo ideal para aventureiros e amantes da natureza. (Fonte: youtube:200:1dcfa867f9, 2026-09-11)",Altamira,PA,Divisa Com O Estado do Mato Grosso,,,,,,,,,,,,"Banho de cachoeira, contemplação",,,,https://www.youtube.com/watch?v=RHCxf6BfGYk,,revisado,Revisar,sem coordenadas | sem contato,cadastur | google_maps | youtube | visitaltamira
atm_0117,Cachoeira do Aipim,ponto_turistico,Cachoeiras,"Ecoturismo, Natureza","Entidade turística 'Cachoeira do Aipim' em Altamira/PA. É classificada como Cachoeira, com foco em Ecoturismo e Natureza. O endereço fornecido é Altamira, Pará. As informações são baseadas em um vídeo do YouTube (2026-09-11).",Altamira,PA,,,,"Altamira, Pará",,,,,,,,,,,,,https://www.youtube.com/watch?v=PmuSwGJwSLM,,revisado,Revisar,sem coordenadas | sem contato,cadastur | google_maps | youtube | visitaltamira
atm_0118,Cachoeira do Xingu (Xingu Na Veia),ponto_turistico,Cachoeiras,"Ecoturismo, Aventura, Rio Xingu","Cachoeira do Xingu (Xingu na Veia) é uma atração de cachoeira em Altamira/PA, classificada como Ecoturismo e Aventura. É um espetáculo natural com força impressionante, ideal para aventureiros e amantes da natureza, oferecendo atividades como contemplação e fotografia. O endereço é na região conhecida como Xingu na Veia (Fonte: youtube:33:1dcfa867f9, 2026-09-11).",Altamira,PA,Região Conhecida Como Xingu Na Veia.,,,,,,,,,,,,"Contemplação, fotografia, aventura.",,,,https://www.youtube.com/watch?v=qEGXlnQNPm0,,revisado,Revisar,sem coordenadas | sem contato,cadastur | google_maps | youtube | visitaltamira
atm_0119,Cachoeiras da Região,ponto_turistico,Cachoeiras,"Ecoturismo, Hidrografia","Entidade turística 'Cachoeiras da região' em Altamira/PA. É classificada como Cachoeiras, com foco em Ecoturismo e Hidrografia. O local é ideal para contemplação e banho de rio, sendo recomendado para aventureiros e amantes da natureza. O endereço é na Região de Altamira.",Altamira,PA,Região de Altamira,,,,,,,,,,,,"Contemplação, banho de rio, ecoturismo",,,,https://www.youtube.com/watch?v=cPuQr_1SnIk,,revisado,Revisar,sem coordenadas | sem contato,cadastur | google_maps | youtube | visitaltamira
atm_0120,Cachoeiras de Altamira,ponto_turistico,Cachoeiras,"Rio Xingu, Ecoturismo, Águas Verdes","A entidade é 'Cachoeiras de Altamira', classificada como Cachoeiras. Localizada em Altamira-PA, o endereço é no Território de Altamira, Rio Xingu. Possui coordenadas aproximadas (-3.6516518, -52.3785804) e é ideal para banho de rio e ecoturismo, sendo voltada para aventureiros e amantes da natureza. O horário de funcionamento é bom para nadar o ano todo.",Altamira,PA,"Território de Altamira, Rio Xingu",,Rio Xingu,,"-3,6516518","-52,3785804",,,,,,Excelentes para nadar durante todo o ano,"Banho de rio, Ecoturismo",,,,"https://www.google.com/maps/place/cachoeira+do+Espelho,+Altamira+-PA/data=!4m7!3m6!1s0x9292930014d73c5b:0x91696368a0186dcb!8m2!3d-3.6516518!4d-52.3785804!16s%2Fg%2F11z358p2r7!19sChIJWzzXFACTkpIRy20YoGhjaZE?authuser=0&hl=pt-BR&g_ep=EgoyMDI2MDkwOC4wIJJjKgBIAVAD&rclk=1","https://www.google.com/maps?q=-3.6516518,-52.3785804",revisado_com_pendencias,Revisar,sem contato | pendências da fonte,cadastur | google_maps | youtube | visitaltamira
atm_0121,Café E Pizzaria Lima,empresa,Cafeteria,alimentacao,"CAFÉ E PIZZARIA LIMA é uma cafeteria e estabelecimento de alimentação em Altamira, PA. Localizado na Bela Vista, o endereço é R. Pinheiro - Bela Vista, e o contato é (93) 99901-6517. As coordenadas são -3.2108119, -52.2355827 (Fonte: google_maps, 2026-09-11).",Altamira,PA,R. Pinheiro,,Bela Vista,,"-3,2108119","-52,2355827",(93) 99901-6517,,,,,,,,,,https://www.google.com/maps/place/CAF%C3%89+E+PIZZARIA+LIMA/data=!4m7!3m6!1s0x9292390052d6f8d3:0xfb2ab37f24036e7!8m2!3d-3.2108119!4d-52.2355827!16s%2Fg%2F11x1h7zk2k!19sChIJ0_jWUgA5kpIR5zZA8jersg8?authuser=0&hl=pt-BR&g_ep=EgoyMDI2MDkwOC4wIJJjKgBIAVAD&rclk=1,"https://www.google.com/maps?q=-3.2108119,-52.2355827",revisado,Apto para conferência final,,cadastur | google_maps | youtube | visitaltamira
atm_0122,Chacara Geovana,empresa,Casa de campo,atrativos,"Consolidado o registro da Chacara Geovana em Altamira/PA. A categoria principal é Casa de campo, com endereço em Ramal do Cipó Ambé, 65. Contato: (93) 98405-0266. Coordenadas e dados extraídos da fonte google_maps:481:83aba5d8ae.",Altamira,PA,"Ramal do Cipó Ambé, 65 -",,,,"-3,1122292","-52,2266464",(93) 98405-0266,,,,,,,,,,https://www.google.com/maps/place/Ch%C3%A1cara/data=!4m7!3m6!1s0x929239006c4d5dc9:0x3cbd3eb3b0bfa80c!8m2!3d-3.1696292!4d-52.2232823!16s%2Fg%2F11z65h3qjc!19sChIJyV1NbAA5kpIRDKi_sLM-vTw?authuser=0&hl=pt-BR&g_ep=EgoyMDI2MDkwOC4wIJJjKgBIAVAD&rclk=1,"https://www.google.com/maps?q=-3.1122292,-52.2266464",revisado,Apto para conferência final,,cadastur | google_maps | youtube | visitaltamira
atm_0123,Chácara Don Lourenzo,empresa,Casa de campo,atrativos,"Consolidado os dados da Chácara Don Lourenzo em Altamira/PA, utilizando as informações mais completas da fonte google_maps:463:83aba5d8ae. O local é classificado como Casa de campo e atrativo, com endereço, telefone e site disponíveis. Coordenadas e endereço completos foram priorizados.",Altamira,PA,Av. Tancredo Neves,5013,Don Lourenzo,,"-3,2223436","-52,2256487",(93) 99171-1869,,,https://www.facebook.com/chacaradonlourenzo/?fref=ts,,,,,,,https://www.google.com/maps/place/Ch%C3%A1cara+Don+Lourenzo/data=!4m7!3m6!1s0x929238388237b1ad:0xe101b4deebc42113!8m2!3d-3.2223436!4d-52.2256487!16s%2Fg%2F124ybtqgp!19sChIJrbE3gjg4kpIREyHE6960AeE?authuser=0&hl=pt-BR&g_ep=EgoyMDI2MDkwOC4wIJJjKgBIAVAD&rclk=1,"https://www.google.com/maps?q=-3.2223436,-52.2256487",revisado,Apto para conferência final,,cadastur | google_maps | youtube | visitaltamira
atm_0124,Chácara Recanto Das Araras,empresa,Casa de campo,atrativos,"Consolidado como Chácara Recanto das Araras, classificada como Casa de campo. Localizada em Altamira/PA. Endereço: RMVP+F3 - Altamira, PA. Coordenadas: -3.1562751, -52.3148443 (Fonte: google_maps:490:83aba5d8ae, 2026-09-11). Pendência no bairro (usado o de outra fonte).",Altamira,PA,,,Pa,,"-3,1562751","-52,3148443",,,,,,,,,,,https://www.google.com/maps/place/Ch%C3%A1cara/data=!4m7!3m6!1s0x929239006c4d5dc9:0x3cbd3eb3b0bfa80c!8m2!3d-3.1696292!4d-52.2232823!16s%2Fg%2F11z65h3qjc!19sChIJyV1NbAA5kpIRDKi_sLM-vTw?authuser=0&hl=pt-BR&g_ep=EgoyMDI2MDkwOC4wIJJjKgBIAVAD&rclk=1,"https://www.google.com/maps?q=-3.1562751,-52.3148443",revisado_com_pendencias,Revisar,sem contato | pendências da fonte,cadastur | google_maps | youtube | visitaltamira
atm_0125,Chácara Santos,empresa,Casa de campo,atrativos,"A entidade turística é a Chácara Santos, classificada como Casa de campo em Altamira/PA. O endereço é RPQC+MP - Altamira, PA. As coordenadas são -3.1603619, -52.2794982 (Fonte: google_maps:497:83aba5d8ae, data: 2026-09-11 13:34:12). Foi priorizada a opção com o nome completo 'Chácara Santos'.",Altamira,PA,,,,,"-3,1603619","-52,2794982",,,,,,,,,,,https://www.google.com/maps/place/Ch%C3%A1cara/data=!4m7!3m6!1s0x929239006c4d5dc9:0x3cbd3eb3b0bfa80c!8m2!3d-3.1696292!4d-52.2232823!16s%2Fg%2F11z65h3qjc!19sChIJyV1NbAA5kpIRDKi_sLM-vTw?authuser=0&hl=pt-BR&g_ep=EgoyMDI2MDkwOC4wIJJjKgBIAVAD&rclk=1,"https://www.google.com/maps?q=-3.1603619,-52.2794982",revisado,Revisar,sem contato,cadastur | google_maps | youtube | visitaltamira
atm_0126,Chácara São José,empresa,Casa de campo,atrativos,"Consolidado como Chácara São José, uma casa de campo em Altamira, PA. O endereço é Ramal do Cipó Ambé - Altamira, PA. Coordenadas e informações de contato são baseadas na fonte google_maps:485:83aba5d8ae (2026-09-11 13:33:31). Pendência: O bairro listado é 'PA', que pode ser incorreto.",Altamira,PA,Ramal do Cipó Ambé -,,,,"-3,1118525","-52,225518",,,,,,,,,,,https://www.google.com/maps/place/Ch%C3%A1cara/data=!4m7!3m6!1s0x929239006c4d5dc9:0x3cbd3eb3b0bfa80c!8m2!3d-3.1696292!4d-52.2232823!16s%2Fg%2F11z65h3qjc!19sChIJyV1NbAA5kpIRDKi_sLM-vTw?authuser=0&hl=pt-BR&g_ep=EgoyMDI2MDkwOC4wIJJjKgBIAVAD&rclk=1,"https://www.google.com/maps?q=-3.1118525,-52.225518",revisado_com_pendencias,Revisar,sem contato | pendências da fonte,cadastur | google_maps | youtube | visitaltamira
atm_0127,Chácara do Nocego,empresa,Casa de campo,atrativos,"A entidade turística é a Chácara do nocego, classificada como Casa de campo. O endereço é Vc traíras Ramal traíras Estrada da Cachoeirinha Zona rural, Altamira - PA, 68370-001. As coordenadas são -3.172254, -52.2806795 (Fonte: google_maps:500:83aba5d8ae, 2026-09-11). Foi priorizada a opção com nome mais específico e endereço completo.",Altamira,PA,Vc Traíras Ramal Traíras Estrada da Cachoeirinha Zona Rural,,Pa,,"-3,172254","-52,2806795",,,,,,,,,,,https://www.google.com/maps/place/Ch%C3%A1cara/data=!4m7!3m6!1s0x929239006c4d5dc9:0x3cbd3eb3b0bfa80c!8m2!3d-3.1696292!4d-52.2232823!16s%2Fg%2F11z65h3qjc!19sChIJyV1NbAA5kpIRDKi_sLM-vTw?authuser=0&hl=pt-BR&g_ep=EgoyMDI2MDkwOC4wIJJjKgBIAVAD&rclk=1,"https://www.google.com/maps?q=-3.172254,-52.2806795",revisado_com_pendencias,Revisar,sem contato | pendências da fonte,cadastur | google_maps | youtube | visitaltamira
atm_0128,Chácara Pessoa,empresa,Casa de campo,atrativos,"Consolidado o registro da 'Chácara pessoa' em Altamira/PA. A categoria principal é 'Casa de campo' e o endereço é RPRM+VF - Altamira, PA. Coordenadas e informações de fonte vêm do google_maps:487:83aba5d8ae (2026-09-11). Foi usado o bairro de uma ocorrência anterior (google_maps:469:83aba5d8ae) por falta de evidência específica para a unidade selecionada.",Altamira,PA,,,Pa,,"-3,1577431","-52,2663728",,,,,,,,,,,https://www.google.com/maps/place/Ch%C3%A1cara/data=!4m7!3m6!1s0x929239006c4d5dc9:0x3cbd3eb3b0bfa80c!8m2!3d-3.1696292!4d-52.2232823!16s%2Fg%2F11z65h3qjc!19sChIJyV1NbAA5kpIRDKi_sLM-vTw?authuser=0&hl=pt-BR&g_ep=EgoyMDI2MDkwOC4wIJJjKgBIAVAD&rclk=1,"https://www.google.com/maps?q=-3.1577431,-52.2663728",revisado_com_pendencias,Revisar,sem contato | pendências da fonte,cadastur | google_maps | youtube | visitaltamira
atm_0129,Balneário,empresa,Casa noturna,atrativos,"Consolidado o registro para 'Balneário' (ID: google_maps:21:83aba5d8ae). A categoria principal é Casa noturna, com secundária de Atrativos. Localizado em Altamira/PA. Possui endereço, coordenadas e telefone registrados na fonte google_maps (2026-09-11 11:56:58). Foi priorizado este registro por ser o mais genérico e com dados completos disponíveis na fonte principal.",Altamira,PA,,17,Mutirão,,"-3,1816538","-52,210184",,,,,,,,,,,https://visitaltamira.com.br/pt/empresa/balneario-luiz-do-pedral,"https://www.google.com/maps?q=-3.1816538,-52.210184",revisado_com_pendencias,Revisar,sem contato | pendências da fonte,cadastur | google_maps | youtube | visitaltamira
atm_0130,Caverna Pub,empresa,Casa noturna,alimentacao,"Caverna Pub é uma casa noturna e local de alimentação em Altamira, PA. O endereço é R. 7 de Setembro - Centro, e o contato é (93) 99144-7155. As coordenadas são -3.205238, -52.2099314 (Fonte: google_maps, 2026-09-11).",Altamira,PA,R. 7 de Setembro,,Centro,,"-3,205238","-52,2099314",(93) 99144-7155,,,,,,,,,,https://www.google.com/maps/place/Caverna+Pub/data=!4m7!3m6!1s0x929239dc015b2adb:0x27a44067e688fd70!8m2!3d-3.205238!4d-52.2099314!16s%2Fg%2F11nn4bbrm9!19sChIJ2ypbAdw5kpIRcP2I5mdApCc?authuser=0&hl=pt-BR&g_ep=EgoyMDI2MDkwOC4wIJJjKgBIAVAD&rclk=1,"https://www.google.com/maps?q=-3.205238,-52.2099314",revisado,Apto para conferência final,,cadastur | google_maps | youtube | visitaltamira
atm_0131,Catedral Sagrado Coração de Jesus,empresa,Catedral católica,"Igreja Católica, Turismo Religioso","A Catedral Sagrado Coração de Jesus, em Altamira-PA, é um marco religioso. O endereço principal é R. Cel. José Porfírio, 1322, e o telefone é (93) 3515-3928. A categoria principal é Catedral católica, e há evidências de serviços de visitação religiosa. As coordenadas e o endereço são fornecidos pelo Google Maps (2026-09-11). A imagem de capa e a galeria de fotos vêm do Visita Altamira.",Altamira,PA,R. Cel. José Porfírio,1322,Catedral,,"-3,204954","-52,2064118",(93) 3515-3928,,,,,,Visitação religiosa,,Não,,https://visitaltamira.com.br/pt/ponto/catedral-sagrado-coracao-de-jesus,"https://www.google.com/maps?q=-3.204954,-52.2064118",revisado_com_pendencias,Revisar,pendências da fonte,cadastur | google_maps | youtube | visitaltamira | https://gcatholic.org/churches/brazil/2638 | https://www.buser.com.br/destinos/pontos-turisticos/ro/porto-velho-ro/catedral-sagrado-coracao-de-jesus
atm_0132,Avenida Sete de Setembro,empresa,Centro Urbano,"Principal Avenida, Comércio","A Avenida Sete de Setembro é uma avenida principal em Altamira/PA, classificada como Centro Urbano. Possui comércio variado (Caixa Econômica, Casas Bahia, Magazine Luiza, Lojas Americanas) e serviços essenciais como saúde e serviços bancários. É um local de interesse para todos os públicos, conforme evidenciado por um vídeo do YouTube (youtube:167:1dcfa867f9).",Altamira,PA,"Centro, Altamira",,,,,,,,,,,,"Compras, serviços bancários, saúde",,,,https://www.youtube.com/watch?v=HoIibTnSgrc,,revisado,Revisar,sem coordenadas | sem contato,cadastur | google_maps | youtube | visitaltamira
atm_0133,Cdc Saúde,empresa,Centro médico,saude,"Consolidado o registro do CDC SAÚDE em Altamira/PA, utilizando dados do Google Maps (290:83aba5d8ae). O local é classificado como Centro médico, situado na Tv. Pedro Gomes, 1213 - Centro. Contatos e site disponíveis. Priorizada a evidência mais completa e alinhada ao nome buscado.",Altamira,PA,Tv. Pedro Gomes,1213,Centro,,"-3,2063489","-52,2181559",(93) 99149-2800,,,http://cdcsaude.com/,,,,,,,https://www.google.com/maps/place/CDC+SA%C3%9ADE/data=!4m7!3m6!1s0x929239bd0b8e1955:0x37f7d1764adbda6b!8m2!3d-3.2063489!4d-52.2181559!16s%2Fg%2F11r7nmt752!19sChIJVRmOC705kpIRa9rbSnbR9zc?authuser=0&hl=pt-BR&g_ep=EgoyMDI2MDkwOC4wIJJjKgBIAVAD&rclk=1,"https://www.google.com/maps?q=-3.2063489,-52.2181559",revisado,Apto para conferência final,,cadastur | google_maps | youtube | visitaltamira
atm_0134,Centro Médico Amazônia,empresa,Centro médico,saude,"Centro Médico Amazônia é um centro médico localizado em Altamira, PA. O endereço é Av. João Rodrigues, 2415 - Piso 01 - Premem, e o contato é (93) 99220-2900. O site é https://bio.site/CentroMedicoAmazonia. As coordenadas são -3.2099667, -52.2164903 (Fonte: google_maps, 2026-09-11).",Altamira,PA,Av. João Rodrigues,2415,Premem,Piso 01,"-3,2099667","-52,2164903",(93) 99220-2900,,,https://bio.site/CentroMedicoAmazonia,,,,,,,https://www.google.com/maps/place/Centro+M%C3%A9dico+Amaz%C3%B4nia/data=!4m7!3m6!1s0x9292394ca03e7a15:0xf204249bce4221db!8m2!3d-3.2099667!4d-52.2164903!16s%2Fg%2F11zdh0y6t2!19sChIJFXo-oEw5kpIR2yFCzpskBPI?authuser=0&hl=pt-BR&g_ep=EgoyMDI2MDkwOC4wIJJjKgBIAVAD&rclk=1,"https://www.google.com/maps?q=-3.2099667,-52.2164903",revisado,Apto para conferência final,,cadastur | google_maps | youtube | visitaltamira
atm_0135,Laboratório Central de Altamira,empresa,Centro médico,saude,"Laboratório Central de Altamira, um centro médico de saúde em Altamira-PA. Localizado na R. Anchieta, 1935, o contato é (93) 3515-9695 e o site é http://www.labcentralaltamira.com.br/. Coordenadas: -3.205445, -52.2146835. (Fonte: google_maps:294:83aba5d8ae)",Altamira,PA,"Centro, R. Anchieta",1935,,,"-3,205445","-52,2146835",(93) 3515-9695,,,http://www.labcentralaltamira.com.br/,,,,,,,https://www.google.com/maps/place/Laborat%C3%B3rio+Central+de+Altamira/data=!4m7!3m6!1s0x9292386b770e5f4b:0x6d4e41c1e11354b0!8m2!3d-3.205445!4d-52.2146835!16s%2Fg%2F11c2nr3535!19sChIJS18Od2s4kpIRsFQT4cFBTm0?authuser=0&hl=pt-BR&g_ep=EgoyMDI2MDkwOC4wIJJjKgBIAVAD&rclk=1,"https://www.google.com/maps?q=-3.205445,-52.2146835",revisado_com_pendencias,Revisar,pendências da fonte,cadastur | google_maps | youtube | visitaltamira
atm_0136,Simboli Centro Médico,empresa,Centro médico,saude,"Simboli Centro Médico é um centro médico localizado em Altamira, PA, no bairro Ac. Dois. O endereço é lado da loja Sancar - Ac. Dois, 386 - Lote 22 Quadra 10. O contato é (93) 99129-1921 e o site é um perfil do Instagram. As coordenadas são -3.215755, -52.2176384 (Fonte: google_maps:296:83aba5d8ae, 2026-09-11).",Altamira,PA,Lado da Loja Sancar,,Esplanada do Xingu,"Ac. Dois, 386 - Lote 22 Quadra 10. Ao","-3,215755","-52,2176384",(93) 99129-1921,,,https://www.instagram.com/simboli.centromedico?igsh=YnV6ZXNmcGU3amx3&utm_source=qr,,,,,,,https://www.google.com/maps/place/Simboli+Centro+M%C3%A9dico/data=!4m7!3m6!1s0x929239c895989a73:0xccc141d0b6b4eeb!8m2!3d-3.215755!4d-52.2176384!16s%2Fg%2F11yx7_dsss!19sChIJc5qYlcg5kpIR605rCx0UzAw?authuser=0&hl=pt-BR&g_ep=EgoyMDI2MDkwOC4wIJJjKgBIAVAD&rclk=1,"https://www.google.com/maps?q=-3.215755,-52.2176384",revisado_com_pendencias,Revisar,pendências da fonte,cadastur | google_maps | youtube | visitaltamira
atm_0137,Viver Centro de Saúde,empresa,Centro médico,saude,"Consolidado o Viver Centro de Saúde em Altamira/PA, utilizando os dados da ocorrência mais completa (google_maps:289:83aba5d8ae). O endereço é R. Manoel Umbuzeiro, 1912 - Centro, e o contato é (93) 99245-3703. O site disponível é http://www.clinicaviveraltamira.com.br/.",Altamira,PA,R. Manoel Umbuzeiro,1912,Centro,,"-3,2059286","-52,2137418",(93) 99245-3703,,,http://www.clinicaviveraltamira.com.br/,,,,,,,https://www.google.com/maps/place/Viver+Centro+de+Sa%C3%BAde/data=!4m7!3m6!1s0x9292386c5382dfef:0x15db27ce8f16e3fa!8m2!3d-3.2059286!4d-52.2137418!16s%2Fg%2F11b7yn95w2!19sChIJ79-CU2w4kpIR-uMWj84n2xU?authuser=0&hl=pt-BR&g_ep=EgoyMDI2MDkwOC4wIJJjKgBIAVAD&rclk=1,"https://www.google.com/maps?q=-3.2059286,-52.2137418",revisado,Revisar,possível duplicidade,cadastur | google_maps | youtube | visitaltamira
atm_0138,Viver Centro de Saúde - Unidade da Brasília,empresa,Centro médico,saude,"Consolidado o registro da Viver Centro de Saúde - Unidade da Brasília, utilizando dados do Google Maps (ID: google_maps:617:83aba5d8ae). O endereço é Av. João Coelho - Brasília, Altamira - PA, e o telefone é (93) 99245-3703. O site associado é http://www.clinicaviveraltamira.com.br/ (fonte do primeiro registro). Não foi possível confirmar horário de funcionamento atualizado para esta unidade específica.",Altamira,PA,Av. João Coelho,,Brasília,,"-3,1984302","-52,2106462",(93) 99245-3703,,,http://www.clinicaviveraltamira.com.br/,,,,,,,https://www.google.com/maps/place/Viver+Centro+de+Sa%C3%BAde/data=!4m7!3m6!1s0x9292386c5382dfef:0x15db27ce8f16e3fa!8m2!3d-3.2059286!4d-52.2137418!16s%2Fg%2F11b7yn95w2!19sChIJ79-CU2w4kpIR-uMWj84n2xU?authuser=0&hl=pt-BR&g_ep=EgoyMDI2MDkwOC4wIJJjKgBIAVAD&rclk=1,"https://www.google.com/maps?q=-3.1984302,-52.2106462",revisado_com_pendencias,Revisar,pendências da fonte | possível duplicidade,cadastur | google_maps | youtube | visitaltamira | https://clinicaviver.com/unidades/ | https://paginaamarela.com.br/empresa/unidade-de-saude-brasilia/criciuma/sc/8673400
atm_0139,Centro de Saúde,empresa,Centro médico público,saude,"Consolidado o Centro de Saúde (google_maps:308:83aba5d8ae) em Altamira/PA. O endereço é R. 7 de Setembro, 2047 - Centro, e o telefone é (93) 3515-1877. A categoria principal é Centro médico público.",Altamira,PA,R. 7 de Setembro,2047,Centro,,"-3,2082184","-52,2126754",(93) 3515-1877,,,,,,,,,,https://www.google.com/maps/place/Viver+Centro+de+Sa%C3%BAde/data=!4m7!3m6!1s0x9292386c5382dfef:0x15db27ce8f16e3fa!8m2!3d-3.2059286!4d-52.2137418!16s%2Fg%2F11b7yn95w2!19sChIJ79-CU2w4kpIR-uMWj84n2xU?authuser=0&hl=pt-BR&g_ep=EgoyMDI2MDkwOC4wIJJjKgBIAVAD&rclk=1,"https://www.google.com/maps?q=-3.2082184,-52.2126754",revisado,Apto para conferência final,,cadastur | google_maps | youtube | visitaltamira | https://parauapebas.pa.gov.br/destaque/mudanca-de-endereco-da-ubs-altamira/
atm_0140,Ubs Vila Canopus,empresa,Centro médico público,saude,"UBS Vila Canopus, um centro médico público em Altamira/PA, localizado na Tv. Paula Marques - Catedral. O contato é (93) 3515-2297. Coordenadas e informações obtidas via Google Maps (2026-09-11).",Altamira,PA,Tv. Paula Marques,,Catedral,,"-3,2040419","-52,2066958",(93) 3515-2297,,,,,,,,,,https://www.google.com/maps/place/UBS+Vila+Canopus/data=!4m7!3m6!1s0x9292381685ae6f69:0xc6cb96f16ca4603f!8m2!3d-3.2040419!4d-52.2066958!16s%2Fg%2F11xrmgq0bx!19sChIJaW-uhRY4kpIRP2CkbPGWy8Y?authuser=0&hl=pt-BR&g_ep=EgoyMDI2MDkwOC4wIJJjKgBIAVAD&rclk=1,"https://www.google.com/maps?q=-3.2040419,-52.2066958",revisado,Apto para conferência final,,cadastur | google_maps | youtube | visitaltamira
atm_0141,Usf Jardim Independente Ii,empresa,Centro médico público,saude,"USF Jardim Independente II é um centro médico público localizado em Altamira/PA. O endereço é R. Lucindo Câmara, 4380 - Jardim Independente I. Contato: (93) 3515-2297. Coordenadas e site disponíveis (Fonte: google_maps, 2026-09-11).",Altamira,PA,R. Lucindo Câmara,4380,Jardim Independente I,,"-3,2226279","-52,2291772",(93) 3515-2297,,,https://cnes.datasus.gov.br/pages/estabelecimentos/consulta.jsp?search=2330504,,,,,,,https://www.google.com/maps/place/USF+Jardim+Independente+II/data=!4m7!3m6!1s0x92924780686b8225:0xe2dd2316ba4e4ec5!8m2!3d-3.2226279!4d-52.2291772!16s%2Fg%2F11y26z639v!19sChIJJYJraIBHkpIRxU5OuhYj3eI?authuser=0&hl=pt-BR&g_ep=EgoyMDI2MDkwOC4wIJJjKgBIAVAD&rclk=1,"https://www.google.com/maps?q=-3.2226279,-52.2291772",revisado,Apto para conferência final,,cadastur | google_maps | youtube | visitaltamira
atm_0142,Altamira Beer,empresa,Cervejaria,atrativos,"Entidade turística consolidada como ALTAMIRA BEER, uma Cervejaria em Altamira/PA. O endereço é R. Salim Mauad, 414 - Jardim Independente II. Contato: (93) 3515-3105. Coordenadas e detalhes obtidos via Google Maps (2026-09-11). Não há pendências.",Altamira,PA,R. Salim Mauad,414,Jardim Independente Ii,,"-3,2209666","-52,2214562",(93) 3515-3105,,,,,,,,,,https://www.google.com/maps/place/ALTAMIRA+BEER/data=!4m7!3m6!1s0x92924788f1fab909:0xd2143dbd4ee4c656!8m2!3d-3.2209666!4d-52.2214562!16s%2Fg%2F11c2nklfh8!19sChIJCbn68YhHkpIRVsbkTr09FNI?authuser=0&hl=pt-BR&g_ep=EgoyMDI2MDkwOC4wIJJjKgBIAVAD&rclk=1,"https://www.google.com/maps?q=-3.2209666,-52.2214562",revisado,Apto para conferência final,,cadastur | google_maps | youtube | visitaltamira | https://visitaltamira.com.br/pt/empresa/mascotinho-sport-beer
atm_0143,Casa Branca Espetaria,empresa,Churrascaria,alimentacao,"Entidade turística consolidada: CASA BRANCA ESPETARIA, uma Churrascaria de alimentação em Altamira/PA. O endereço é Av. João Pessoa, 1693 - Esplanada do Xingu. Contato: (93) 99135-7278. Coordenadas e dados obtidos via Google Maps (2026-09-11).",Altamira,PA,Av. João Pessoa,1693,Esplanada do Xingu,,"-3,2159607","-52,213898",(93) 99135-7278,,,,,,,,,,https://www.google.com/maps/place/CASA+BRANCA+ESPETARIA/data=!4m7!3m6!1s0x929239001d9f5257:0xe1630ca3bf5ed12c!8m2!3d-3.2159607!4d-52.213898!16s%2Fg%2F11zg3m3d5k!19sChIJV1KfHQA5kpIRLNFev6MMY-E?authuser=0&hl=pt-BR&g_ep=EgoyMDI2MDkwOC4wIJJjKgBIAVAD&rclk=1,"https://www.google.com/maps?q=-3.2159607,-52.213898",revisado,Apto para conferência final,,cadastur | google_maps | youtube | visitaltamira
atm_0144,Churrascaria Bom Preço,empresa,Churrascaria,alimentacao,"Consolidado os dados da Churrascaria Bom Preço, utilizando a primeira ocorrência do Google Maps (ID: 170:83aba5d8ae) como fonte principal. A unidade é classificada como Churrascaria/Alimentação, localizada em Altamira/PA, no bairro Jardim Uirapuru. O endereço é Tv. Minas Gerais - Jardim Uirapuru, Altamira - PA, CEP 68374-140. Contato: (93) 99126-7905.",Altamira,PA,Tv. Minas Gerais,,Jardim Uirapuru,,"-3,2096961","-52,2276344",(93) 99126-7905,,,,,,,,,,https://www.google.com/maps/place/Churrascaria+Bom+Pre%C3%A7o/data=!4m7!3m6!1s0x929239005dba1345:0xc13d574751628af5!8m2!3d-3.2096961!4d-52.2276344!16s%2Fg%2F11wtw5_h58!19sChIJRRO6XQA5kpIR9YpiUUdXPcE?authuser=0&hl=pt-BR&g_ep=EgoyMDI2MDkwOC4wIJJjKgBIAVAD&rclk=1,"https://www.google.com/maps?q=-3.2096961,-52.2276344",revisado_com_pendencias,Revisar,pendências da fonte,cadastur | google_maps | youtube | visitaltamira
atm_0145,Churrascaria Pôr do Sol,empresa,Churrascaria,alimentacao,"A Churrascaria Pôr Do Sol, classificada como Churrascaria e alimentação, está localizada em Altamira/PA. O endereço é R. Ac. Três, 1838 - Jardim Independente I. Contato: (93) 99196-2603. Coordenadas: -3.2130999, -52.2315655 (Fonte: google_maps, 2026-09-11).",Altamira,PA,R. Ac. Três,1838,Jardim Independente I,,"-3,2130999","-52,2315655",(93) 99196-2603,,,,,,,,,,https://www.google.com/maps/place/Churrascaria+P%C3%B4r+Do+Sol/data=!4m7!3m6!1s0x9292391f96dc7e8b:0xbf72387d605eb109!8m2!3d-3.2130999!4d-52.2315655!16s%2Fg%2F11h4gv5w0g!19sChIJi37clh85kpIRCbFeYH04cr8?authuser=0&hl=pt-BR&g_ep=EgoyMDI2MDkwOC4wIJJjKgBIAVAD&rclk=1,"https://www.google.com/maps?q=-3.2130999,-52.2315655",revisado_com_pendencias,Revisar,pendências da fonte,cadastur | google_maps | youtube | visitaltamira
atm_0146,Churrascaria Rango,empresa,Churrascaria,alimentacao,"Churrascaria Rango é uma churrascaria de alimentação localizada em Altamira, PA, no bairro Jardim Uirapuru. O endereço é Av. Alacid Nunes, 2900. Contato: (93) 99169-6895. Coordenadas: -3.2133313, -52.2322242 (Fonte: google_maps, 2026-09-11).",Altamira,PA,Av. Alacid Nunes,2900,Jardim Uirapuru,,"-3,2133313","-52,2322242",(93) 99169-6895,,,,,,,,,,https://www.google.com/maps/place/Churrascaria+Rango/data=!4m7!3m6!1s0x929239005eed1b97:0x21b970dc50d7d7bc!8m2!3d-3.2133313!4d-52.2322242!16s%2Fg%2F11vr9tt4wz!19sChIJlxvtXgA5kpIRvNfXUNxwuSE?authuser=0&hl=pt-BR&g_ep=EgoyMDI2MDkwOC4wIJJjKgBIAVAD&rclk=1,"https://www.google.com/maps?q=-3.2133313,-52.2322242",revisado_com_pendencias,Revisar,pendências da fonte,cadastur | google_maps | youtube | visitaltamira
atm_0147,Churrascaria Coliseu,empresa,Churrascaria,alimentacao,"A Churrascaria Coliseu em Altamira, PA, pode ser localizada em Av. Alacid Nunes, 4133, Sudam II. O telefone mais consistente é +55 93 99126-9207 (fonte live_c59bc176d1). O horário de funcionamento de segunda-feira é 09:00-15:00 e 17:30-23:00 (fonte live_55fc89f053). Foi priorizado o endereço e telefone da fonte live_c59bc176d1, mas o horário de live_55fc89f053 foi incluído por ser a única informação de horário disponível.",Altamira,PA,"Av. Alacid Nunes, 4133, 68373-500 Altamira, Pará, Brasil",,Sudam Ii,,"-3,2123327","-52,2333235",+55 93 99126-9207,,,,,Seg 09:00-15:00 17:30-23:00,,,,,https://www.google.com/maps/place/Churrascaria+coliseu/data=!4m7!3m6!1s0x9292399c5aab079d:0x2cb0b8642a0eab02!8m2!3d-3.2123327!4d-52.2333235!16s%2Fg%2F11gr65hnbh!19sChIJnQerWpw5kpIRAqsOKmS4sCw?authuser=0&hl=pt-BR&g_ep=EgoyMDI2MDkwOC4wIJJjKgBIAVAD&rclk=1,"https://www.google.com/maps?q=-3.2123327,-52.2333235",revisado_com_pendencias,Revisar,pendências da fonte,cadastur | google_maps | youtube | visitaltamira | https://restaurantguru.com.br/O-Coliseu-Restaurante-e-Churrascaria-Altamira-2 | https://restaurantguru.com.br/Coliseu-Restaurante-Churrascaria-E-Choperia-Brazil-2
atm_0148,Churrasquinho Bom Sabor,empresa,Churrascaria,alimentacao,"Entidade turística consolidada: Churrasquinho Bom Sabor, classificada como Churrascaria/alimentação. Localizada em Altamira/PA, no bairro Jardim Independente I. Endereço: R. Ac. Quatro, 1326. Contato: (93) 99182-4729. Coordenadas: -3.2196572, -52.23168 (Fonte: google_maps, 2026-09-11).",Altamira,PA,R. Ac. Quatro,1326,Jardim Independente I,,"-3,2196572","-52,23168",(93) 99182-4729,,,,,,,,,,https://www.google.com/maps/place/Churrasquinho+Bom+Sabor/data=!4m7!3m6!1s0x929247007995b22f:0xcd18472959f1cb72!8m2!3d-3.2196572!4d-52.23168!16s%2Fg%2F11xkzlvy_v!19sChIJL7KVeQBHkpIRcsvxWSlHGM0?authuser=0&hl=pt-BR&g_ep=EgoyMDI2MDkwOC4wIJJjKgBIAVAD&rclk=1,"https://www.google.com/maps?q=-3.2196572,-52.23168",revisado_com_pendencias,Revisar,pendências da fonte,cadastur | google_maps | youtube | visitaltamira
atm_0149,Espaço Caseiro,empresa,Churrascaria,alimentacao,"Entidade turística 'Espaço Caseiro', classificada como Churrascaria/alimentação, localizada em Altamira/PA. O endereço completo é R. Tomé-Açu, 869 - Jardim independente 1, Altamira - PA, 68372-586. Coordenadas e dados extraídos do Google Maps (2026-09-11).",Altamira,PA,R. Tomé-Açu,869,Jardim Independente 1,,"-3,2150423","-52,2225066",,,,,,,,,,,https://www.google.com/maps/place/Espa%C3%A7o+Caseiro/data=!4m7!3m6!1s0x929239526a355507:0xa6725c43778cec70!8m2!3d-3.2150423!4d-52.2225066!16s%2Fg%2F11shdt30g5!19sChIJB1U1alI5kpIRcOyMd0NccqY?authuser=0&hl=pt-BR&g_ep=EgoyMDI2MDkwOC4wIJJjKgBIAVAD&rclk=1,"https://www.google.com/maps?q=-3.2150423,-52.2225066",revisado,Revisar,sem contato,cadastur | google_maps | youtube | visitaltamira
atm_0150,Frango do Gaúcho Altamira Pará,empresa,Churrascaria,alimentacao,"Entidade turística consolidada: Frango do gaúcho Altamira Pará. É uma Churrascaria de alimentação localizada em Altamira/PA, no bairro Sudam II. O endereço é Av. Perimetral - Sudam II, e o contato é (93) 99175-6573. Coordenadas e dados obtidos via Google Maps (2026-09-11).",Altamira,PA,Av. Perimetral,,Sudam Ii,,"-3,2087777","-52,226838",(93) 99175-6573,,,,,,,,,,https://www.google.com/maps/place/Frango+do+ga%C3%BAcho+Altamira+Par%C3%A1/data=!4m7!3m6!1s0x929239aa3870e58b:0xbe402b6b405f7b1!8m2!3d-3.2087777!4d-52.226838!16s%2Fg%2F11pbbmptnv!19sChIJi-VwOKo5kpIRsfcFtLYC5As?authuser=0&hl=pt-BR&g_ep=EgoyMDI2MDkwOC4wIJJjKgBIAVAD&rclk=1,"https://www.google.com/maps?q=-3.2087777,-52.226838",revisado,Apto para conferência final,,cadastur | google_maps | youtube | visitaltamira
atm_0151,Gosto Real Churrascaria E Peixaria,empresa,Churrascaria,alimentacao,"Consolidado os dados de Gosto Real Churrascaria e Peixaria em Altamira/PA. Priorizou informações do Google Maps para nome, endereço, telefone e coordenadas, mantendo o cadastro do Cadastur para informações complementares como e-mail e status. A unidade é classificada como Churrascaria/Alimentação.",Altamira,PA,R. Cel. José Porfírio,,Esplanada do Xingu,,,,(93) 99126-9207,,GOSTOREALCHURRASCARIA@GMAIL.COM,,,,,,,Regular - Certificado: 46068080000118 (Operação) - Validade: 2026-07-25,https://cadastur.turismo.gov.br/,,revisado_com_pendencias,Revisar,sem coordenadas | pendências da fonte,cadastur | google_maps | youtube | visitaltamira | https://hotelcasanovaaltamira.com.br/churrascaria-casa-nova
atm_0152,Restaurante Dalavra,empresa,Churrascaria,alimentacao,"Entidade turística consolidada como Restaurante DaLavra, uma Churrascaria de alimentação em Altamira/PA. O endereço é Av. Via Oeste - Premem, e o contato é (93) 99181-1924. As coordenadas e informações são baseadas em evidência do Google Maps (2026-09-11). Não há pendências de verificação.",Altamira,PA,Av. Via Oeste,,Premem,,"-3,2216088","-52,2261579",(93) 99181-1924,,,,,,,,,,https://www.google.com/maps/place/Restaurante+DaLavra/data=!4m7!3m6!1s0x929247a588354173:0x63003a1eef27ec2!8m2!3d-3.2216088!4d-52.2261579!16s%2Fg%2F11zd8t00xg!19sChIJc0E1iKVHkpIRwn7y7qEDMAY?authuser=0&hl=pt-BR&g_ep=EgoyMDI2MDkwOC4wIJJjKgBIAVAD&rclk=1,"https://www.google.com/maps?q=-3.2216088,-52.2261579",revisado_com_pendencias,Revisar,pendências da fonte,cadastur | google_maps | youtube | visitaltamira | https://us.trip.com/hotels/marco-de-canaveses-hotel-detail-9878501/casa-altamira
atm_0153,Suare'z Steakehouse Churrascaria,empresa,Churrascaria,alimentacao,"SUARE'Z STEAKEHOUSE CHURRASCARIA é uma churrascaria em Altamira/PA. O endereço é Posto do Mansour - Av. Tancredo Neves, 3601 - Ind.II, e o contato é (93) 99144-7102. As coordenadas são -3.2199729, -52.2220893 (Fonte: google_maps, 2026-09-11).",Altamira,PA,Av. Tancredo Neves,3601,Ind.Ii,,"-3,2199729","-52,2220893",(93) 99144-7102,,,,,,,,,,https://www.google.com/maps/place/SUARE%27Z+STEAKEHOUSE+CHURRASCARIA/data=!4m7!3m6!1s0x9292474054f68e07:0xdf75b132f4c74b06!8m2!3d-3.2199729!4d-52.2220893!16s%2Fg%2F11l4q37v0d!19sChIJB472VEBHkpIRBkvH9DKxdd8?authuser=0&hl=pt-BR&g_ep=EgoyMDI2MDkwOC4wIJJjKgBIAVAD&rclk=1,"https://www.google.com/maps?q=-3.2199729,-52.2220893",revisado_com_pendencias,Revisar,pendências da fonte,cadastur | google_maps | youtube | visitaltamira
atm_0154,Spetus - Espetinho Em Altamira,empresa,Churrascaria,alimentacao,"Entidade turística consolidada: Spetus - Espetinho em Altamira. É classificada como Churrascaria/alimentação, localizada em Altamira/PA. O endereço é Ac. Dois - Esplanada do Xingu, e o contato é (61) 99911-6533. Coordenadas e dados extraídos do Google Maps (2026-09-11).",Altamira,PA,Ac. Dois,,Esplanada do Xingu,,"-3,2160391","-52,217169",(61) 99911-6533,,,,,,,,,,https://www.google.com/maps/place/Spetus+-+Espetinho+em+Altamira/data=!4m7!3m6!1s0x929239e845e883e3:0x58caa5c720c04cff!8m2!3d-3.2160391!4d-52.217169!16s%2Fg%2F11ntmw8y0n!19sChIJ44PoReg5kpIR_0zAIMelylg?authuser=0&hl=pt-BR&g_ep=EgoyMDI2MDkwOC4wIJJjKgBIAVAD&rclk=1,"https://www.google.com/maps?q=-3.2160391,-52.217169",revisado_com_pendencias,Revisar,pendências da fonte,cadastur | google_maps | youtube | visitaltamira
atm_0155,Churrasquinho do Irmão,empresa,Churrascaria especializada em miúdos,alimentacao,"Entidade turística consolidada: Churrasquinho do Irmão, uma churrascaria especializada em miúdos, localizada em Altamira/PA. O endereço é Av. Alacid Nunes - Jardim Independente I. Contato: (93) 99197-7885. Coordenadas e dados extraídos do Google Maps (2026-09-11).",Altamira,PA,Av. Alacid Nunes,,Jardim Independente I,,"-3,2090498","-52,2174036",(93) 99197-7885,,,,,,,,,,https://www.google.com/maps/place/Churrasquinho+do+Irm%C3%A3o/data=!4m7!3m6!1s0x9292387ac78f5419:0x81582b2256027e6c!8m2!3d-3.2090498!4d-52.2174036!16s%2Fg%2F11d_7z1b7d!19sChIJGVSPx3o4kpIRbH4CViIrWIE?authuser=0&hl=pt-BR&g_ep=EgoyMDI2MDkwOC4wIJJjKgBIAVAD&rclk=1,"https://www.google.com/maps?q=-3.2090498,-52.2174036",revisado_com_pendencias,Revisar,pendências da fonte,cadastur | google_maps | youtube | visitaltamira
atm_0156,Associação Dos Cabos E Soldados da Pm/Bm do Pará - Grêmio Altamira,empresa,Clube,atrativos,"Entidade turística consolidada com base em dados do Google Maps. Nome: Associação dos Cabos e Soldados da PM/BM do Pará - Grêmio Altamira. Categoria: Clube. Localizada em Altamira/PA, com endereço em Nova Altamira. Coordenadas: Lat -3.1796677, Lon -52.1972502. (Fonte: google_maps:419:83aba5d8ae)",Altamira,PA,Nova Altamira,,Pa,,"-3,1796677","-52,1972502",,,,,,,,,,,https://www.google.com/maps/place/Associa%C3%A7%C3%A3o+dos+Cabos+e+Soldados+da+PM%2FBM+do+Par%C3%A1+-+Gr%C3%AAmio+Altamira/data=!4m7!3m6!1s0x929239d6c3d4a3b1:0xe31427b891bcfb68!8m2!3d-3.1796677!4d-52.1972502!16s%2Fg%2F11btwszh1f!19sChIJsaPUw9Y5kpIRaPu8kbgnFOM?authuser=0&hl=pt-BR&g_ep=EgoyMDI2MDkwOC4wIJJjKgBIAVAD&rclk=1,"https://www.google.com/maps?q=-3.1796677,-52.1972502",revisado_com_pendencias,Revisar,sem contato | pendências da fonte,cadastur | google_maps | youtube | visitaltamira | https://casadosdados.com.br/solucao/cnpj/associacao-dos-cabos-e-soldados-da-pm-do-estspaulo-61810677000341
atm_0157,Beach Club,empresa,Clube,atrativos,"A entidade 'Beach club' foi consolidada com dados do Google Maps (ID: google_maps:415:83aba5d8ae). É classificado como Clube/Atrações, localizado em Altamira-PA, no bairro Esplanada do Xingu. O endereço é R. Cel. José Porfírio, 3000, e o contato é (93) 99180-9565. Coordenadas: -3.218228, -52.2160213.",Altamira,PA,R. Cel. José Porfírio,3000,Esplanada do Xingu,,"-3,218228","-52,2160213",(93) 99180-9565,,,,,,,,,,https://www.google.com/maps/place/Rio+Xingu+Beach/data=!4m7!3m6!1s0x9292395575df1579:0xa81b8a4441be08!8m2!3d-3.2058603!4d-52.2054132!16s%2Fg%2F11h06_7m_v!19sChIJeRXfdVU5kpIRCL5BRIobqAA?authuser=0&hl=pt-BR&g_ep=EgoyMDI2MDkwOC4wIJJjKgBIAVAD&rclk=1,"https://www.google.com/maps?q=-3.218228,-52.2160213",revisado_com_pendencias,Revisar,pendências da fonte,cadastur | google_maps | youtube | visitaltamira
atm_0158,Chácara Açaí Russo,empresa,Clube,atrativos,"Entidade turística consolidada: CHÁCARA AÇAÍ RUSSO, classificada como Clube e atrativo. Localizada em Altamira/PA, com endereço na Rod. Ernesto Aciole, S/N - ZONA RURAL. Coordenadas e dados extraídos do Google Maps (2026-09-11).",Altamira,PA,Rod. Ernesto Aciole,S/N,Zona Rural,,"-3,1734369","-52,1807034",,,,,,,,,,,https://www.google.com/maps/place/CH%C3%81CARA+A%C3%87A%C3%8D+RUSSO/data=!4m7!3m6!1s0x929237539b59b555:0x15908d1cba62fc4f!8m2!3d-3.1734369!4d-52.1807034!16s%2Fg%2F11m8_8rtvd!19sChIJVbVZm1M3kpIRT_xiuhyNkBU?authuser=0&hl=pt-BR&g_ep=EgoyMDI2MDkwOC4wIJJjKgBIAVAD&rclk=1,"https://www.google.com/maps?q=-3.1734369,-52.1807034",revisado,Revisar,sem contato,cadastur | google_maps | youtube | visitaltamira
atm_0159,Clube de Tiro Duplo Alpha - Ctda,empresa,Clube,atrativos,"Clube de Tiro Duplo Alpha - CTDA, localizado em Altamira/PA. É classificado como Clube e Atração. O endereço é VRJM+RV - Altamira, PA, e o telefone é (93) 99106-7676. Coordenadas: -3.1178943, -52.1653548 (google_maps:430:83aba5d8ae). Pendências: Nenhuma.",Altamira,PA,,,,,"-3,1178943","-52,1653548",(93) 99106-7676,,,,,,,,,,https://www.google.com/maps/place/CLUBE+DE+TIRO+DUPLO+ALPHA+-+CTDA/data=!4m7!3m6!1s0x9292310000d96a93:0xe2f535f3ecce982d!8m2!3d-3.1178943!4d-52.1653548!16s%2Fg%2F11yv4bs6d0!19sChIJk2rZAAAxkpIRLZjO7PM19eI?authuser=0&hl=pt-BR&g_ep=EgoyMDI2MDkwOC4wIJJjKgBIAVAD&rclk=1,"https://www.google.com/maps?q=-3.1178943,-52.1653548",revisado,Apto para conferência final,,cadastur | google_maps | youtube | visitaltamira | https://alphasierratraining.com/
atm_0160,Chacara do Sócio,empresa,Clube,atrativos,"Entidade turística 'Chacara do Sócio', classificada como Clube e atrativo, localizada em Altamira/PA. O endereço é Altamira, PA, com coordenadas -3.1587706, -52.2681903, conforme dados do Google Maps (2026-09-11).",Altamira,PA,,,,,"-3,1587706","-52,2681903",,,,,,,,,,,https://www.google.com/maps/place/Chacara+do+S%C3%B3cio/data=!4m7!3m6!1s0x929239ec18772815:0xa0f0f73571b0ce78!8m2!3d-3.1587706!4d-52.2681903!16s%2Fg%2F11ghp_bczm!19sChIJFSh3GOw5kpIReM6wcTX38KA?authuser=0&hl=pt-BR&g_ep=EgoyMDI2MDkwOC4wIJJjKgBIAVAD&rclk=1,"https://www.google.com/maps?q=-3.1587706,-52.2681903",revisado,Revisar,sem contato,cadastur | google_maps | youtube | visitaltamira
atm_0161,Chácara Bahia,empresa,Clube,atrativos,"A entidade turística é a Chácara Bahia, classificada como Clube em Altamira, PA. O endereço registrado é VQM9+JJ - Altamira, PA. As coordenadas são -3.1159244, -52.2309405 (Fonte: google_maps, 2026-09-11). Foi priorizada a ocorrência com nome mais específico.",Altamira,PA,,,,,"-3,1159244","-52,2309405",,,,,,,,,,,https://www.google.com/maps/place/Ch%C3%A1cara+Bahia/data=!4m7!3m6!1s0x92923b7c7c0f6e8f:0x105514e082234e49!8m2!3d-3.1159244!4d-52.2309405!16s%2Fg%2F11tdjjwb78!19sChIJj24PfHw7kpIRSU4jguAUVRA?authuser=0&hl=pt-BR&g_ep=EgoyMDI2MDkwOC4wIJJjKgBIAVAD&rclk=1,"https://www.google.com/maps?q=-3.1159244,-52.2309405",revisado_com_pendencias,Revisar,sem contato | pendências da fonte,cadastur | google_maps | youtube | visitaltamira
atm_0162,Chácara Mendes,empresa,Clube,atrativos,"Chácara Mendes é um clube e atrativo localizado em Altamira, PA. O endereço registrado é Altamira, PA. As coordenadas são -3.275348, -52.2524226, conforme dados do Google Maps (2026-09-11). Foi priorizada a evidência completa da unidade.",Altamira,PA,,,,,"-3,275348","-52,2524226",,,,,,,,,,,https://www.google.com/maps/place/Ch%C3%A1cara+Mendes/data=!4m7!3m6!1s0x9292470049ef2af3:0x828fc64ab43c4186!8m2!3d-3.275348!4d-52.2524226!16s%2Fg%2F11xt95wk32!19sChIJ8yrvSQBHkpIRhkE8tErGj4I?authuser=0&hl=pt-BR&g_ep=EgoyMDI2MDkwOC4wIJJjKgBIAVAD&rclk=1,"https://www.google.com/maps?q=-3.275348,-52.2524226",revisado,Revisar,sem contato,cadastur | google_maps | youtube | visitaltamira
atm_0163,Chácara Patolandia,empresa,Clube,atrativos,"Entidade consolidada como Chácara Patolandia, um Clube em Altamira/PA. O endereço é Ramal Paraíso das Aves - Altamira, PA. Coordenadas: Lat -3.1547171, Lng -52.1615343 (Fonte: google_maps, 2026-09-11). Foi priorizada a evidência mais completa e específica.",Altamira,PA,Ramal Paraíso Das Aves -,,,,"-3,1547171","-52,1615343",,,,,,,,,,,https://www.google.com/maps/place/Ch%C3%A1cara+Patolandia/data=!4m7!3m6!1s0x929237e30e622d93:0xfe2846025410d0d1!8m2!3d-3.1547171!4d-52.1615343!16s%2Fg%2F11vb148yh0!19sChIJky1iDuM3kpIR0dAQVAJGKP4?authuser=0&hl=pt-BR&g_ep=EgoyMDI2MDkwOC4wIJJjKgBIAVAD&rclk=1,"https://www.google.com/maps?q=-3.1547171,-52.1615343",revisado,Revisar,sem contato,cadastur | google_maps | youtube | visitaltamira
atm_0164,Chácara Renovo,empresa,Clube,atrativos,"A entidade turística é a Chácara Renovo, classificada como Clube e atrativo. Localizada em Altamira, PA. O endereço registrado é RRQW+27 - Altamira, PA. As coordenadas são -3.1623923, -52.1543389 (Fonte: google_maps, 2026-09-11). Foi priorizada a opção com nome correspondente ao alvo.",Altamira,PA,,,,,"-3,1623923","-52,1543389",,,,,,,,,,,https://www.google.com/maps/place/Ch%C3%A1cara+Renovo/data=!4m7!3m6!1s0x929237001642bdd7:0x62d4896e48c24dc4!8m2!3d-3.1623923!4d-52.1543389!16s%2Fg%2F11y9sy2cr1!19sChIJ171CFgA3kpIRxE3CSG6J1GI?authuser=0&hl=pt-BR&g_ep=EgoyMDI2MDkwOC4wIJJjKgBIAVAD&rclk=1,"https://www.google.com/maps?q=-3.1623923,-52.1543389",revisado,Revisar,sem contato,cadastur | google_maps | youtube | visitaltamira
atm_0165,Chácara São Sebastião,empresa,Clube,atrativos,"A entidade turística Chácara São Sebastião foi consolidada usando os dados do Google Maps (ID: google_maps:429:83aba5d8ae). A categoria principal é Clube, com atributos secundários de atrativos. O endereço é Altamira, PA, 68371-028, e as coordenadas são -3.2044205, -52.2079174. Esta opção é priorizada por ser mais completa e específica para o nome buscado.",Altamira,PA,,,28,,"-3,2044205","-52,2079174",,,,,,,,,,,https://www.google.com/maps/place/Ch%C3%A1cara+S%C3%A3o+Sebasti%C3%A3o/data=!4m7!3m6!1s0x929239001a3e26f5:0x70a69c1e1a564fcd!8m2!3d-3.2044205!4d-52.2079174!16s%2Fg%2F11w3xdtzvq!19sChIJ9SY-GgA5kpIRzU9WGh6cpnA?authuser=0&hl=pt-BR&g_ep=EgoyMDI2MDkwOC4wIJJjKgBIAVAD&rclk=1,"https://www.google.com/maps?q=-3.2044205,-52.2079174",revisado_com_pendencias,Revisar,sem contato | pendências da fonte,cadastur | google_maps | youtube | visitaltamira
atm_0166,Clube de Desbravadores Atalaias do Advento,empresa,Clube,atrativos,"Clube de Desbravadores Atalaias do Advento, um clube na categoria 'Clube' e 'atrativos', localizado em Altamira-PA. O endereço é R. Isaac Barbosa - Jardim Altamira. Contato: (93) 98813-7326. Site: https://www.adventistas.org/pt/desbravadores/.",Altamira,PA,R. Isaac Barbosa,,Jardim Altamira,,"-3,1978637","-52,2162604",(93) 98813-7326,,,https://www.adventistas.org/pt/desbravadores/,,,,,,,https://www.google.com/maps/place/Clube+de+Desbravadores+Atalaias+do+Advento/data=!4m7!3m6!1s0x9292398217cc7ccd:0xc43a966b7925d13d!8m2!3d-3.1978637!4d-52.2162604!16s%2Fg%2F11rhg4sn_7!19sChIJzXzMF4I5kpIRPdEleWuWOsQ?authuser=0&hl=pt-BR&g_ep=EgoyMDI2MDkwOC4wIJJjKgBIAVAD&rclk=1,"https://www.google.com/maps?q=-3.1978637,-52.2162604",revisado_com_pendencias,Revisar,pendências da fonte,cadastur | google_maps | youtube | visitaltamira
atm_0167,Espaço Ousadia E Alegria,empresa,Clube,atrativos,"Entidade turística consolidada: ESPAÇO OUSADIA E ALEGRIA, um Clube e atrativo localizado em Altamira, PA. O endereço é R. Sebastião Paulo Dias - Santa Ana, e o contato é (93) 99142-3706. Coordenadas e dados obtidos via Google Maps (2026-09-11).",Altamira,PA,R. Sebastião Paulo Dias,,Santa Ana,,"-3,1872128","-52,224998",(93) 99142-3706,,,,,,,,,,https://www.google.com/maps/place/ESPA%C3%87O+OUSADIA+E+ALEGRIA/data=!4m7!3m6!1s0x92923995e7d4d18f:0x62a2c7411f7a99d2!8m2!3d-3.1872128!4d-52.224998!16s%2Fg%2F11kqf44tnp!19sChIJj9HU55U5kpIR0pl6H0HHomI?authuser=0&hl=pt-BR&g_ep=EgoyMDI2MDkwOC4wIJJjKgBIAVAD&rclk=1,"https://www.google.com/maps?q=-3.1872128,-52.224998",revisado,Apto para conferência final,,cadastur | google_maps | youtube | visitaltamira
atm_0168,Espaço Clara Eventos,empresa,Clube,atrativos,"Entidade turística 'Espaço Clara Eventos' em Altamira/PA. Classificada como Clube e atrativo. Endereço: R. Jau - Ibiza, Altamira - PA. Coordenadas e contatos obtidos via Google Maps (2026-09-11).",Altamira,PA,R. Jau,,Ibiza,,"-3,2320091","-52,2477673",,,,,,,,,,,https://www.google.com/maps/place/Espa%C3%A7o+Clara+Eventos/data=!4m7!3m6!1s0x92924700278055c7:0x32f93819a46def6f!8m2!3d-3.2320091!4d-52.2477673!16s%2Fg%2F11m62jy2c1!19sChIJx1WAJwBHkpIRb-9tpBk4-TI?authuser=0&hl=pt-BR&g_ep=EgoyMDI2MDkwOC4wIJJjKgBIAVAD&rclk=1,"https://www.google.com/maps?q=-3.2320091,-52.2477673",revisado,Revisar,sem contato,cadastur | google_maps | youtube | visitaltamira
atm_0169,Espaço Festa Na Piscina,empresa,Clube,atrativos,Entidade turística 'Espaço Festa na Piscina' em Altamira/PA. Classificada como Clube e atrativo. Endereço: Av. Novo Horizonte. Coordenadas e dados extraídos do Google Maps (2026-09-11).,Altamira,PA,Av. Novo Horizonte -,,,,"-3,1931424","-52,25766",,,,,,,,,,,https://www.google.com/maps/place/Espa%C3%A7o+Festa+na+Piscina/data=!4m7!3m6!1s0x929239abe891a2cf:0x438272ad13d95b23!8m2!3d-3.1931424!4d-52.25766!16s%2Fg%2F11sk36z_km!19sChIJz6KR6Ks5kpIRI1vZE61ygkM?authuser=0&hl=pt-BR&g_ep=EgoyMDI2MDkwOC4wIJJjKgBIAVAD&rclk=1,"https://www.google.com/maps?q=-3.1931424,-52.25766",revisado,Revisar,sem contato,cadastur | google_maps | youtube | visitaltamira
atm_0170,Espaço Rs,empresa,Clube,atrativos,"Consolidado o registro para 'Espaço RS' (ID: google_maps:431:83aba5d8ae). A categoria principal é Clube, com localização em Altamira/PA, no bairro Sudam II. O endereço é R. Dois - Sudam II, e o telefone associado é (93) 99240-5175 (de outro espaço, mas mantido por proximidade de evidência). Coordenadas e dados de bairro/cidade foram priorizados desta fonte.",Altamira,PA,R. Dois,,Sudam Ii,,"-3,2113073","-52,2317451",(93) 99240-5175,,,,,,,,,,https://www.google.com/maps/place/Espa%C3%A7o+Festa+na+Piscina/data=!4m7!3m6!1s0x929239abe891a2cf:0x438272ad13d95b23!8m2!3d-3.1931424!4d-52.25766!16s%2Fg%2F11sk36z_km!19sChIJz6KR6Ks5kpIRI1vZE61ygkM?authuser=0&hl=pt-BR&g_ep=EgoyMDI2MDkwOC4wIJJjKgBIAVAD&rclk=1,"https://www.google.com/maps?q=-3.2113073,-52.2317451",revisado_com_pendencias,Revisar,pendências da fonte,cadastur | google_maps | youtube | visitaltamira | https://ma.agenciasebrae.com.br/cultura-empreendedora/sebrae-inaugura-sala-do-empreendedor-em-altamira-do-maranhao/
atm_0171,Fênix Club,empresa,Clube,atrativos,"Fênix Club é um clube localizado em Altamira, PA. O endereço é Ibiza, Altamira - PA. As coordenadas são -3.2491421, -52.2676824. A fonte de todas as informações é o Google Maps (2026-09-11). Pendência: O bairro listado é 'PA', o que pode ser incorreto.",Altamira,PA,Ibiza,,Pa,,"-3,2491421","-52,2676824",,,,,,,,,,,https://www.google.com/maps/place/F%C3%AAnix+Club/data=!4m7!3m6!1s0x92924700577a0b6f:0x66e981a301de1930!8m2!3d-3.2491421!4d-52.2676824!16s%2Fg%2F11lcttf3s6!19sChIJbwt6VwBHkpIRMBneAaOB6WY?authuser=0&hl=pt-BR&g_ep=EgoyMDI2MDkwOC4wIJJjKgBIAVAD&rclk=1,"https://www.google.com/maps?q=-3.2491421,-52.2676824",revisado_com_pendencias,Revisar,sem contato | pendências da fonte,cadastur | google_maps | youtube | visitaltamira
atm_0172,Grupo Laranja,empresa,Clube,atrativos,"GRUPO LARANJA é um clube e atrativo localizado em Altamira, PA. O endereço registrado é Altamira, PA. As coordenadas são -3.2529239, -52.2829205, conforme dados do Google Maps (2026-09-11).",Altamira,PA,,,,,"-3,2529239","-52,2829205",,,,,,,,,,,https://www.google.com/maps/place/GRUPO+LARANJA/data=!4m7!3m6!1s0x929241003f734f95:0x4f90fcfec6fbe720!8m2!3d-3.2529239!4d-52.2829205!16s%2Fg%2F11zx0cbb60!19sChIJlU9zPwBBkpIRIOf7xv78kE8?authuser=0&hl=pt-BR&g_ep=EgoyMDI2MDkwOC4wIJJjKgBIAVAD&rclk=1,"https://www.google.com/maps?q=-3.2529239,-52.2829205",revisado_com_pendencias,Revisar,sem contato | pendências da fonte,cadastur | google_maps | youtube | visitaltamira
atm_0173,Parque Ambé,empresa,Clube,atrativos,"A entidade turística é o Parque Ambé, localizado em Altamira/PA. A categoria principal é Clube, com secundária de atrativos. O endereço é VQFF+QW - Altamira, PA. Coordenadas: Lat -3.12552, Lon -52.225207 (Fonte: google_maps:437:83aba5d8ae, 2026-09-11). Foi priorizada a evidência mais alinhada ao nome buscado.",Altamira,PA,,,,,"-3,12552","-52,225207",,,,,,,,,,,https://www.google.com/maps/place/Parque+Amb%C3%A9/data=!4m7!3m6!1s0x92923b0012bc6b93:0x7073def23bdd74d!8m2!3d-3.12552!4d-52.225207!16s%2Fg%2F11y0qsgcqc!19sChIJk2u8EgA7kpIRTde9I-89Bwc?authuser=0&hl=pt-BR&g_ep=EgoyMDI2MDkwOC4wIJJjKgBIAVAD&rclk=1,"https://www.google.com/maps?q=-3.12552,-52.225207",revisado,Revisar,sem contato,cadastur | google_maps | youtube | visitaltamira | https://visitaltamira.com.br/pt/empresa/ambe-floresta-park-altamira
atm_0174,Quadra do Alberto Soares,empresa,Clube,atrativos,"Entidade turística consolidada: Quadra do Alberto Soares, classificada como Clube e atrativo. Localizada em Altamira/PA, com endereço em Colinas. Coordenadas e dados extraídos do Google Maps (2026-09-11). Pendência no campo bairro, que foi preenchido com 'PA' de forma incorreta.",Altamira,PA,Colinas,,Pa,,"-3,1988891","-52,1893365",,,,,,,,,,,https://www.google.com/maps/place/Quadra+do+Alberto+Soares/data=!4m7!3m6!1s0x9292374bbf532a01:0xca0f360fc4946614!8m2!3d-3.1988891!4d-52.1893365!16s%2Fg%2F11rsf2jd7h!19sChIJASpTv0s3kpIRFGaUxA82D8o?authuser=0&hl=pt-BR&g_ep=EgoyMDI2MDkwOC4wIJJjKgBIAVAD&rclk=1,"https://www.google.com/maps?q=-3.1988891,-52.1893365",revisado_com_pendencias,Revisar,sem contato | pendências da fonte,cadastur | google_maps | youtube | visitaltamira
atm_0175,Xingu Praia Clube,ponto_turistico,Clube,atrativos,"Xingu Praia Clube é um clube em Altamira/PA, localizado na R. Osterno Alençar Maia, 4500 - Independente II. Possui complexo aquático, atrações e serviços de lazer. O site oficial é via Google Maps. As informações são priorizadas da fonte Google Maps (2026-09-11).",Altamira,PA,R. Osterno Alençar Maia,4500,Independente Ii,,"-3,227778","-52,2227816",,,,https://www.facebook.com/xingupraiaclube/,,,,,,,https://www.google.com/maps/place/Xingu+Praia+Clube/data=!4m7!3m6!1s0x92924790598406af:0x29ed599177f89401!8m2!3d-3.227778!4d-52.2227816!16s%2Fg%2F11b6sst137!19sChIJrwaEWZBHkpIRAZT4d5FZ7Sk?authuser=0&hl=pt-BR&g_ep=EgoyMDI2MDkwOC4wIJJjKgBIAVAD&rclk=1,"https://www.google.com/maps?q=-3.227778,-52.2227816",revisado,Apto para conferência final,,cadastur | google_maps | youtube | visitaltamira | https://hotelcasanovaaltamira.com.br/turismo-em-altamira
atm_0176,Xtudo 123,empresa,Clube,atrativos,"Entidade turística 'xtudo 123' classificada como Clube e atrativo, localizada em Altamira/PA. O endereço é R. Joaquim Acácio - Altamira, PA, 68373-113. Contato: (93) 98122-1567. Coordenadas: -3.195366, -52.2104522 (Fonte: google_maps, 2026-09-11).",Altamira,PA,R. Joaquim Acácio -,,,,"-3,195366","-52,2104522",(93) 98122-1567,,,,,,,,,,https://www.google.com/maps/place/xtudo+123/data=!4m7!3m6!1s0x9292392f4578f3e7:0x1703a0f1b9c1ec6d!8m2!3d-3.195366!4d-52.2104522!16s%2Fg%2F11njmhmwtr!19sChIJ5_N4RS85kpIRbezBufGgAxc?authuser=0&hl=pt-BR&g_ep=EgoyMDI2MDkwOC4wIJJjKgBIAVAD&rclk=1,"https://www.google.com/maps?q=-3.195366,-52.2104522",revisado,Apto para conferência final,,cadastur | google_maps | youtube | visitaltamira
atm_0177,Wka,empresa,Clube de artes marciais,atrativos,"Entidade turística WKA, classificada como Clube de artes marciais e atrativo, localizada em Altamira-PA. O endereço é em Ac. Dois, e o contato telefônico é (93) 98126-3143. Coordenadas e dados extraídos do Google Maps (2026-09-11).",Altamira,PA,Zip Code:,,Jardim Independente Ii,"Ac. Dois, 3923 - 68.372, 226","-3,2133775","-52,2212536",(93) 98126-3143,,,,,,,,,,https://www.google.com/maps/place/WKA/data=!4m7!3m6!1s0x92923870e841ec61:0xe26b6b50f37d6317!8m2!3d-3.2133775!4d-52.2212536!16s%2Fg%2F11vm0b0btn!19sChIJYexB6HA4kpIRF2N981Bra-I?authuser=0&hl=pt-BR&g_ep=EgoyMDI2MDkwOC4wIJJjKgBIAVAD&rclk=1,"https://www.google.com/maps?q=-3.2133775,-52.2212536",revisado_com_pendencias,Revisar,pendências da fonte,cadastur | google_maps | youtube | visitaltamira
atm_0178,Altamira Esporte Club,empresa,Clube de futebol,atrativos,"Entidade turística consolidada: Altamira Esporte Club, um clube de futebol em Altamira/PA. O endereço é R. A7 - Ibiza, e o site é https://altamiraesporteclube.blogspot.com/?m=1. As coordenadas e informações foram extraídas do Google Maps (2026-09-11).",Altamira,PA,R. A7,,Ibiza,,"-3,2257641","-52,2634294",,,,https://altamiraesporteclube.blogspot.com/?m=1,,,,,,,https://www.google.com/maps/place/Altamira+Esporte+Club/data=!4m7!3m6!1s0x929247006922406d:0xc8605ae284c4c0c1!8m2!3d-3.2257641!4d-52.2634294!16s%2Fg%2F11zf54sphg!19sChIJbUAiaQBHkpIRwcDEhOJaYMg?authuser=0&hl=pt-BR&g_ep=EgoyMDI2MDkwOC4wIJJjKgBIAVAD&rclk=1,"https://www.google.com/maps?q=-3.2257641,-52.2634294",revisado,Apto para conferência final,,cadastur | google_maps | youtube | visitaltamira
atm_0179,Factory Tcg Card Games,empresa,Clube de jogos de tabuleiro,atrativos,"Factory TCG Card Games é um clube de jogos de tabuleiro em Altamira/PA, localizado no Jardim Independente I. O endereço é R. José Umbelino de Oliveira - Jardim Independente I, e o contato é (93) 98122-1567. Coordenadas: -3.2185558, -52.2291902 (Fonte: google_maps, 2026-09-11).",Altamira,PA,R. José Umbelino de Oliveira,,Jardim Independente I,,"-3,2185558","-52,2291902",(93) 98122-1567,,,,,,,,,,https://www.google.com/maps/place/Factory+TCG+Card+Games/data=!4m7!3m6!1s0x929239e6ad2e83cd:0x3af7d16cfa7f2ad9!8m2!3d-3.2185558!4d-52.2291902!16s%2Fg%2F11x0tqty6z!19sChIJzYMureY5kpIR2Sp_-mzR9zo?authuser=0&hl=pt-BR&g_ep=EgoyMDI2MDkwOC4wIJJjKgBIAVAD&rclk=1,"https://www.google.com/maps?q=-3.2185558,-52.2291902",revisado,Apto para conferência final,,cadastur | google_maps | youtube | visitaltamira
atm_0180,Ctepa- Clube de Tiro Altamira,empresa,Clube de tiro,atrativos,"Entidade turística consolidada: CTEPA- Clube de Tiro Altamira, localizado em Altamira/PA. A categoria principal é Clube de tiro, com a secundária de atrativos. O contato é (93) 99215-6012 e o endereço é Altamira, PA. Coordenadas e dados obtidos via Google Maps (2026-09-11).",Altamira,PA,,,,,"-3,1418301","-52,2288416",(93) 99215-6012,,,,,,,,,,https://www.google.com/maps/place/CTEPA-+Clube+de+Tiro+Altamira/data=!4m7!3m6!1s0x92923a3406940771:0x8eeefe9d72107a8c!8m2!3d-3.1418301!4d-52.2288416!16s%2Fg%2F11f50sxbq0!19sChIJcQeUBjQ6kpIRjHoQcp3-7o4?authuser=0&hl=pt-BR&g_ep=EgoyMDI2MDkwOC4wIJJjKgBIAVAD&rclk=1,"https://www.google.com/maps?q=-3.1418301,-52.2288416",revisado,Apto para conferência final,,cadastur | google_maps | youtube | visitaltamira
atm_0181,Altabeach Arena,empresa,Clube esportivo,atrativos,"Entidade turística consolidada como Altabeach arena, um clube esportivo em Altamira-PA. O endereço é Tv. Búfalo - Esplanada do Xingu, e o contato principal é (93) 99150-0850. As coordenadas e o bairro foram obtidos via Google Maps.",Altamira,PA,Tv. Búfalo,,Esplanada do Xingu,,"-3,2132122","-52,2158491",(93) 99150-0850,,,,,,,,,,https://www.google.com/maps/place/Altabeach+arena/data=!4m7!3m6!1s0x929239410a709497:0x19b6ab7436e89a71!8m2!3d-3.2132122!4d-52.2158491!16s%2Fg%2F11md4ht3j6!19sChIJl5RwCkE5kpIRcZroNnSrthk?authuser=0&hl=pt-BR&g_ep=EgoyMDI2MDkwOC4wIJJjKgBIAVAD&rclk=1,"https://www.google.com/maps?q=-3.2132122,-52.2158491",revisado,Apto para conferência final,,cadastur | google_maps | youtube | visitaltamira | https://www.econodata.com.br/consulta-empresa/18401603000160-arena-beach-club-atm-ltda | https://www.econodata.com.br/consulta-empresa/17723600000180-cabornas-espaco-brinquedolandia-ltda
atm_0182,Xingu Contest Fisiculturismo,empresa,Clube esportivo,atrativos,"Entidade turística consolidada: Xingu Contest Fisiculturismo, um clube esportivo em Altamira-PA. O endereço é Av. João Coelho - Brasília, e o contato é (85) 99993-5393. O site oficial é https://www.instagram.com/xingucontest. (Fonte: google_maps, 2026-09-11)",Altamira,PA,Av. João Coelho,,Brasília,,"-3,1965018","-52,2120012",(85) 99993-5393,,,https://www.instagram.com/xingucontest,,,,,,,https://www.google.com/maps/place/Xingu+Contest+Fisiculturismo/data=!4m7!3m6!1s0x9292399a9e32b4fb:0x7b6fea16e14e6b6!8m2!3d-3.1965018!4d-52.2120012!16s%2Fg%2F11t1h46fzw!19sChIJ-7Qynpo5kpIRtuYUbqH-tgc?authuser=0&hl=pt-BR&g_ep=EgoyMDI2MDkwOC4wIJJjKgBIAVAD&rclk=1,"https://www.google.com/maps?q=-3.1965018,-52.2120012",revisado,Apto para conferência final,,cadastur | google_maps | youtube | visitaltamira
atm_0183,Chácara Altamirense,empresa,Complexo de condomínio,atrativos,"A entidade Chácara Altamirense foi consolidada com dados de fonte única (google_maps:495:83aba5d8ae). É classificada como Complexo de condomínio, localizada em Altamira/PA, no bairro Mutirão. O endereço é Tv. Luíz Né da Silva, 15, e as coordenadas são -3.1693339, -52.2252133 (Fonte: google_maps, Data: 2026-09-11 13:34:05).",Altamira,PA,Tv. Luíz Né da Silva,15,Mutirão,,"-3,1693339","-52,2252133",,,,,,,,,,,https://www.google.com/maps/place/Ch%C3%A1cara/data=!4m7!3m6!1s0x929239006c4d5dc9:0x3cbd3eb3b0bfa80c!8m2!3d-3.1696292!4d-52.2232823!16s%2Fg%2F11z65h3qjc!19sChIJyV1NbAA5kpIRDKi_sLM-vTw?authuser=0&hl=pt-BR&g_ep=EgoyMDI2MDkwOC4wIJJjKgBIAVAD&rclk=1,"https://www.google.com/maps?q=-3.1693339,-52.2252133",revisado,Revisar,sem contato,cadastur | google_maps | youtube | visitaltamira
atm_0184,Parque do Açaí - Entrada No Castelo - Condomínio,empresa,Complexo de condomínio,atrativos,"Entidade turística consolidada como Parque do Açaí - Entrada no Castelo - Condomínio, um Complexo de condomínio em Altamira/PA. O endereço é na Rod. Transamazônica, e as coordenadas foram obtidas via Google Maps (2026-09-11). Pendências: Nenhuma.",Altamira,PA,"Rod. Transamazônica, Km",4,Bela Vista,,"-3,2096212","-52,2410128",,,,,,,,,,,https://www.google.com/maps/place/Parque+do+A%C3%A7a%C3%AD+-+Entrada+no+Castelo+-+Condom%C3%ADnio/data=!4m7!3m6!1s0x929239000c8b57e7:0x456e337fac7395b3!8m2!3d-3.2096212!4d-52.2410128!16s%2Fg%2F11z2t1dkcn!19sChIJ51eLDAA5kpIRs5VzrH8zbkU?authuser=0&hl=pt-BR&g_ep=EgoyMDI2MDkwOC4wIJJjKgBIAVAD&rclk=1,"https://www.google.com/maps?q=-3.2096212,-52.2410128",revisado,Revisar,sem contato,cadastur | google_maps | youtube | visitaltamira
atm_0185,Chacara Danilo,empresa,Complexo habitacional,atrativos,"A entidade turística é a CHACARA DANILO, classificada como Complexo habitacional e atrativo. Localizada em Altamira, PA. O endereço fornecido é Altamira, PA. As coordenadas são -3.1684786, -52.2300714 (Fonte: google_maps:475:83aba5d8ae, 2026-09-11). Foi priorizada a opção com o nome mais específico e as coordenadas associadas.",Altamira,PA,,,,,"-3,1684786","-52,2300714",,,,,,,,,,,https://www.google.com/maps/place/Ch%C3%A1cara/data=!4m7!3m6!1s0x929239006c4d5dc9:0x3cbd3eb3b0bfa80c!8m2!3d-3.1696292!4d-52.2232823!16s%2Fg%2F11z65h3qjc!19sChIJyV1NbAA5kpIRDKi_sLM-vTw?authuser=0&hl=pt-BR&g_ep=EgoyMDI2MDkwOC4wIJJjKgBIAVAD&rclk=1,"https://www.google.com/maps?q=-3.1684786,-52.2300714",revisado_com_pendencias,Revisar,sem contato | pendências da fonte,cadastur | google_maps | youtube | visitaltamira
atm_0186,Chácara Pejaks,empresa,Complexo habitacional,atrativos,"A entidade turística é a Chácara Pejaks, localizada em Altamira, PA. O endereço completo é Chacara pejaks - Rm, - princesa do xingu, 32 - Zona rural, Altamira - PA, 68371-001. É classificada como Complexo habitacional e atrativo. Coordenadas: -3.1747196, -52.2466203 (Fonte: google_maps, 2026-09-11).",Altamira,PA,Chacara Pejaks,,Zona Rural,"Rm - Princesa do Xingu, 32","-3,1747196","-52,2466203",,,,,,,,,,,https://www.google.com/maps/place/Ch%C3%A1cara/data=!4m7!3m6!1s0x929239006c4d5dc9:0x3cbd3eb3b0bfa80c!8m2!3d-3.1696292!4d-52.2232823!16s%2Fg%2F11z65h3qjc!19sChIJyV1NbAA5kpIRDKi_sLM-vTw?authuser=0&hl=pt-BR&g_ep=EgoyMDI2MDkwOC4wIJJjKgBIAVAD&rclk=1,"https://www.google.com/maps?q=-3.1747196,-52.2466203",revisado,Revisar,sem contato,cadastur | google_maps | youtube | visitaltamira
atm_0187,Chácara Santo Antônio,empresa,Complexo habitacional,atrativos,"A entidade turística é a Chácara Santo Antônio, classificada como Complexo habitacional e atrativo. Localizada em Altamira, PA, o endereço registrado é QP9W+MH - Ibiza, Altamira - PA. As coordenadas são -3.230789, -52.253602 (Fonte: google_maps:471:83aba5d8ae). Foi priorizada a opção com o nome completo e maior consistência de dados de localização.",Altamira,PA,,,Ibiza,,"-3,230789","-52,253602",,,,,,,,,,,https://www.google.com/maps/place/Ch%C3%A1cara/data=!4m7!3m6!1s0x929239006c4d5dc9:0x3cbd3eb3b0bfa80c!8m2!3d-3.1696292!4d-52.2232823!16s%2Fg%2F11z65h3qjc!19sChIJyV1NbAA5kpIRDKi_sLM-vTw?authuser=0&hl=pt-BR&g_ep=EgoyMDI2MDkwOC4wIJJjKgBIAVAD&rclk=1,"https://www.google.com/maps?q=-3.230789,-52.253602",revisado,Revisar,sem contato,cadastur | google_maps | youtube | visitaltamira | https://conceicaodosouros.mg.gov.br/venda/cytotec-11-91772-9962-altamira---nova-altamira---pa
atm_0188,Chácara Pv3,empresa,Complexo habitacional,atrativos,"A entidade turística é 'Chácara pv3', localizada em Altamira, PA. A categoria principal é Complexo habitacional, com a secundária de atrações. O endereço registrado é RMGW+P6 - Altamira, PA, com coordenadas específicas fornecidas pela fonte google_maps:494:83aba5d8ae.",Altamira,PA,,,,,"-3,1732189","-52,3044809",,,,,,,,,,,https://www.google.com/maps/place/Ch%C3%A1cara+Altamira/data=!4m7!3m6!1s0x9292393521b6b6ad:0x6107bac594b27af8!8m2!3d-3.1896673!4d-52.2403956!16s%2Fg%2F11scfgcg_m!19sChIJrba2ITU5kpIR-HqylMW6B2E?authuser=0&hl=pt-BR&g_ep=EgoyMDI2MDkwOC4wIJJjKgBIAVAD&rclk=1,"https://www.google.com/maps?q=-3.1732189,-52.3044809",revisado,Revisar,sem contato,cadastur | google_maps | youtube | visitaltamira
atm_0189,União da Floresta,empresa,Comunidade Rural,"Comércio, Gastronomia Regional, Posto de Combustidade","União da Floresta é uma comunidade rural em Altamira/PA, localizada na BR-230. Oferece serviços como alimentação (restaurantes para almoço/lanche), abastecimento de combustível e comércio. É um ponto de parada para viajantes, motoristas e caminhoneiros, não exigindo reserva.",Altamira,PA,"Comunidade União da Floresta, Br-230",,,,,,,,,,,,"Alimentação, abastecimento de combustível",,Não,,https://www.youtube.com/watch?v=3TWp18LTg_Q,,revisado,Revisar,sem coordenadas | sem contato,cadastur | google_maps | youtube | visitaltamira
atm_0190,Sl Pneus,empresa,Comércio de Pneu,combustivel,"Entidade turística consolidada: SL Pneus, um comércio de pneu e combustível em Altamira/PA. O endereço é Av. Alacid Nunes, 2341 - Jardim Uirapuru. Contato: (93) 99244-2206. Coordenadas e dados extraídos do Google Maps (2026-09-11).",Altamira,PA,Av. Alacid Nunes,2341,Jardim Uirapuru,,"-3,2088182","-52,2166694",(93) 99244-2206,,,,,,,,,,https://www.google.com/maps/place/SL+Pneus/data=!4m7!3m6!1s0x9292387d811800af:0xbc2ff9904e286010!8m2!3d-3.2088182!4d-52.2166694!16s%2Fg%2F1tgzcdzc!19sChIJrwAYgX04kpIREGAoTpD5L7w?authuser=0&hl=pt-BR&g_ep=EgoyMDI2MDkwOC4wIJJjKgBIAVAD&rclk=1,"https://www.google.com/maps?q=-3.2088182,-52.2166694",revisado_com_pendencias,Revisar,pendências da fonte,cadastur | google_maps | youtube | visitaltamira
atm_0191,Chácara Unicasa,empresa,Comércio de materiais de construção,atrativos,"A entidade turística é a Chácara UNICASA, classificada como Comércio de materiais de construção. O endereço é Rod. Magalhães Barata - Altamira, PA, com telefone (93) 99172-9779. As coordenadas e informações foram extraídas da fonte google_maps:498:83aba5d8ae.",Altamira,PA,Rod. Magalhães Barata -,,,,"-3,1724696","-52,2266128",(93) 99172-9779,,,,,,,,,,https://www.google.com/maps/place/Ch%C3%A1cara+Altamira/data=!4m7!3m6!1s0x9292393521b6b6ad:0x6107bac594b27af8!8m2!3d-3.1896673!4d-52.2403956!16s%2Fg%2F11scfgcg_m!19sChIJrba2ITU5kpIR-HqylMW6B2E?authuser=0&hl=pt-BR&g_ep=EgoyMDI2MDkwOC4wIJJjKgBIAVAD&rclk=1,"https://www.google.com/maps?q=-3.1724696,-52.2266128",revisado_com_pendencias,Revisar,pendências da fonte,cadastur | google_maps | youtube | visitaltamira
atm_0192,Correios E Telégrafo - Altamira-Pa,empresa,Correios,passeios_agencias,"Entidade turística consolidada: Correios e Telégrafo - Altamira-PA. É um Correios localizado no Centro de Altamira-PA. Endereço: Tv. Pedro Gomes, 785. Contato: (93) 3515-2755. Site: http://www2.correios.com.br/. Coordenadas e dados extraídos do Google Maps (2026-09-11).",Altamira,PA,Tv. Pedro Gomes,785,Centro,,"-3,2078058","-52,2162446",(93) 3515-2755,,,http://www2.correios.com.br/,,,,,,,https://www.google.com/maps/place/Correios+e+Tel%C3%A9grafo+-+Altamira-PA/data=!4m7!3m6!1s0x9292386c48b9d249:0x9dc18d944402a590!8m2!3d-3.2078058!4d-52.2162446!16s%2Fg%2F11b6nq43x4!19sChIJSdK5SGw4kpIRkKUCRJSNwZ0?authuser=0&hl=pt-BR&g_ep=EgoyMDI2MDkwOC4wIJJjKgBIAVAD&rclk=1,"https://www.google.com/maps?q=-3.2078058,-52.2162446",revisado,Apto para conferência final,,cadastur | google_maps | youtube | visitaltamira
atm_0193,Restaurante Popular,empresa,Cozinha solidária,alimentacao,"Restaurante Popular em Altamira, PA. A categoria principal é Cozinha solidária, com serviços de alimentação. O endereço é 125, R. 7 de Setembro - Centro, Altamira - PA. Coordenadas: -3.20506, -52.2101511. (Fonte: google_maps:349:83aba5d8ae)",Altamira,PA,"125, R. 7 de Setembro",,Centro,,"-3,20506","-52,2101511",,,,,,,,,,,https://www.google.com/maps/place/Restaurante+Popular/data=!4m7!3m6!1s0x929238148bf2e0c3:0xe9d5c15d82602ae0!8m2!3d-3.20506!4d-52.2101511!16s%2Fg%2F11df168drb!19sChIJw-DyixQ4kpIR4Cpggl3B1ek?authuser=0&hl=pt-BR&g_ep=EgoyMDI2MDkwOC4wIJJjKgBIAVAD&rclk=1,"https://www.google.com/maps?q=-3.20506,-52.2101511",revisado,Revisar,sem contato,cadastur | google_maps | youtube | visitaltamira | https://restaurantguru.com.br/Restaurante-Popular-Altamira
atm_0194,Casa de Memória Xingu,empresa,Cultura,"Cultura Indígena, História de Belo Monte","A Casa de Memória Xingu em Altamira/PA é um espaço cultural que aborda o território patrimonial da Transamazônica, com exposições interativas. O endereço sugerido é Avenida João Pessoa, s/nº – Centro. Possui serviços como Tour do Espaço Sensorial e atrai interessados em história e cultura. A fonte principal é o portal Visit Altamira, complementado por informações do Diário do Xingu.",Altamira,PA,Avenida João Pessoa,S/N,º – Centro,,,,,,,,,,Tour do Espaço Sensorial,,,,https://visitaltamira.com.br/pt/ponto/10,,revisado_com_pendencias,Revisar,sem coordenadas | sem contato | pendências da fonte,cadastur | google_maps | youtube | visitaltamira | https://diariodoxingu.com/noticias/casa-de-memoria-do-xingu-sera-entregue-para-a-prefeitura-de-altamira-nesta-sexta-feira
atm_0195,Casa do Artesanato,empresa,Cultura,Cultura Local,"Casa do Artesanato em Altamira/PA. É um espaço cultural com artesanato em madeira, cerâmica, palha e tecidos. O horário de funcionamento é 'Abre no período da tarde' (fonte: youtube). Possui serviços de compra de artesanato. A fonte mais completa é a do Visita Altamira (visitaltamira:10:320ea3a512), que fornece a imagem de capa e galeria de fotos.",Altamira,PA,,,,,,,,,,,,Abre no período da tarde,Compra de artesanato,,,,https://visitaltamira.com.br/pt/ponto/casa-do-artesanato,,revisado,Revisar,sem coordenadas | sem contato,cadastur | google_maps | youtube | visitaltamira
atm_0196,Concha Acústica de Altamira,empresa,Cultura,"Shows, Eventos, Música ao vivo","A Concha Acústica de Altamira é um espaço cultural emblemático, localizado na Orla de Altamira, PA. É palco de shows e eventos artísticos, atraindo o público em geral. O local combina natureza e arte, sendo um ponto de lazer e celebração na cidade.",Altamira,PA,"Orla de Altamira, Pará",,,,,,,,,,,Apresentações frequentes aos finais de semana.,"Shows, eventos culturais",,,,https://visitaltamira.com.br/pt/ponto/concha-acustica-de-altamira,,revisado,Revisar,sem coordenadas | sem contato,cadastur | google_maps | youtube | visitaltamira
atm_0197,Memorial do Festival de Cultura E Jogos Indígenas,empresa,Cultura,,"Memorial do Festival de Cultura e Jogos Indígenas em Altamira/PA. É uma escultura de guerreiro indígena, ligada ao evento cultural. O endereço associado é o auditório da ACIAPA. As informações são primariamente da fonte 'visitaltamira', com endereço complementar de 'live_85463c96df'.",Altamira,PA,Auditório da Associação Comercial E Industrial de Altamira (Aciapa),,,,,,,,,,,,,,,,https://visitaltamira.com.br/pt/ponto/memorial-do-festival-de-cultura-e-jogos-indigenas,,revisado_com_pendencias,Revisar,sem coordenadas | sem contato | pendências da fonte,cadastur | google_maps | youtube | visitaltamira | https://visitamazonia.com.br/Post/246397/jornalistas-da-abrajet-participam-de-cobertura-do-i-festival-de-cultura-e-jogos-indigenas-do-xingu
atm_0198,Praça Glauco Meireles,empresa,Cultura,,"A Praça Glauco Meireles, classificada como Cultura, é um ponto de lazer e convivência em Altamira/PA. É descrita como um refúgio urbano com áreas arborizadas, ideal para famílias e eventos comunitários. As informações foram extraídas da fonte visitaltamira (2026-09-11).",Altamira,PA,,,,,,,,,,,,,,,,,https://visitaltamira.com.br/pt/ponto/praca-glauco-meireles,,revisado,Revisar,sem coordenadas | sem endereço | sem contato,cadastur | google_maps | youtube | visitaltamira
atm_0199,Praça Pio Xii (Praça do Mattias),empresa,Cultura,,"Praça Pio XII (Praça do Mattias) é um ponto cultural em Altamira/PA. É um espaço público tradicional e acolhedor, conhecido por ser um local de encontro e memória afetiva para a população local. A fonte é o portal Visit Altamira (2026-09-11).",Altamira,PA,,,,,,,,,,,,,,,,,https://visitaltamira.com.br/pt/ponto/praca-pio-xii-praca-do-mattias,,revisado_com_pendencias,Revisar,sem coordenadas | sem endereço | sem contato | pendências da fonte,cadastur | google_maps | youtube | visitaltamira
atm_0200,Praça da Independência,empresa,Cultura,,"Consolidado os dados da Praça da Independência em Altamira/PA. Utiliza o nome e a categoria da fonte Visita Altamira, mas o endereço, bairro, coordenadas e a imagem de capa foram priorizados da fonte Google Maps. A praça é descrita como um espaço vibrante para lazer e convivência.",Altamira,PA,Rua da Orla de Altamira,,Recreio,,"-3,2131328","-52,2120564",,,,,,,,,,,https://visitaltamira.com.br/pt/ponto/praca-da-independencia,"https://www.google.com/maps?q=-3.2131328,-52.2120564",revisado,Revisar,sem contato,cadastur | google_maps | youtube | visitaltamira
atm_0201,Praça do Avião,empresa,Cultura,atrativos,"A Praça do Avião em Altamira (PA) é um ponto turístico que combina lazer e curiosidade, notável por ter um avião ATR-72 transformado em lanchonete. O endereço é Av. Nova Altamira e as coordenadas são -3.2005274, -52.2550971. A fonte principal de dados é a Visita Altamira, complementada por informações do Google Maps.",Altamira,PA,Av. Nova Altamira -,,,,"-3,2005274","-52,2550971",,,,http://shoppingserradourada.com.br/,,,,,,,https://visitaltamira.com.br/pt/ponto/praca-do-aviao,"https://www.google.com/maps?q=-3.2005274,-52.2550971",revisado,Apto para conferência final,,cadastur | google_maps | youtube | visitaltamira | https://atarde.com.br/turismo/a-cidade-desconhecida-do-brasil-que-surpreende-por-ser-maior-que-100-paises-1370032
atm_0202,Teatro Municipal Jarbas Passarinho,empresa,Cultura,,"Teatro Municipal Jarbas Passarinho é um símbolo cultural de Altamira/PA. É um espaço com arquitetura imponente que recebe espetáculos, musicais e eventos, valorizando a arte e a cultura regional. As informações foram extraídas do portal Visit Altamira (2026-09-11).",Altamira,PA,,,,,,,,,,,,,,,,,https://visitaltamira.com.br/pt/ponto/teatro-municipal-jarbas-passarinho,,revisado,Revisar,sem coordenadas | sem endereço | sem contato,cadastur | google_maps | youtube | visitaltamira
atm_0203,Festival de Cultura E Jogos Indígenas do Xingu,empresa,Cultura Indígena,"Festival, Esporte","Jogos Indígenas em Altamira/PA. O evento é classificado como Cultura Indígena e Festival/Esporte. O horário de funcionamento é em julho, com atrações como competições esportivas e culturais. O público-alvo inclui turistas e entusiastas de cultura indígena. A fonte principal é um vídeo do YouTube (youtube:96:1dcfa867f9), com menção a um festival em julho (live_4e2cff77c4).",Altamira,PA,,,,,,,,,,,,Mês de julho,Competições esportivas e culturais,,,,https://www.youtube.com/watch?v=QLyo4Ytlmo8,,revisado,Revisar,sem coordenadas | sem contato,cadastur | google_maps | youtube | visitaltamira | https://altamira.pa.gov.br/festival-de-cultura-e-jogos-indigenas-do-xingu-altamira-realiza-evento-inedito-entre-os-dias-16-e-20-de-julho/
atm_0204,Festival Folclórico de Altamira,empresa,Cultura e Folclore,"Danças Típicas, Carimbó, Sirimbó, Cultura Regional","O Festival Folclórico de Altamira é um evento cultural em Altamira/PA, focado em danças típicas como Carimbó, Sirimbó e Toada. O local sugerido é o estacionamento do Centro de Eventos de Altamira, com funcionamento a partir das 20h, conforme fonte web verificada. As atrações incluem competições de danças típicas.",Altamira,PA,Estacionamento do Centro de Eventos de Altamira,,,,,,,,,,,a partir das 20h,Competição de danças típicas,,,,https://www.youtube.com/watch?v=cPuQr_1SnIk,,revisado_com_pendencias,Revisar,sem coordenadas | sem contato | pendências da fonte,cadastur | google_maps | youtube | visitaltamira | https://g1.globo.com/pa/para/noticia/2026/08/22/festival-folclorico-de-altamira-no-pa-encerra-neste-sabado-22-com-musica-danca-e-tradicoes.ghtml
atm_0205,Polícia Civil Delegacia de Proteção A Mulher,empresa,Delegacia de Polícia,seguranca,"A Polícia Civil Delegacia de Proteção a Mulher em Altamira, PA, pode ser localizada no R. Curitiba, 68372-005 - Jardim Uirapuru. O telefone é (93) 3515-5422. O horário de funcionamento, segundo fonte web, é Sexta-feira 08:00 – 18:00. As coordenadas e a categoria principal são baseadas no Google Maps.",Altamira,PA,"R. Curitiba, 68372-005",,Jardim Uirapuru,,"-3,2097711","-52,225234",(93) 3515-5422,,,,,Sexta-feira 08:00 – 18:00,,,,,https://www.google.com/maps/place/Pol%C3%ADcia+Civil+Delegacia+de+Prote%C3%A7%C3%A3o+a+Mulher/data=!4m7!3m6!1s0x9292478f267013d1:0x5c5a98bd317850c6!8m2!3d-3.2097711!4d-52.225234!16s%2Fg%2F1ptwc11r2!19sChIJ0RNwJo9HkpIRxlB4Mb2YWlw?authuser=0&hl=pt-BR&g_ep=EgoyMDI2MDkwOC4wIJJjKgBIAVAD&rclk=1,"https://www.google.com/maps?q=-3.2097711,-52.225234",revisado_com_pendencias,Revisar,pendências da fonte,cadastur | google_maps | youtube | visitaltamira | https://altamira-pa.brasil-infos.com/policia-civil-delegacia-de-protecao-mulher/ | https://www.locaisdobrasil.com.br/encontre/delegacia-de-policia/altamira-pa/policia-civil-delegacia-de-protecao-a-mulher/658ec9ac5b61b875da18e4da
atm_0206,Delegacia Especializada de Atendimento A Mulher,empresa,Delegacia de polícia,seguranca,"A entidade é a Delegacia Especializada de Atendimento a Mulher em Altamira, PA. O endereço é Altamira, PA, 68374-120, com telefone (93) 3515-5422. A categoria principal é Delegacia de polícia, e a fonte primária é o Google Maps (2026-09-11). Coordenadas e bairro também foram extraídos desta fonte.",Altamira,PA,,,120,,"-3,2098127","-52,2251588",(93) 3515-5422,,,,,,,,,,https://www.google.com/maps/place/Delegacia+Especializada+de+Atendimento+a+Mulher/data=!4m7!3m6!1s0x929238652369d45d:0x9de8c792e9aab67e!8m2!3d-3.2098127!4d-52.2251588!16s%2Fg%2F11gff9n4hp!19sChIJXdRpI2U4kpIRfraq6ZLH6J0?authuser=0&hl=pt-BR&g_ep=EgoyMDI2MDkwOC4wIJJjKgBIAVAD&rclk=1,"https://www.google.com/maps?q=-3.2098127,-52.2251588",revisado_com_pendencias,Revisar,pendências da fonte,cadastur | google_maps | youtube | visitaltamira | https://www.tjse.jus.br/portaldamulher/rede-de-enfrentamento/equipamentos/deams | https://www.locaisdobrasil.com.br/encontre/delegacia-de-policia/sao-joao-de-meriti-rj/deam-delegacia-especializada-no-atendimento-a-mulher/6583635c3a21846904466dc2
atm_0207,Delegacia Especializada de Conflitos Agrários - Deca Altamira,empresa,Delegacia de polícia,seguranca,"A Delegacia Especializada de Conflitos Agrários - DECA Altamira está localizada em Altamira/PA, no bairro São Sebastiao. O endereço é Av. Brg. Eduardo Gomes, 2725. O contato telefônico é (91) 98560-2304. A fonte é o Google Maps (2026-09-11).",Altamira,PA,Av. Brg. Eduardo Gomes,2725,São Sebastiao,,"-3,2140972","-52,2148346",(91) 98560-2304,,,,,,,,,,https://www.google.com/maps/place/Delegacia+Especializada+de+Conflitos+Agr%C3%A1rios+-+DECA+Altamira/data=!4m7!3m6!1s0x92923951eecb5a35:0xc2f2be63220492ed!8m2!3d-3.2140972!4d-52.2148346!16s%2Fg%2F11tht3k3sz!19sChIJNVrL7lE5kpIR7ZIEImO-8sI?authuser=0&hl=pt-BR&g_ep=EgoyMDI2MDkwOC4wIJJjKgBIAVAD&rclk=1,"https://www.google.com/maps?q=-3.2140972,-52.2148346",revisado_com_pendencias,Revisar,pendências da fonte,cadastur | google_maps | youtube | visitaltamira
atm_0208,"By Akira Delivery, Comida Japoneza E Pizza",empresa,Delivery de Pizza,alimentacao,"Entidade turística consolidada: By Akira Delivery, Comida Japoneza E Pizza. É um delivery de pizza e alimentação em Altamira/PA. Endereço: 100, R. Profa. Beliza de Castro, 2 - Jardim Independente II. Contato: (93) 99160-8014. Coordenadas e dados obtidos via Google Maps (2026-09-11).",Altamira,PA,"100, R. Profa. Beliza de Castro",2,Jardim Independente Ii,,"-3,22154","-52,2212999",(93) 99160-8014,,,,,,,,,,"https://www.google.com/maps/place/By+Akira+Delivery,+Comida+Japoneza+E+Pizza/data=!4m7!3m6!1s0x92924788e9d055ab:0xb1772a11fe4d4129!8m2!3d-3.22154!4d-52.2212999!16s%2Fg%2F11clhr0s3h!19sChIJq1XQ6YhHkpIRKUFN_hEqd7E?authuser=0&hl=pt-BR&g_ep=EgoyMDI2MDkwOC4wIJJjKgBIAVAD&rclk=1","https://www.google.com/maps?q=-3.22154,-52.2212999",revisado_com_pendencias,Revisar,pendências da fonte,cadastur | google_maps | youtube | visitaltamira
atm_0209,Pizzaria Nosso Sabor,empresa,Delivery de Pizza,alimentacao,"PIZZARIA NOSSO SABOR é um delivery de pizza localizado em Altamira/PA, no bairro Mutirão. O endereço é R. Papoula e o contato é (93) 99111-8340. As informações foram extraídas do Google Maps (2026-09-11).",Altamira,PA,R. Papoula,,Mutirão,,"-3,1784019","-52,2164391",(93) 99111-8340,,,,,,,,,,https://www.google.com/maps/place/PIZZARIA+NOSSO+SABOR/data=!4m7!3m6!1s0x929239b767c72b23:0xdbb669cdc4fa6505!8m2!3d-3.1784019!4d-52.2164391!16s%2Fg%2F11ggz57kkg!19sChIJIyvHZ7c5kpIRBWX6xM1ptts?authuser=0&hl=pt-BR&g_ep=EgoyMDI2MDkwOC4wIJJjKgBIAVAD&rclk=1,"https://www.google.com/maps?q=-3.1784019,-52.2164391",revisado,Apto para conferência final,,cadastur | google_maps | youtube | visitaltamira
atm_0210,Pizzaria Delivery 6 Sabores,empresa,Delivery de Pizza,alimentacao,Consolidado o registro da Pizzaria Delivery 6 Sabores em Altamira/PA. Endereço: Rua: Da amizade N: 1265 - Boa Esperança. Contato: (93) 99152-9500. Site: http://app.anota.ai/m/mDIOFmUww. Categoria principal: Delivery de Pizza.,Altamira,PA,Rua: da Amizade,1265,- Boa Esperança,,"-3,1946175","-52,2077579",(93) 99152-9500,,,http://app.anota.ai/m/mDIOFmUww,,,,,,,https://www.google.com/maps/place/Pizzaria+Delivery+6+Sabores/data=!4m7!3m6!1s0x929239004f4f510d:0x47545756d9077325!8m2!3d-3.1946175!4d-52.2077579!16s%2Fg%2F11h80jkxpd!19sChIJDVFPTwA5kpIRJXMH2VZXVEc?authuser=0&hl=pt-BR&g_ep=EgoyMDI2MDkwOC4wIJJjKgBIAVAD&rclk=1,"https://www.google.com/maps?q=-3.1946175,-52.2077579",revisado,Apto para conferência final,,cadastur | google_maps | youtube | visitaltamira
atm_0211,Pizzaria Delivery Monteiro,empresa,Delivery de Pizza,alimentacao,"Pizzaria Delivery Monteiro é um delivery de pizza em Altamira, PA. O endereço é Tv. da Fraternidade - Boa Esperança, e o contato é (93) 99192-5273. As informações foram extraídas do Google Maps (2026-09-11).",Altamira,PA,Tv. da Fraternidade,,Boa Esperança,,"-3,1948323","-52,2077828",(93) 99192-5273,,,,,,,,,,https://www.google.com/maps/place/Pizzaria+Delivery+Monteiro/data=!4m7!3m6!1s0x9292393d74b04af5:0xbd839ee67b6eb8f!8m2!3d-3.1948323!4d-52.2077828!16s%2Fg%2F11jjtk9cps!19sChIJ9UqwdD05kpIRj-u2Z-452As?authuser=0&hl=pt-BR&g_ep=EgoyMDI2MDkwOC4wIJJjKgBIAVAD&rclk=1,"https://www.google.com/maps?q=-3.1948323,-52.2077828",revisado,Apto para conferência final,,cadastur | google_maps | youtube | visitaltamira
atm_0212,Pizzaria Fast Food Paulista,empresa,Delivery de Pizza,alimentacao,"A Pizzaria Fast Food Paulista, classificada como Delivery de Pizza, está localizada em Altamira/PA. O endereço é R. Padre Antônio Viêira, °656 - Brasília, e o contato é (93) 98417-7670. As coordenadas e o site foram obtidos via Google Maps (2026-09-11).",Altamira,PA,"R. Padre Antônio Viêira, °656",,Brasília,,"-3,1929888","-52,2089417",(93) 98417-7670,,,https://app.cardapioweb.com/pizzaria_fastfoodpaulista,,,,,,,https://www.google.com/maps/place/Pizzaria+Fast+Food+Paulista/data=!4m7!3m6!1s0x9292394c1cdff49d:0xee79601c67d8da3e!8m2!3d-3.1929888!4d-52.2089417!16s%2Fg%2F11npngcqqz!19sChIJnfTfHEw5kpIRPtrYZxxgee4?authuser=0&hl=pt-BR&g_ep=EgoyMDI2MDkwOC4wIJJjKgBIAVAD&rclk=1,"https://www.google.com/maps?q=-3.1929888,-52.2089417",revisado_com_pendencias,Revisar,pendências da fonte,cadastur | google_maps | youtube | visitaltamira
atm_0213,Roma Pizzaria,empresa,Delivery de Pizza,alimentacao,"Entidade turística consolidada: ROMA PIZZARIA, classificada como Delivery de Pizza (alimentação). Localizada em Altamira/PA, no bairro Jardim Independente II. Endereço: Alameda Brasil, 4040. Contato: (93) 99174-9546. Coordenadas: -3.2234064, -52.2220484 (Fonte: google_maps, 2026-09-11).",Altamira,PA,Alameda Brasil,4040,- Jardim Independente Ii,,"-3,2234064","-52,2220484",(93) 99174-9546,,,,,,,,,,https://www.google.com/maps/place/ROMA+PIZZARIA/data=!4m7!3m6!1s0x929247610529a2bf:0xed2e2e087a68a7fd!8m2!3d-3.2234064!4d-52.2220484!16s%2Fg%2F11njxfjlw1!19sChIJv6IpBWFHkpIR_adoegguLu0?authuser=0&hl=pt-BR&g_ep=EgoyMDI2MDkwOC4wIJJjKgBIAVAD&rclk=1,"https://www.google.com/maps?q=-3.2234064,-52.2220484",revisado_com_pendencias,Revisar,pendências da fonte,cadastur | google_maps | youtube | visitaltamira
atm_0214,Marciosburger Artesanal E Pizzas,empresa,Delivery de Pizza,alimentacao,"Marciosburger Artesanal e Pizzas é um delivery de pizza em Altamira/PA. Localizado na R. Manoel Amorim, 3496 - Jardim independente 1. Contato: (93) 99209-7776. Coordenadas: -3.2170921, -52.2324592 (Fonte: google_maps, 2026-09-11).",Altamira,PA,R. Manoel Amorim,3496,Jardim Independente 1,,"-3,2170921","-52,2324592",(93) 99209-7776,,,,,,,,,,https://www.google.com/maps/place/marciosburger+artesanal+e+pizzas/data=!4m7!3m6!1s0x92923984f296b1f5:0xb49d745f9769f89c!8m2!3d-3.2170921!4d-52.2324592!16s%2Fg%2F11ft530ms0!19sChIJ9bGW8oQ5kpIRnPhpl190nbQ?authuser=0&hl=pt-BR&g_ep=EgoyMDI2MDkwOC4wIJJjKgBIAVAD&rclk=1,"https://www.google.com/maps?q=-3.2170921,-52.2324592",revisado_com_pendencias,Revisar,pendências da fonte,cadastur | google_maps | youtube | visitaltamira
atm_0215,10° Batalhão de Polícia Rural,empresa,Departamento de Segurança Pública,seguranca,"Entidade turística consolidada: 10° Batalhão de Polícia Rural, um Departamento de Segurança Pública em Altamira-PA. O endereço é Av. Perimetral - Perpétuo Socorro, e as coordenadas são -3.2050027, -52.2201409 (Fonte: google_maps:625:83aba5d8ae). Não foi encontrado telefone específico para esta unidade.",Altamira,PA,Av. Perimetral,,Perpétuo Socorro,,"-3,2050027","-52,2201409",,,,,,,,,,,https://www.google.com/maps/place/10%C2%B0+Batalh%C3%A3o+de+Pol%C3%ADcia+Rural/data=!4m7!3m6!1s0x9292390034915183:0xb4891fd836799319!8m2!3d-3.2050027!4d-52.2201409!16s%2Fg%2F11xkxlywnd!19sChIJg1GRNAA5kpIRGZN5NtgfibQ?authuser=0&hl=pt-BR&g_ep=EgoyMDI2MDkwOC4wIJJjKgBIAVAD&rclk=1,"https://www.google.com/maps?q=-3.2050027,-52.2201409",revisado,Revisar,sem contato,cadastur | google_maps | youtube | visitaltamira | https://www.pm.pa.gov.br/orgaos-de-execucao.html
atm_0216,Polícia Científica do Pará - Coordenação Regional Iv - Sudoeste,empresa,Departamento de Segurança Pública,seguranca,"A Polícia Científica do Pará - Coordenação Regional IV - Sudoeste está localizada em Altamira/PA, no bairro Sudam. O endereço é R. Otaviano Santos, 2298. O serviço foi mencionado em uma notícia sobre perícia no imóvel (Fonte: G1, 2025). Coordenadas e site disponíveis.",Altamira,PA,R. Otaviano Santos,2298,Sudam,,"-3,2070177","-52,2192854",,,,https://www.policiacientifica.pa.gov.br/,,,realizou perícia no imóvel,,,,https://www.google.com/maps/place/Pol%C3%ADcia+Cient%C3%ADfica+do+Par%C3%A1+-+Coordena%C3%A7%C3%A3o+Regional+IV+-+Sudoeste/data=!4m7!3m6!1s0x929239a77392c97f:0x10535481f1acc5c8!8m2!3d-3.2070177!4d-52.2192854!16s%2Fg%2F11jm9w5qwl!19sChIJf8mSc6c5kpIRyMWs8YFUUxA?authuser=0&hl=pt-BR&g_ep=EgoyMDI2MDkwOC4wIJJjKgBIAVAD&rclk=1,"https://www.google.com/maps?q=-3.2070177,-52.2192854",revisado_com_pendencias,Revisar,pendências da fonte,cadastur | google_maps | youtube | visitaltamira | https://g1.globo.com/pa/para/noticia/2025/10/24/mulher-e-morta-a-tiros-dentro-de-casa-e-dois-homens-ficam-feridos-em-altamira-no-sudoeste-do-para.ghtml
atm_0217,Psf Sudam 2,empresa,Departamento de saúde pública,saude,"Entidade turística consolidada: PSF Sudam 2, um Departamento de saúde pública em Altamira/PA. O endereço é Av. Jader Barbalho, 1572-1606 - Sudam II, Altamira - PA, 68374-276. Coordenadas e dados completos obtidos via Google Maps (2026-09-11). Não há pendências de verificação.",Altamira,PA,"Av. Jader Barbalho, 1572-1606",,Sudam Ii,,"-3,2078125","-52,2253577",,,,,,,,,,,https://www.google.com/maps/place/PSF+Sudam+2/data=!4m7!3m6!1s0x92923865b149c26d:0xb51bec084ba18a9e!8m2!3d-3.2078125!4d-52.2253577!16s%2Fg%2F11c6cxnbg6!19sChIJbcJJsWU4kpIRnoqhSwjsG7U?authuser=0&hl=pt-BR&g_ep=EgoyMDI2MDkwOC4wIJJjKgBIAVAD&rclk=1,"https://www.google.com/maps?q=-3.2078125,-52.2253577",revisado,Revisar,sem contato,cadastur | google_maps | youtube | visitaltamira
atm_0218,Chácara 3 Corações,empresa,Desenvolvimento de moradias,atrativos,"A entidade mais relevante é 'Chácara 3 corações' (google_maps:496:83aba5d8ae), classificada como Desenvolvimento de moradias em Altamira/PA. O endereço é R. Água Boa, 782 - Mutirão, Altamira - PA, com coordenadas e telefone de contato disponíveis (fonte: google_maps, data: 2026-09-11). Foi selecionado o telefone de 'Chácara 3M' (google_maps:502:83aba5d8ae) por ser o único contato telefônico disponível entre as opções.",Altamira,PA,R. Água Boa,782,Mutirão,,"-3,1673013","-52,2235914",(93) 99123-5620,,,,,,,,,,https://www.google.com/maps/place/Ch%C3%A1cara+Altamira/data=!4m7!3m6!1s0x9292393521b6b6ad:0x6107bac594b27af8!8m2!3d-3.1896673!4d-52.2403956!16s%2Fg%2F11scfgcg_m!19sChIJrba2ITU5kpIR-HqylMW6B2E?authuser=0&hl=pt-BR&g_ep=EgoyMDI2MDkwOC4wIJJjKgBIAVAD&rclk=1,"https://www.google.com/maps?q=-3.1673013,-52.2235914",revisado_com_pendencias,Revisar,pendências da fonte,cadastur | google_maps | youtube | visitaltamira
atm_0219,Chácara Altamira,empresa,Desenvolvimento de moradias,atrativos,"Entidade consolidada como Chácara Altamira, classificada como Desenvolvimento de moradias e atrativos. Localizada em Altamira, PA. Endereço: RQ65+4R - Altamira, PA. Coordenadas: Lat -3.1896673, Lon -52.2403956 (Fonte: google_maps, 2026-09-11).",Altamira,PA,,,,,"-3,1896673","-52,2403956",,,,,,,,,,,https://www.google.com/maps/place/Ch%C3%A1cara+Altamira/data=!4m7!3m6!1s0x9292393521b6b6ad:0x6107bac594b27af8!8m2!3d-3.1896673!4d-52.2403956!16s%2Fg%2F11scfgcg_m!19sChIJrba2ITU5kpIR-HqylMW6B2E?authuser=0&hl=pt-BR&g_ep=EgoyMDI2MDkwOC4wIJJjKgBIAVAD&rclk=1,"https://www.google.com/maps?q=-3.1896673,-52.2403956",revisado,Revisar,sem contato,cadastur | google_maps | youtube | visitaltamira
atm_0220,Chácara R & F,empresa,Desenvolvimento de moradias,atrativos,"A entidade turística Chácara R & F foi consolidada usando os dados mais específicos de uma das fontes do Google Maps (ID: google_maps:472:83aba5d8ae). A categoria principal é Desenvolvimento de moradias, localizada em Altamira, PA. O endereço é Altamira, PA, 68371-028, com coordenadas -3.2042366, -52.2078877. Foi priorizada a evidência mais completa e nome correspondente ao alvo.",Altamira,PA,,,,,"-3,2042366","-52,2078877",,,,,,,,,,,https://www.google.com/maps/place/Ch%C3%A1cara+Altamira/data=!4m7!3m6!1s0x9292393521b6b6ad:0x6107bac594b27af8!8m2!3d-3.1896673!4d-52.2403956!16s%2Fg%2F11scfgcg_m!19sChIJrba2ITU5kpIR-HqylMW6B2E?authuser=0&hl=pt-BR&g_ep=EgoyMDI2MDkwOC4wIJJjKgBIAVAD&rclk=1,"https://www.google.com/maps?q=-3.2042366,-52.2078877",revisado_com_pendencias,Revisar,sem contato | pendências da fonte,cadastur | google_maps | youtube | visitaltamira
atm_0221,Chácara Ras,empresa,Desenvolvimento de moradias,atrativos,"A entidade ""Chácara RAS"" foi consolidada usando os dados da ocorrência mais relevante (google_maps:488:83aba5d8ae). A categoria principal é Desenvolvimento de moradias, localizada em Altamira/PA. O endereço é Altamira, PA, 68371-028. Coordenadas: Lat -3.2044849, Lon -52.2078729 (Fonte: google_maps, 2026-09-11).",Altamira,PA,,,28,,"-3,2044849","-52,2078729",,,,,,,,,,,https://www.google.com/maps/place/CH%C3%81CARA+A%C3%87A%C3%8D+RUSSO/data=!4m7!3m6!1s0x929237539b59b555:0x15908d1cba62fc4f!8m2!3d-3.1734369!4d-52.1807034!16s%2Fg%2F11m8_8rtvd!19sChIJVbVZm1M3kpIRT_xiuhyNkBU?authuser=0&hl=pt-BR&g_ep=EgoyMDI2MDkwOC4wIJJjKgBIAVAD&rclk=1,"https://www.google.com/maps?q=-3.2044849,-52.2078729",revisado,Revisar,sem contato,cadastur | google_maps | youtube | visitaltamira
atm_0222,Chácara Soares,empresa,Desenvolvimento de moradias,atrativos,"Consolidado o registro de Chácara Soares em Altamira/PA, utilizando dados da fonte google_maps:470:83aba5d8ae. A categoria principal é Desenvolvimento de moradias, com endereço em Assurini. Coordenadas e contatos específicos foram priorizados.",Altamira,PA,Travessão Caja I,,Assurini,,"-3,2041858","-52,207689",,,,,,,,,,,https://www.google.com/maps/place/Ch%C3%A1cara/data=!4m7!3m6!1s0x929239006c4d5dc9:0x3cbd3eb3b0bfa80c!8m2!3d-3.1696292!4d-52.2232823!16s%2Fg%2F11z65h3qjc!19sChIJyV1NbAA5kpIRDKi_sLM-vTw?authuser=0&hl=pt-BR&g_ep=EgoyMDI2MDkwOC4wIJJjKgBIAVAD&rclk=1,"https://www.google.com/maps?q=-3.2041858,-52.207689",revisado_com_pendencias,Revisar,sem contato | pendências da fonte,cadastur | google_maps | youtube | visitaltamira
atm_0223,Chácara Sonho Meu (Fabio),empresa,Desenvolvimento de moradias,atrativos,Entidade turística 'Chácara Sonho Meu (Fabio)' em Altamira/PA. Classificada como Desenvolvimento de moradias e atrativos. Endereço e coordenadas obtidos via Google Maps (2026-09-11).,Altamira,PA,,,,,"-3,1733454","-52,2445989",,,,,,,,,,,https://www.google.com/maps/place/Ch%C3%A1cara+Sonho+Meu+%28Fabio%29/data=!4m7!3m6!1s0x929239000966b17d:0x1aad0735751773d3!8m2!3d-3.1733454!4d-52.2445989!16s%2Fg%2F11w58z23vs!19sChIJfbFmCQA5kpIR03MXdTUHrRo?authuser=0&hl=pt-BR&g_ep=EgoyMDI2MDkwOC4wIJJjKgBIAVAD&rclk=1,"https://www.google.com/maps?q=-3.1733454,-52.2445989",revisado,Revisar,sem contato,cadastur | google_maps | youtube | visitaltamira
atm_0224,Parque Das Laranjeiras - Altamira,empresa,Desenvolvimento de moradias,atrativos,"Entidade turística consolidada: Parque das Laranjeiras - Altamira, em Altamira/PA. A categoria principal é 'Desenvolvimento de moradias', com secundária 'atrativos'. O endereço é Ibiza, Altamira - PA. Coordenadas e dados extraídos do Google Maps (2026-09-11).",Altamira,PA,Ibiza,,Pa,,"-3,2295019","-52,2486028",,,,,,,,,,,https://www.google.com/maps/place/Parque+das+Laranjeiras+-+Altamira/data=!4m7!3m6!1s0x9292470a81f5b0c1:0xb9b43544bedbe00b!8m2!3d-3.2295019!4d-52.2486028!16s%2Fg%2F11sr6hjygb!19sChIJwbD1gQpHkpIRC-DbvkQ1tLk?authuser=0&hl=pt-BR&g_ep=EgoyMDI2MDkwOC4wIJJjKgBIAVAD&rclk=1,"https://www.google.com/maps?q=-3.2295019,-52.2486028",revisado_com_pendencias,Revisar,sem contato | pendências da fonte,cadastur | google_maps | youtube | visitaltamira
atm_0225,André Mix Drogaria E Supermercado,empresa,Drogaria,farmacias,"André Mix Drogaria e Supermercado é uma drogaria/farmácia localizada em Altamira/PA, no bairro Jardim Independente I. O endereço é R. José Umbelino de Oliveira, N° 3926. Contato: (93) 99222-5289. Coordenadas: -3.2202454, -52.2267595 (Fonte: google_maps, 2026-09-11).",Altamira,PA,R. José Umbelino de Oliveira,3926,Jardim Independente I,,"-3,2202454","-52,2267595",(93) 99222-5289,,,,,,,,,,https://www.google.com/maps/place/Andr%C3%A9+Mix+Drogaria+e+Supermercado/data=!4m7!3m6!1s0x9292472cd6eafa6f:0x31a70861f8a988b3!8m2!3d-3.2202454!4d-52.2267595!16s%2Fg%2F11vd3q2xwg!19sChIJb_rq1ixHkpIRs4ip-GEIpzE?authuser=0&hl=pt-BR&g_ep=EgoyMDI2MDkwOC4wIJJjKgBIAVAD&rclk=1,"https://www.google.com/maps?q=-3.2202454,-52.2267595",revisado_com_pendencias,Revisar,pendências da fonte,cadastur | google_maps | youtube | visitaltamira
atm_0226,Big Farma,empresa,Drogaria,farmacias,"Big Farma é uma drogaria localizada em Altamira, PA, na Av. João Coelho, 883, bairro Brasília. O contato é (93) 3515-4344. As coordenadas são -3.1937733, -52.2141517 (Fonte: google_maps, 2026-09-11). Foi priorizado o preenchimento completo com dados de uma única fonte verificada.",Altamira,PA,Av. João Coelho,883,Brasília,,"-3,1937733","-52,2141517",(93) 3515-4344,,,,,,,,,,https://www.google.com/maps/place/Big+Farma/data=!4m7!3m6!1s0x9292384870355373:0x76c74bce3ea9846d!8m2!3d-3.1937733!4d-52.2141517!16s%2Fg%2F1tf32g1q!19sChIJc1M1cEg4kpIRbYSpPs5Lx3Y?authuser=0&hl=pt-BR&g_ep=EgoyMDI2MDkwOC4wIJJjKgBIAVAD&rclk=1,"https://www.google.com/maps?q=-3.1937733,-52.2141517",revisado,Apto para conferência final,,cadastur | google_maps | youtube | visitaltamira
atm_0227,Confiança Drug Store,empresa,Drogaria,farmacias,"Confiança Drug Store é uma drogaria localizada em Altamira/PA. O endereço é Av. Djalma Dutra, 2145 - 2145 - Independente II, Altamira - PA, 68371-163. O contato telefônico é (93) 3515-9599. As coordenadas são -3.2083984, -52.2141351 (Fonte: google_maps, 2026-09-11).",Altamira,PA,Av. Djalma Dutra,2145,Independente Ii,2145,"-3,2083984","-52,2141351",(93) 3515-9599,,,,,,,,,,https://www.google.com/maps/place/Confian%C3%A7a+Drug+Store/data=!4m7!3m6!1s0x92923876c79b29d9:0xa150348851ffc625!8m2!3d-3.2083984!4d-52.2141351!16s%2Fg%2F11b6d4g0tl!19sChIJ2Smbx3Y4kpIRJcb_UYg0UKE?authuser=0&hl=pt-BR&g_ep=EgoyMDI2MDkwOC4wIJJjKgBIAVAD&rclk=1,"https://www.google.com/maps?q=-3.2083984,-52.2141351",revisado_com_pendencias,Revisar,pendências da fonte,cadastur | google_maps | youtube | visitaltamira
atm_0228,Droga Minas,empresa,Drogaria,farmacias,"Entidade turística consolidada: Droga Minas, uma drogaria em Altamira/PA. O endereço é Av. João Coelho, 959 - Brasília, e o contato é (93) 3515-3388. As coordenadas e informações foram extraídas do Google Maps (2026-09-11).",Altamira,PA,Av. João Coelho,959,Brasília,,"-3,1991367","-52,2101017",(93) 3515-3388,,,,,,,,,,https://www.google.com/maps/place/Droga+Minas/data=!4m7!3m6!1s0x929238486760b4df:0x21d62f0975640a4d!8m2!3d-3.1991367!4d-52.2101017!16s%2Fg%2F1tt1j8x6!19sChIJ37RgZ0g4kpIRTQpkdQkv1iE?authuser=0&hl=pt-BR&g_ep=EgoyMDI2MDkwOC4wIJJjKgBIAVAD&rclk=1,"https://www.google.com/maps?q=-3.1991367,-52.2101017",revisado_com_pendencias,Revisar,pendências da fonte,cadastur | google_maps | youtube | visitaltamira
atm_0229,Drogashop,empresa,Drogaria,farmacias,"DrogaSHOP é uma drogaria localizada em Altamira, PA, no Centro. O endereço é R. 7 de Setembro, 2130A, e pode ser contatado pelo telefone (93) 99168-6533. O site é http://www.drogashop.com/. As coordenadas são -3.2088146, -52.213499 (Fonte: google_maps, 2026-09-11).",Altamira,PA,"R. 7 de Setembro, 2130A",,Centro,,"-3,2088146","-52,213499",(93) 99168-6533,,,http://www.drogashop.com/,,,,,,,https://www.google.com/maps/place/DrogaSHOP/data=!4m7!3m6!1s0x92923904279a4129:0xb140d96067e02971!8m2!3d-3.2088146!4d-52.213499!16s%2Fg%2F11q2yf_9dk!19sChIJKUGaJwQ5kpIRcSngZ2DZQLE?authuser=0&hl=pt-BR&g_ep=EgoyMDI2MDkwOC4wIJJjKgBIAVAD&rclk=1,"https://www.google.com/maps?q=-3.2088146,-52.213499",revisado,Apto para conferência final,,cadastur | google_maps | youtube | visitaltamira
atm_0230,Drogaria Amazônia,empresa,Drogaria,farmacias,"Consolidado o registro da Drogaria Amazônia em Altamira/PA, utilizando os dados da fonte google_maps:268:83aba5d8ae. A drogaria é classificada como Drogaria/farmacias, localizada no Centro, com endereço em Tv. Pedro Gomes, 632. Coordenadas e informações de contato são baseadas nesta ocorrência.",Altamira,PA,Tv. Pedro Gomes,632,Centro,,"-3,2085027","-52,2149144",,,,,,,,,,,https://www.google.com/maps/place/Drogaria+Amaz%C3%B4nia/data=!4m7!3m6!1s0x9292386d06c2f339:0xf9ee555180c695d1!8m2!3d-3.2085027!4d-52.2149144!16s%2Fg%2F1ptxsz5dg!19sChIJOfPCBm04kpIR0ZXGgFFV7vk?authuser=0&hl=pt-BR&g_ep=EgoyMDI2MDkwOC4wIJJjKgBIAVAD&rclk=1,"https://www.google.com/maps?q=-3.2085027,-52.2149144",revisado,Revisar,sem contato,cadastur | google_maps | youtube | visitaltamira
atm_0231,Drogaria Atacadão Bahia / Laboclin,empresa,Drogaria,farmacias,"A entidade ""Drogaria Atacadão Bahia / Laboclin"" foi consolidada usando os dados da ocorrência mais específica (ID: google_maps:275:83aba5d8ae). A categoria principal é Drogaria, localizada em Altamira/PA, com endereço em R. Manjericão - Jardim Altamira. O telefone e o site foram registrados com base nesta fonte.",Altamira,PA,R. Manjericão,,Jardim Altamira,,"-3,1952636","-52,2274454",(93) 99198-4498,,,,,,,,,,https://www.google.com/maps/place/Drogaria+Atacad%C3%A3o+Bahia+Djalma+%7C+Farm%C3%A1cia+em+Altamira/data=!4m7!3m6!1s0x9292474911c7bee3:0xd85b8191b2bb33f4!8m2!3d-3.2082196!4d-52.2143647!16s%2Fg%2F11jl3kz6hw!19sChIJ477HEUlHkpIR9DO7spGBW9g?authuser=0&hl=pt-BR&g_ep=EgoyMDI2MDkwOC4wIJJjKgBIAVAD&rclk=1,"https://www.google.com/maps?q=-3.1952636,-52.2274454",revisado,Apto para conferência final,,cadastur | google_maps | youtube | visitaltamira
atm_0232,Drogaria Atacadão Bahia Mutirão Loja 2,empresa,Drogaria,farmacias,"Drogaria Atacadão Bahia Mutirão Loja 2 em Altamira/PA. Endereço: Esquina com a - Av Bom Jesus, Acesso Sete. Contato: (93) 99107-1812. Site: https://linklist.bio/contatosatacadaobahia. A categoria principal é Drogaria, com informações de fonte do Google Maps (2026-09-11 12:21:25). Pendências: Nenhuma.",Altamira,PA,Esquina Com A,,"Av Bom Jesus, Acesso Sete",,"-3,1866239","-52,2099307",(93) 99107-1812,,,https://linklist.bio/contatosatacadaobahia,,,,,,,https://www.google.com/maps/place/ATACAD%C3%83O+BAHIA/data=!4m7!3m6!1s0x929238352ccdcd4b:0xa483223f20613fd1!8m2!3d-3.1857062!4d-52.2102619!16s%2Fg%2F11v037bp9w!19sChIJS83NLDU4kpIR0T9hID8ig6Q?authuser=0&hl=pt-BR&g_ep=EgoyMDI2MDkwOC4wIJJjKgBIAVAD&rclk=1,"https://www.google.com/maps?q=-3.1866239,-52.2099307",revisado,Apto para conferência final,,cadastur | google_maps | youtube | visitaltamira | https://avaliacoesbrasil.com/loja-de-roupa/manaus/atacadao-norte-mutirao/
atm_0233,Drogaria Batista,empresa,Drogaria,farmacias,"Drogaria Batista, uma drogaria em Altamira/PA, localizada na Tv. Salim Mauad, 43 - Esplanada do Xingu. O contato é (93) 3515-1359. As informações foram extraídas do Google Maps em 11/09/2026.",Altamira,PA,Tv. Salim Mauad,43,Esplanada do Xingu,,"-3,2090964","-52,2156371",(93) 3515-1359,,,,,,,,,,https://www.google.com/maps/place/Drogaria+Batista/data=!4m7!3m6!1s0x92924789ded8bbcb:0x6fc0538f8e8bdc14!8m2!3d-3.2090964!4d-52.2156371!16s%2Fg%2F1tdrgfp8!19sChIJy7vY3olHkpIRFNyLjo9TwG8?authuser=0&hl=pt-BR&g_ep=EgoyMDI2MDkwOC4wIJJjKgBIAVAD&rclk=1,"https://www.google.com/maps?q=-3.2090964,-52.2156371",revisado,Apto para conferência final,,cadastur | google_maps | youtube | visitaltamira
atm_0234,Drogaria Mix Popular,empresa,Drogaria,farmacias,"Consolidado os dados da Drogaria Mix Popular de Altamira/PA, utilizando a fonte google_maps:256:83aba5d8ae. O endereço é Av. Djalma Dutra, 771-967 - Centro, e o telefone é (93) 99112-4732. A categoria principal é Drogaria.",Altamira,PA,"Av. Djalma Dutra, 771-967",,Centro,,"-3,2070966","-52,2134633",(93) 99112-4732,,,,,,,,,,https://www.google.com/maps/place/Drogaria+Mix+Popular/data=!4m7!3m6!1s0x929239ef10089171:0x25143a5b95aa4d08!8m2!3d-3.2070966!4d-52.2134633!16s%2Fg%2F11kx9bwfmy!19sChIJcZEIEO85kpIRCE2qlVs6FCU?authuser=0&hl=pt-BR&g_ep=EgoyMDI2MDkwOC4wIJJjKgBIAVAD&rclk=1,"https://www.google.com/maps?q=-3.2070966,-52.2134633",revisado_com_pendencias,Revisar,pendências da fonte,cadastur | google_maps | youtube | visitaltamira
atm_0235,Drogaria Nossa Farma,empresa,Drogaria,farmacias,"Drogaria Nossa Farma é uma drogaria localizada em Altamira/PA, na Rodovia Magalhães Barata No 11C - Liberdade. O contato é (93) 99176-5169. As coordenadas são -3.185166, -52.2232379 (Fonte: google_maps:609:83aba5d8ae, 2026-09-11).",Altamira,PA,Rodovia Magalhães Barata No 11C,,Liberdade,,"-3,185166","-52,2232379",(93) 99176-5169,,,,,,,,,,https://www.google.com/maps/place/Drogaria+Nossa+Farma/data=!4m7!3m6!1s0x92923900033b91ab:0xc6546609e7e7c400!8m2!3d-3.185166!4d-52.2232379!16s%2Fg%2F11vt4sdrn1!19sChIJq5E7AwA5kpIRAMTn5wlmVMY?authuser=0&hl=pt-BR&g_ep=EgoyMDI2MDkwOC4wIJJjKgBIAVAD&rclk=1,"https://www.google.com/maps?q=-3.185166,-52.2232379",revisado,Apto para conferência final,,cadastur | google_maps | youtube | visitaltamira
atm_0236,Drogaria Primavera,empresa,Drogaria,farmacias,"Drogaria Primavera é uma drogaria localizada no Centro de Altamira, PA. O endereço é Tv. Pedro Gomes, 678, e o telefone de contato é (93) 3515-3904. As coordenadas são -3.2080368, -52.2153114 (Fonte: google_maps, 2026-09-11).",Altamira,PA,Tv. Pedro Gomes,678,Centro,,"-3,2080368","-52,2153114",(93) 3515-3904,,,,,,,,,,https://www.google.com/maps/place/Drogaria+Primavera/data=!4m7!3m6!1s0x9292386daa63633f:0x9fcb096ef320e2e4!8m2!3d-3.2080368!4d-52.2153114!16s%2Fg%2F11b6bbjd8n!19sChIJP2Njqm04kpIR5OIg824Jy58?authuser=0&hl=pt-BR&g_ep=EgoyMDI2MDkwOC4wIJJjKgBIAVAD&rclk=1,"https://www.google.com/maps?q=-3.2080368,-52.2153114",revisado,Apto para conferência final,,cadastur | google_maps | youtube | visitaltamira
atm_0237,"Drogarias Ultra Popular - Djalma Dutra, 1976 - Altamira",empresa,Drogaria,farmacias,"Consolidado o registro da Drogarias Ultra Popular em Altamira-PA, utilizando a ocorrência de 2026-09-11 12:20:52. O endereço é Av. Djalma Dutra, 1976 - Centro. Possui telefone (93) 99108-3096 e site https://www.drogariasultrapopular.com.br/. A categoria principal é Drogaria.",Altamira,PA,Av. Djalma Dutra,1976,Centro,,"-3,2079234","-52,2141135",(93) 99108-3096,,,https://www.drogariasultrapopular.com.br/,,,,,,,https://www.google.com/maps/place/Drogarias+Ultra+Popular/data=!4m7!3m6!1s0x929239c8e894221b:0xf5f2b06478e61ab6!8m2!3d-3.2068227!4d-52.2133797!16s%2Fg%2F11pf5w8s6_!19sChIJGyKU6Mg5kpIRthrmeGSw8vU?authuser=0&hl=pt-BR&g_ep=EgoyMDI2MDkwOC4wIJJjKgBIAVAD&rclk=1,"https://www.google.com/maps?q=-3.2079234,-52.2141135",revisado,Apto para conferência final,,cadastur | google_maps | youtube | visitaltamira
atm_0238,Farmacia Sales,empresa,Drogaria,farmacias,"Entidade turística consolidada: Farmacia Sales, uma Drogaria em Altamira/PA. O endereço completo é Tv. Agrário Cavalcante, 739 - Recreio, Altamira - PA, 68371-140. Contato: (93) 3515-1760. Coordenadas e dados obtidos via Google Maps (2026-09-11).",Altamira,PA,Tv. Agrário Cavalcante,739,Recreio,,"-3,2063807","-52,2147066",(93) 3515-1760,,,,,,,,,,https://www.google.com/maps/place/Farmacia+Sales/data=!4m7!3m6!1s0x9292386c867dbfe1:0xfa701fe72ecd0130!8m2!3d-3.2063807!4d-52.2147066!16s%2Fg%2F1v_z5d2w!19sChIJ4b99hmw4kpIRMAHNLucfcPo?authuser=0&hl=pt-BR&g_ep=EgoyMDI2MDkwOC4wIJJjKgBIAVAD&rclk=1,"https://www.google.com/maps?q=-3.2063807,-52.2147066",revisado,Apto para conferência final,,cadastur | google_maps | youtube | visitaltamira
atm_0239,Farmácia Bem Estar,empresa,Drogaria,farmacias,"Entidade turística consolidada: Farmácia Bem Estar, uma Drogaria localizada em Altamira/PA, no bairro Catedral. O endereço é Tv. Cmte. Castilho, 660. Contato: (93) 3515-5312. Coordenadas e dados extraídos do Google Maps (2026-09-11).",Altamira,PA,Tv. Cmte. Castilho,660,Catedral,,"-3,2050638","-52,2073244",(93) 3515-5312,,,,,,,,,,https://www.google.com/maps/place/Farm%C3%A1cia+Bem+Estar/data=!4m7!3m6!1s0x929238388237b1ad:0xd3df2fd6a1cae36d!8m2!3d-3.2050638!4d-52.2073244!16s%2Fg%2F1v96mwg6!19sChIJrbE3gjg4kpIRbePKodYv39M?authuser=0&hl=pt-BR&g_ep=EgoyMDI2MDkwOC4wIJJjKgBIAVAD&rclk=1,"https://www.google.com/maps?q=-3.2050638,-52.2073244",revisado,Apto para conferência final,,cadastur | google_maps | youtube | visitaltamira
atm_0240,Farmácia Mineira Delivery,empresa,Drogaria,farmacias,"Entidade turística consolidada: Farmácia Mineira Delivery, uma Drogaria em Altamira/PA. O endereço é Av. João Coelho, 1057 - Jardim Altamira. Contato: (93) 3593-0100. Coordenadas e dados extraídos do Google Maps (2026-09-11).",Altamira,PA,Av. João Coelho,1057,Jardim Altamira,,"-3,1925607","-52,2150794",(93) 3593-0100,,,,,,,,,,https://www.google.com/maps/place/Farm%C3%A1cia+Mineira+Delivery/data=!4m7!3m6!1s0x9292384858723a95:0x128d85f0422e43d3!8m2!3d-3.1925607!4d-52.2150794!16s%2Fg%2F1ptx4pz_0!19sChIJlTpyWEg4kpIR00MuQvCFjRI?authuser=0&hl=pt-BR&g_ep=EgoyMDI2MDkwOC4wIJJjKgBIAVAD&rclk=1,"https://www.google.com/maps?q=-3.1925607,-52.2150794",revisado,Apto para conferência final,,cadastur | google_maps | youtube | visitaltamira
atm_0241,H. E. Lopes & Cia,empresa,Drogaria,farmacias,"Entidade turística consolidada: H. E. Lopes & Cia, uma Drogaria/farmácia em Altamira/PA. Endereço: Av. João Coelho, 1057 - Jardim Altamira. Contato: (93) 3515-4378. Coordenadas e dados obtidos via Google Maps (2026-09-11).",Altamira,PA,Av. João Coelho,1057,Jardim Altamira,,"-3,1925607","-52,2150794",(93) 3515-4378,,,,,,,,,,https://www.google.com/maps/place/H.+E.+Lopes+%26+Cia/data=!4m7!3m6!1s0x9292384858723a95:0x6da66e2aed2b7775!8m2!3d-3.1925607!4d-52.2150794!16s%2Fg%2F11b6hrcmzt!19sChIJlTpyWEg4kpIRdXcr7Spupm0?authuser=0&hl=pt-BR&g_ep=EgoyMDI2MDkwOC4wIJJjKgBIAVAD&rclk=1,"https://www.google.com/maps?q=-3.1925607,-52.2150794",revisado,Apto para conferência final,,cadastur | google_maps | youtube | visitaltamira
atm_0242,J. M. de Araújo Conceição Comércio -,empresa,Drogaria,farmacias,"A Drogaria J. M. de Araújo Conceição Comércio - está localizada em Altamira/PA, no Centro, na Tv. Pedro Gomes, 632. O contato é (93) 3515-3904. Coordenadas: -3.2085027, -52.2149144. (Fonte: google_maps, 2026-09-11).",Altamira,PA,Tv. Pedro Gomes,632,Centro,,"-3,2085027","-52,2149144",(93) 3515-3904,,,,,,,,,,https://www.google.com/maps/place/J.+M.+de+Ara%C3%BAjo+Concei%C3%A7%C3%A3o+Com%C3%A9rcio+-/data=!4m7!3m6!1s0x9292386d06c2f339:0xd772412709657bfe!8m2!3d-3.2085027!4d-52.2149144!16s%2Fg%2F11b6hy2zql!19sChIJOfPCBm04kpIR_ntlCSdBctc?authuser=0&hl=pt-BR&g_ep=EgoyMDI2MDkwOC4wIJJjKgBIAVAD&rclk=1,"https://www.google.com/maps?q=-3.2085027,-52.2149144",revisado,Apto para conferência final,,cadastur | google_maps | youtube | visitaltamira
atm_0243,Maia & Lima,empresa,Drogaria,farmacias,"A drogaria Maia & Lima está localizada em Altamira/PA, no bairro Brasília. O endereço é R. Padre Antônio Viêira, 683. Contato: (93) 3515-2656. Coordenadas: -3.1928643, -52.2092322 (Fonte: google_maps, 2026-09-11).",Altamira,PA,R. Padre Antônio Viêira,683,Brasília,,"-3,1928643","-52,2092322",(93) 3515-2656,,,,,,,,,,https://www.google.com/maps/place/Maia+%26+Lima/data=!4m7!3m6!1s0x9292383772102ab1:0x292fc1aa022596a6!8m2!3d-3.1928643!4d-52.2092322!16s%2Fg%2F11b6j39b2v!19sChIJsSoQcjc4kpIRppYlAqrBLyk?authuser=0&hl=pt-BR&g_ep=EgoyMDI2MDkwOC4wIJJjKgBIAVAD&rclk=1,"https://www.google.com/maps?q=-3.1928643,-52.2092322",revisado,Apto para conferência final,,cadastur | google_maps | youtube | visitaltamira
atm_0244,R. D. P. Ferreira,empresa,Drogaria,farmacias,"A Drogaria R. D. P. Ferreira está localizada em Altamira/PA, no Centro, na Av. Djalma Dutra, 1630. O contato é (93) 3515-3775. As coordenadas são -3.2043962, -52.2113717 (Fonte: google_maps:606:83aba5d8ae, 2026-09-11).",Altamira,PA,Av. Djalma Dutra,1630,Centro,,"-3,2043962","-52,2113717",(93) 3515-3775,,,,,,,,,,https://www.google.com/maps/place/R.+D.+P.+Ferreira/data=!4m7!3m6!1s0x92923876c78f981f:0x9af82aeeed0f087c!8m2!3d-3.2043962!4d-52.2113717!16s%2Fg%2F11b6hv1vln!19sChIJH5iPx3Y4kpIRfAgP7e4q-Jo?authuser=0&hl=pt-BR&g_ep=EgoyMDI2MDkwOC4wIJJjKgBIAVAD&rclk=1,"https://www.google.com/maps?q=-3.2043962,-52.2113717",revisado,Apto para conferência final,,cadastur | google_maps | youtube | visitaltamira
atm_0245,Unidade da Farmácia Popular do Brasil,empresa,Drogaria,farmacias,"A unidade mais alinhada é a 'Unidade da Farmácia Popular do Brasil' (google_maps:604:83aba5d8ae). É classificada como Drogaria, localizada em Altamira/PA, no bairro Catedral. O endereço é Tv. Cmte. Castilho, 600, e o telefone é (93) 3515-0995. As coordenadas e dados são provenientes do Google Maps (2026-09-11 14:04:11).",Altamira,PA,Tv. Cmte. Castilho,600,Catedral,,"-3,2046592","-52,2076864",(93) 3515-0995,,,,,,,,,,https://www.google.com/maps/place/Farmacia+Brasil+Altamira+%2F+Drogaria+%2B+Popular/data=!4m7!3m6!1s0x9292394cefafa905:0x4cc9531c469cab95!8m2!3d-3.2078095!4d-52.2136992!16s%2Fg%2F11gnpbd4zv!19sChIJBamv70w5kpIRlaucRhxTyUw?authuser=0&hl=pt-BR&g_ep=EgoyMDI2MDkwOC4wIJJjKgBIAVAD&rclk=1,"https://www.google.com/maps?q=-3.2046592,-52.2076864",revisado_com_pendencias,Revisar,pendências da fonte,cadastur | google_maps | youtube | visitaltamira | https://www.rededrogadada.com.br/farmacia-popular/
atm_0246,Castelo de Sonhos,empresa,Ecoturismo,Divisa com Mato Grosso,"Castelo de Sonhos é um destino de Ecoturismo em Altamira/PA, localizado na divisa com Mato Grosso. O público-alvo são aventureiros. O endereço é na divisa com o estado do Mato Grosso. (Fonte: youtube:199:1dcfa867f9)",Altamira,PA,Divisa Com O Estado do Mato Grosso,,,,,,,,,,,,,,,,https://www.youtube.com/watch?v=RHCxf6BfGYk,,revisado,Revisar,sem coordenadas | sem contato,cadastur | google_maps | youtube | visitaltamira | https://www.guiaviagensbrasil.com/pa/altamira/
atm_0247,Distrito de Castelo Dos Sonhos,empresa,Ecoturismo,"Distrito, Amazônia","O Distrito de Castelo dos Sonhos, em Altamira/PA, é um destino de Ecoturismo, classificado como Distrito, Amazônia. O acesso é indicado por um vídeo do YouTube (2026-09-11). Oferece exploração de natureza e cultura local, sendo ideal para aventureiros e viajantes de longa distância. O endereço mencionado é 'Distrito de Altamira'.",Altamira,PA,Distrito de Altamira,,,,,,,,,,,,Exploração de natureza e cultura local,,,,https://www.youtube.com/watch?v=8uF_f4Ztp5A,,revisado,Revisar,sem coordenadas | sem contato,cadastur | google_maps | youtube | visitaltamira | https://www.guiaviagensbrasil.com/pa/altamira/
atm_0248,Ilha do Zarara,empresa,Ecoturismo,"Caiaque, Aventura, Rio Xingu, Morro do Zarara","Ilha do Zarara é um destino de ecoturismo em Altamira, PA, localizado na região do Rio Xingu. É ideal para aventureiros e praticantes de esportes de remo, oferecendo atividades como canoagem, caiaque e trilhas. (Fonte: youtube:126:1dcfa867f9, 2026-09-11)",Altamira,PA,"Região do Rio Xingu, Área do Antigo Povoado Zarara",,,,,,,,,,,,"Canoagem, caiaque, trilha",,,,https://www.youtube.com/watch?v=N8c-dI3pDcs,,revisado,Revisar,sem coordenadas | sem contato,cadastur | google_maps | youtube | visitaltamira
atm_0249,Ilhas da Ressaca,empresa,Ecoturismo,"Ilhas, História do Garimpo","Ilhas da Ressaca, em Altamira/PA, é um local de ecoturismo com foco em exploração histórica e natural, em áreas de antigos garimpos. O endereço é Rio Xingu, e não necessita de reserva, sendo ideal para quem busca aventura e história.",Altamira,PA,"Rio Xingu, Altamira",,,,,,,,,,,,Exploração histórica e natural,,Não,,https://www.youtube.com/watch?v=KeJAKYeI34Q,,revisado,Revisar,sem coordenadas | sem contato,cadastur | google_maps | youtube | visitaltamira
atm_0250,Observação de Aves,empresa,Ecoturismo,"Birdwatching, Natureza","Ponto turístico de Observação de Aves em Altamira/PA, focado em Ecoturismo e Birdwatching. A atividade pode ser realizada nas margens do Rio Xingu ou em áreas de hospedagem. O público-alvo são entusiastas de observação de aves. (Fonte: youtube:205:1dcfa867f9, 2026-09-11)",Altamira,PA,Margens do Rio Xingu / Áreas de Hospedagem Em Altamira,,,,,,,,,,,,Observação de fauna aérea,,,,https://www.youtube.com/watch?v=PJrJAsuXv2I,,revisado,Revisar,sem coordenadas | sem contato,cadastur | google_maps | youtube | visitaltamira
atm_0251,Observação de Jacarés,empresa,Ecoturismo,"Vida Selvagem, Fauna Amazônica","Ponto turístico de Ecoturismo em Altamira/PA, focado na Observação de Jacarés e vida selvagem. O local pode ser acessado via Rio Xingu e atrai pessoas interessadas em fauna amazônica. (Fonte: youtube:204:1dcfa867f9, 2026-09-11)",Altamira,PA,"Rio Xingu, Altamira",,,,,,,,,,,,Observação de animais silvestres,,,,https://www.youtube.com/watch?v=PJrJAsuXv2I,,revisado,Revisar,sem coordenadas | sem contato,cadastur | google_maps | youtube | visitaltamira
atm_0252,Samaúma,empresa,Ecoturismo,"Floresta Amazônica, Árvore Gigante, Trilhas","Samaúma é um ponto de ecoturismo em Altamira/PA, conhecido por uma árvore imponente em propriedade da família da Pousada Xingu Araras. Oferece trilha ecológica e observação de árvores nativas, sendo ideal para amantes de natureza e fotógrafos. (Fonte: youtube:143:1dcfa867f9, 2026-09-11)",Altamira,PA,"Propriedade da Família da Pousada Xingu Araras, Região do Xingu.",,,,,,,,,,,,Trilha ecológica e observação de árvores nativas.,,,,https://www.youtube.com/watch?v=_H3wfJ8xuLM,,revisado,Revisar,sem coordenadas | sem contato,cadastur | google_maps | youtube | visitaltamira
atm_0253,Terra Indígena Coatinemo,empresa,Ecoturismo,"Floresta Amazônica, Rio Xingu, Território Indígena","A Terra Indígena Coatinemo, em Altamira/PA, é um destino de Ecoturismo focado na observação da natureza e contato com a biodiversidade. É ideal para aventureiros e pesquisadores, apresentando o modo de vida do povo Ashaninka na região do Rio Xingu. (Fonte: youtube:210:1dcfa867f9, 2026-09-11)",Altamira,PA,"Região de Altamira, Rio Xingu.",,,,,,,,,,,,"Observação da natureza, navegação por corredeiras e contato com a biodiversidade.",,,,https://www.youtube.com/watch?v=s6Err2_Tg48,,revisado,Revisar,sem coordenadas | sem contato,cadastur | google_maps | youtube | visitaltamira
atm_0254,Cooperativa Buburé,empresa,Empresa de transporte rodoviário,passeios_agencias,"Cooperativa Buburé é uma empresa de transporte rodoviário e agência de passeios localizada em Altamira/PA, no bairro Sudam II. O endereço é R. Luís Né da Silva, 782, e o contato é (93) 99126-9095. As coordenadas são -3.2057529, -52.2208566 (Fonte: google_maps, 2026-09-11).",Altamira,PA,"782, R. Luís Né da Silva",724,Sudam Ii,,"-3,2057529","-52,2208566",(93) 99126-9095,,,,,,,,,,https://www.google.com/maps/place/Cooperativa+Bubur%C3%A9/data=!4m7!3m6!1s0x92923868da357b81:0x77c599b3847b689b!8m2!3d-3.2057529!4d-52.2208566!16s%2Fg%2F11clzkq874!19sChIJgXs12mg4kpIRm2h7hLOZxXc?authuser=0&hl=pt-BR&g_ep=EgoyMDI2MDkwOC4wIJJjKgBIAVAD&rclk=1,"https://www.google.com/maps?q=-3.2057529,-52.2208566",revisado_com_pendencias,Revisar,pendências da fonte,cadastur | google_maps | youtube | visitaltamira
atm_0255,Cootait E Rodoviária de Altamira Pa,empresa,Empresa de transporte rodoviário,passeios_agencias,"Entidade turística consolidada: Cootait e Rodoviária de Altamira PA. É classificada como Empresa de transporte rodoviário e também em passeios/agências. Localizada em Altamira/PA, no bairro Sudam I. Possui endereço completo, telefone (93) 99188-4402, site e coordenadas geográficas verificadas pelo Google Maps (2026-09-11).",Altamira,PA,R. Luís Né da Silva,S/N,Sudam I,,"-3,2058667","-52,2207816",(93) 99188-4402,,,http://www.cootait.amawebs.com/,,,,,,,https://www.google.com/maps/place/Cootait+e+Rodovi%C3%A1ria+de+Altamira+PA/data=!4m7!3m6!1s0x92923868cb792279:0xc228b935d66a2c3c!8m2!3d-3.2058667!4d-52.2207816!16s%2Fg%2F1tj_69dc!19sChIJeSJ5y2g4kpIRPCxq1jW5KMI?authuser=0&hl=pt-BR&g_ep=EgoyMDI2MDkwOC4wIJJjKgBIAVAD&rclk=1,"https://www.google.com/maps?q=-3.2058667,-52.2207816",revisado_com_pendencias,Revisar,pendências da fonte,cadastur | google_maps | youtube | visitaltamira
atm_0256,Viação Ouro E Prata,empresa,Empresa de transporte rodoviário,passeios_agencias,"A VIAÇÃO OURO E PRATA em Altamira-PA é uma empresa de transporte rodoviário localizada no bairro Sudam I. O endereço é R. Luís Né da Silva - Sudam I, e o contato principal é (93) 99218-8580. O site oficial é https://www.instagram.com/ouroeprataaltamira.",Altamira,PA,R. Luís Né da Silva,,Sudam I,,"-3,2058155","-52,2210081",(93) 99218-8580,,,https://www.instagram.com/ouroeprataaltamira,,,,,,,https://www.google.com/maps/place/VIA%C3%87%C3%83O+OURO+E+PRATA+SALA+VIP/data=!4m7!3m6!1s0x9292394c9c0a3287:0xc0f2793c5ac6763!8m2!3d-3.2057233!4d-52.2203562!16s%2Fg%2F11zh9_3w6m!19sChIJhzIKnEw5kpIRY2esxZMnDww?authuser=0&hl=pt-BR&g_ep=EgoyMDI2MDkwOC4wIJJjKgBIAVAD&rclk=1,"https://www.google.com/maps?q=-3.2058155,-52.2210081",revisado,Revisar,possível duplicidade,cadastur | google_maps | youtube | visitaltamira | https://www.blablacar.com.br/bus/stations/altamira-pa | https://www.buscaonibus.com.br/horario/altamira/goiania
atm_0257,Paizão Turismo,empresa,Empresa de ônibus,passeios_agencias,"Paizão turismo é uma empresa de ônibus e agência de passeios localizada em Altamira, PA. O endereço é R. Luís Né da Silva - Sudam I, e o contato é (91) 99141-2658. As coordenadas são -3.2041833, -52.2178122 (Fonte: google_maps, 2026-09-11).",Altamira,PA,R. Luís Né da Silva,,Sudam I,,"-3,2041833","-52,2178122",(91) 99141-2658,,,,,,,,,,https://www.google.com/maps/place/Paiz%C3%A3o+turismo/data=!4m7!3m6!1s0x929239999a30407b:0x3fb4f6b8ef1efeb!8m2!3d-3.2041833!4d-52.2178122!16s%2Fg%2F11t9w_p4zs!19sChIJe0Awmpk5kpIR6-_xjmtP-wM?authuser=0&hl=pt-BR&g_ep=EgoyMDI2MDkwOC4wIJJjKgBIAVAD&rclk=1,"https://www.google.com/maps?q=-3.2041833,-52.2178122",revisado_com_pendencias,Revisar,pendências da fonte,cadastur | google_maps | youtube | visitaltamira
atm_0258,Bio Fórmula,empresa,Empresa farmacêutica,farmacias,"Bio Fórmula é uma empresa farmacêutica e farmácia localizada no Centro de Altamira-PA. O endereço é Tv. Agrário Cavalcante, 739, e pode ser contatado pelo telefone (93) 99161-1060. O site é http://www.bioformulaaltamira.com.br/.",Altamira,PA,Tv. Agrário Cavalcante,739,Centro,,"-3,2065469","-52,2145447",(93) 99161-1060,,,http://www.bioformulaaltamira.com.br/,,,,,,,https://www.google.com/maps/place/Bio+F%C3%B3rmula/data=!4m7!3m6!1s0x9292386c83f3bd19:0x4d1bc5f679da1684!8m2!3d-3.2065469!4d-52.2145447!16s%2Fg%2F11b6gk44_h!19sChIJGb3zg2w4kpIRhBbaefbFG00?authuser=0&hl=pt-BR&g_ep=EgoyMDI2MDkwOC4wIJJjKgBIAVAD&rclk=1,"https://www.google.com/maps?q=-3.2065469,-52.2145447",revisado,Apto para conferência final,,cadastur | google_maps | youtube | visitaltamira
atm_0259,Droga Norte,empresa,Empresa farmacêutica,farmacias,"Entidade turística consolidada: Droga Norte, uma empresa farmacêutica/farmácia localizada no Centro de Altamira-PA. O endereço é Av. Djalma Dutra - Centro, Altamira - PA, 68371-163. Contato: (93) 99125-9239. Coordenadas: Lat -3.2080918, Lon -52.2142742 (Fonte: google_maps, 2026-09-11).",Altamira,PA,Av. Djalma Dutra,,Centro,,"-3,2080918","-52,2142742",(93) 99125-9239,,,,,,,,,,https://www.google.com/maps/place/Droga+Norte/data=!4m7!3m6!1s0x9292399ca14a9d19:0x3da8fd2a186778bf!8m2!3d-3.2080918!4d-52.2142742!16s%2Fg%2F11lbl8hmv6!19sChIJGZ1KoZw5kpIRv3hnGCr9qD0?authuser=0&hl=pt-BR&g_ep=EgoyMDI2MDkwOC4wIJJjKgBIAVAD&rclk=1,"https://www.google.com/maps?q=-3.2080918,-52.2142742",revisado_com_pendencias,Revisar,pendências da fonte,cadastur | google_maps | youtube | visitaltamira
atm_0260,Drogaria + Saúde Ultrapopular,empresa,Empresa farmacêutica,farmacias,"Drogaria + Saúde Ultrapopular é uma empresa farmacêutica localizada em Altamira, PA, na Av. João Coelho - Brasília. O contato é (93) 99237-2667. As coordenadas são -3.1986308, -52.21051 (Fonte: google_maps, 2026-09-11). Necessita confirmação de se é um ponto turístico.",Altamira,PA,Av. João Coelho,,Brasília,,"-3,1986308","-52,21051",(93) 99237-2667,,,,,,,,,,https://www.google.com/maps/place/Drogaria+%2B+Sa%C3%BAde+Ultrapopular/data=!4m7!3m6!1s0x9292399d8bad9ddd:0xaf4eaa9591194bb9!8m2!3d-3.1986308!4d-52.21051!16s%2Fg%2F11jq3yg821!19sChIJ3Z2ti505kpIRuUsZkZWqTq8?authuser=0&hl=pt-BR&g_ep=EgoyMDI2MDkwOC4wIJJjKgBIAVAD&rclk=1,"https://www.google.com/maps?q=-3.1986308,-52.21051",revisado_com_pendencias,Revisar,pendências da fonte,cadastur | google_maps | youtube | visitaltamira
atm_0261,Drogaria Mais Saúde,empresa,Empresa farmacêutica,farmacias,"Drogaria Mais Saúde é uma empresa farmacêutica localizada em Altamira, PA. O endereço é Av. Tancredo Neves - Altamira, PA, 68371-105. O contato é (93) 99121-7542. Coordenadas: -3.2154692, -52.2195889. (Fonte: google_maps, 2026-09-11)",Altamira,PA,Av. Tancredo Neves -,,,,"-3,2154692","-52,2195889",(93) 99121-7542,,,,,,,,,,https://www.google.com/maps/place/Drogaria+Mais+Sa%C3%BAde/data=!4m7!3m6!1s0x929239fefae13f9b:0x5d866a4f1aaccba5!8m2!3d-3.2154692!4d-52.2195889!16s%2Fg%2F11vt4t9lr_!19sChIJmz_h-v45kpIRpcusGk9qhl0?authuser=0&hl=pt-BR&g_ep=EgoyMDI2MDkwOC4wIJJjKgBIAVAD&rclk=1,"https://www.google.com/maps?q=-3.2154692,-52.2195889",revisado,Apto para conferência final,,cadastur | google_maps | youtube | visitaltamira
atm_0262,Farmacia Brasil Altamira / Drogaria + Popular,empresa,Empresa farmacêutica,farmacias,"Consolidado os dados da Farmacia Brasil Altamira / Drogaria + Popular em Altamira/PA. O endereço é Av. Djalma Dutra, 2085 B - Centro. Contato: (93) 99157-4267. Coordenadas: Lat -3.2078095, Lon -52.2136992. A fonte principal é o Google Maps (2026-09-11). Pendências: Não há informações de horário de funcionamento ou fotos verificadas para esta unidade específica.",Altamira,PA,"Av. Djalma Dutra, 2085 B",,Centro,,"-3,2078095","-52,2136992",(93) 99157-4267,,,,,,,,,,https://www.google.com/maps/place/Farmacia+Brasil+Altamira+%2F+Drogaria+%2B+Popular/data=!4m7!3m6!1s0x9292394cefafa905:0x4cc9531c469cab95!8m2!3d-3.2078095!4d-52.2136992!16s%2Fg%2F11gnpbd4zv!19sChIJBamv70w5kpIRlaucRhxTyUw?authuser=0&hl=pt-BR&g_ep=EgoyMDI2MDkwOC4wIJJjKgBIAVAD&rclk=1,"https://www.google.com/maps?q=-3.2078095,-52.2136992",revisado_com_pendencias,Revisar,pendências da fonte,cadastur | google_maps | youtube | visitaltamira | https://applocal.com.br/empresa/farmacia-lacerda/altamira/pa/11123752
atm_0263,Farmácia do Trabalhador de Altamira-Drogaria Xingu,empresa,Empresa farmacêutica,farmacias,"A Farmácia do Trabalhador de Altamira-Drogaria Xingu é uma empresa farmacêutica localizada no Centro de Altamira-PA. O endereço é Tv. Pedro Gomes, 644, e o contato é (93) 99117-9946. As coordenadas são -3.2082397, -52.2149483 (Fonte: google_maps, 2026-09-11).",Altamira,PA,Tv. Pedro Gomes,644,Centro,,"-3,2082397","-52,2149483",(93) 99117-9946,,,,,,,,,,https://www.google.com/maps/place/Farm%C3%A1cia+do+Trabalhador+de+Altamira-Drogaria+Xingu/data=!4m7!3m6!1s0x929239cb5d25b17f:0x30566af15854459c!8m2!3d-3.2082397!4d-52.2149483!16s%2Fg%2F11mq7n6w3b!19sChIJf7ElXcs5kpIRnEVUWPFqVjA?authuser=0&hl=pt-BR&g_ep=EgoyMDI2MDkwOC4wIJJjKgBIAVAD&rclk=1,"https://www.google.com/maps?q=-3.2082397,-52.2149483",revisado,Apto para conferência final,,cadastur | google_maps | youtube | visitaltamira
atm_0264,Farmácias Ftb,empresa,Empresa farmacêutica,farmacias,"Entidade turística consolidada: Farmácias FTB, uma empresa farmacêutica localizada no Centro de Altamira-PA. O endereço completo é Tv. Pedro Gomes, 644. Contato: (93) 3515-3292. Coordenadas e dados obtidos via Google Maps (2026-09-11).",Altamira,PA,Tv. Pedro Gomes,644,Centro,,"-3,2084751","-52,2150146",(93) 3515-3292,,,,,,,,,,https://www.google.com/maps/place/Farm%C3%A1cias+FTB/data=!4m7!3m6!1s0x9292386d072821bd:0xa794f4308101aeb5!8m2!3d-3.2084751!4d-52.2150146!16s%2Fg%2F11bv3mq_lw!19sChIJvSEoB204kpIRta4BgTD0lKc?authuser=0&hl=pt-BR&g_ep=EgoyMDI2MDkwOC4wIJJjKgBIAVAD&rclk=1,"https://www.google.com/maps?q=-3.2084751,-52.2150146",revisado_com_pendencias,Revisar,pendências da fonte,cadastur | google_maps | youtube | visitaltamira
atm_0265,Natural Farma Farmácia de Manipulação,empresa,Empresa farmacêutica,farmacias,"Natural Farma Farmácia de Manipulação é uma empresa farmacêutica e farmácia localizada em Altamira/PA. O endereço é Av. Tancredo Neves, 969-1085 - Esplanada do Xingu, e o contato é (93) 99125-6269. O site é https://naturalfarmaonline.com.br/. Coordenadas: -3.2096384, -52.2150131 (Fonte: google_maps, 2026-09-11).",Altamira,PA,"Av. Tancredo Neves, 969-1085",,Esplanada do Xingu,,"-3,2096384","-52,2150131",(93) 99125-6269,,,https://naturalfarmaonline.com.br/,,,,,,,https://www.google.com/maps/place/Natural+Farma+Farm%C3%A1cia+de+Manipula%C3%A7%C3%A3o/data=!4m7!3m6!1s0x9292386d75d6f8dd:0xe94d5f53111df65e!8m2!3d-3.2096384!4d-52.2150131!16s%2Fg%2F11ggbqnj5m!19sChIJ3fjWdW04kpIRXvYdEVNfTek?authuser=0&hl=pt-BR&g_ep=EgoyMDI2MDkwOC4wIJJjKgBIAVAD&rclk=1,"https://www.google.com/maps?q=-3.2096384,-52.2150131",revisado_com_pendencias,Revisar,pendências da fonte,cadastur | google_maps | youtube | visitaltamira
atm_0266,A Musical Locacoes E Servicos,empresa,Empresas e Serviços,Sociedade Empresária Limitada,"A MUSICAL LOCACOES E SERVICOS é uma empresa registrada no Cadastur em Altamira/PA, atuando como Prestador de Infraestrutura de Apoio para Eventos. Possui endereço em Dez de Agosto (Lot D Lourenzo) e contato telefônico (93)9144-2588. O cadastro está Regular até 2027-07-01.",Altamira,PA,Dez de Agosto (Lot D Lourenzo) Altamira Ibiza Cep: 68376774 Pa,,,,,,(93)9144-2588,,SAMUSICAL44@GMAIL.COM,,,,,,,Regular - Certificado: 01419868000193 (Operação) - Validade: 2027-07-01,https://cadastur.turismo.gov.br/,,revisado_com_pendencias,Revisar,sem coordenadas | pendências da fonte,cadastur | google_maps | youtube | visitaltamira | https://avaliacoesbrasil.com/agencia-de-aluguel-de-carros/ceara-mirim/real-turismo-e-locacoes/
atm_0267,Boteco Das Patroas,empresa,Empresas e Serviços,Sociedade Empresária Limitada,"BOTECO DAS PATROAS é um estabelecimento em Altamira/PA, registrado no Cadastur (fonte: cadastur, data: 2026-09-11). É classificado como Empresa e Serviços, com foco em Restaurante/Bar. Possui endereço completo, telefone, WhatsApp, e atende em Português e Inglês. O cadastro está Regular até 2027-01-17.",Altamira,PA,Madre Teresa de Calcutá 2919 Altamira Esplanada do Xingú Cep: 68372010 Pa,,,,,,(93)9190-1200,(93) 99139-2003,VARANDABOTECO@GMAIL.COM,,,,Atendimento: Português|Inglês,,,Regular - Certificado: 37482003000208 (Operação) - Validade: 2027-01-17,https://cadastur.turismo.gov.br/,,revisado_com_pendencias,Revisar,sem coordenadas | pendências da fonte,cadastur | google_maps | youtube | visitaltamira
atm_0268,Foccus Producoes & Servicos,empresa,Empresas e Serviços,Sociedade Empresária Limitada,"FOCCUS PRODUCOES & SERVICOS é um prestador turístico registrado no Cadastur (Fonte: cadastur, Data: 2026-09-11). Localizado em Altamira/PA, sua atividade principal é Empresas e Serviços. Possui endereço em Altamira Esplanada do Xingú e contatos telefônico e WhatsApp disponíveis. Situação cadastral regular até 2027-10-24.",Altamira,PA,Dois,,Até 394/395 Altamira Esplanada do Xingú Cep: 68372210 Pa,,,,(93)99127-2010,(93) 99127-2010,visconde22@hotmail.com,,,,,,,Regular - Certificado: 14790890000197 (Operação) - Validade: 2027-10-24,https://cadastur.turismo.gov.br/,,revisado_com_pendencias,Revisar,sem coordenadas | pendências da fonte,cadastur | google_maps | youtube | visitaltamira
atm_0269,Jv Conveniencia,empresa,Empresas e Serviços,Sociedade Empresária Limitada,"JV CONVENIENCIA é uma empresa em Altamira/PA, classificada como 'Empresas e Serviços' (Sociedade Empresária Limitada). O endereço é Sete de Setembro - de 2191/2192 ao fim Altamira Esplanada do Xingú. Contatos: (93)9129-3511 e VALDERIALMEIDA7@GMAIL.COM. Cadastro Cadastur ativo até 2027-03-15.",Altamira,PA,Sete de Setembro,,de 2191/2192 Ao Fim Altamira Esplanada do Xingú Cep: 68372855 Pa,,,,(93)9129-3511,,VALDERIALMEIDA7@GMAIL.COM,,,,,,,Regular - Certificado: 17382590000167 (Operação) - Validade: 2027-03-15,https://cadastur.turismo.gov.br/,,revisado,Revisar,sem coordenadas,cadastur | google_maps | youtube | visitaltamira
atm_0270,Kf do Brasil,empresa,Empresas e Serviços,Sociedade Empresária Limitada,"KF DO BRASIL é uma empresa em Altamira/PA, classificada como 'Empresas e Serviços' (Sociedade Empresária Limitada). O endereço é Comandante Adão Altamira Jardim Independente II. Contatos incluem telefone (93)9654-0385 e WhatsApp +5593992030612. Possui atendimento em Inglês e está cadastrada no Cadastur (Em Implantação). (Fonte: cadastur, 2026-09-11)",Altamira,PA,Comandante Adão  Altamira Jardim Independente Ii Cep: 68372500 Pa,,,,,,(93)9654-0385,(93) 99203-0612,ANAHELEEN@HOTMAIL.COM,,,,Atendimento: Inglês,,,Em Implantação - Certificado: 33079970000183 (Em implantação) - Validade: 2027-01-27,https://cadastur.turismo.gov.br/,,revisado,Revisar,sem coordenadas,cadastur | google_maps | youtube | visitaltamira
atm_0271,Mestre do Pastel,empresa,Empresas e Serviços,Sociedade Empresária Limitada,"MESTRE DO PASTEL é um estabelecimento em Altamira/PA, classificado como Empresa e Serviços (Sociedade Empresária Limitada). Possui registro ativo no Cadastur (válido até 2027-08-21). O endereço é Nova Altamira (Lot Cidade Nova) e os contatos são (93)99190-6166 / +5593991906166 e email MESTREDOPASTELATM@GMAIL.COM.",Altamira,PA,Nova Altamira (Lot Cidade Nova),,de 1660/1661 Ao Fim Altamira Bela Vista Cep: 68378329 Pa,,,,(93)99190-6166,(93) 99190-6166,MESTREDOPASTELATM@GMAIL.COM,,,,,,,Regular - Certificado: 03270002000199 (Operação) - Validade: 2027-08-21,https://cadastur.turismo.gov.br/,,revisado_com_pendencias,Revisar,sem coordenadas | pendências da fonte,cadastur | google_maps | youtube | visitaltamira
atm_0272,Planeta Bola,empresa,Empresas e Serviços,Empresário Individual,"PLANETA BOLA é um estabelecimento em Altamira/PA, registrado no Cadastur (Fonte: cadastur, Data: 2026-09-11). A atividade principal é Empresas e Serviços, com subcategoria Empresário Individual. O endereço é AVENIDA TANCREDO NEVES 5069. Contatos: Tel: (93)99131-4669, WhatsApp: +5593991314669, Email: OTONIEL_ATM@HOTMAIL.COM. Situação cadastral: Regular (Operação).",Altamira,PA,Avenida Tancredo Neves,5069,Altamira Premem Cep: 68372587 Pa,,,,(93)99131-4669,(93) 99131-4669,OTONIEL_ATM@HOTMAIL.COM,,,,,,,Regular - Certificado: 10672049000144 (Operação) - Validade: 2027-11-10,https://cadastur.turismo.gov.br/,,revisado,Revisar,sem coordenadas,cadastur | google_maps | youtube | visitaltamira
atm_0273,Restaurante Vista Xingu,empresa,Empresas e Serviços,Empresário Individual,"Restaurante Vista Xingu, em Altamira/PA, é um prestador turístico registrado no Cadastur (Regular). Oferece serviços como restaurante e atende em Inglês. Contato: (93)9195-5040, vistaxingu@gmail.com. Endereço: A RURAL,100, BRCAO BALNEARIO DO PEDRAL.",Altamira,PA,"A Rural,100, Brcao Balneario do Pedral  100 / Balneário do Pedral Altamira Área Rural de Altamira Cep: 68378899 Pa",,,,,,(93)9195-5040,,vistaxingu@gmail.com,,,,Atendimento: Inglês,,,Regular - Certificado: 53372979000195 (Operação) - Validade: 2027-08-28,https://cadastur.turismo.gov.br/,,revisado_com_pendencias,Revisar,sem coordenadas | pendências da fonte,cadastur | google_maps | youtube | visitaltamira
atm_0274,Sabores Caseiro,empresa,Empresas e Serviços,Empresário Individual,"Entidade turística 'SABORES CASEIRO' em Altamira/PA. É classificada como 'Empresas e Serviços' (Empresário Individual). O endereço é Dez de Novembro 1876, Centro. Contatos: Tel: (93)99181-1012, WhatsApp: +5593991811012, Email: CON991811012@GMAIL.COM. Está cadastrada no Cadastur como Regular (Operação) até 2027-08-28.",Altamira,PA,Dez de Novembro 1876 Altamira Centro Cep: 68371425 Pa,,Centro,,,,(93)99181-1012,(93) 99181-1012,CON991811012@GMAIL.COM,,,,,,,Regular - Certificado: 60719537000138 (Operação) - Validade: 2027-08-28,https://cadastur.turismo.gov.br/,,revisado_com_pendencias,Revisar,sem coordenadas | pendências da fonte,cadastur | google_maps | youtube | visitaltamira
atm_0275,Tontini Auto Center,empresa,Empresas e Serviços,Sociedade Empresária Limitada,"TONTINI AUTO CENTER é uma empresa de serviços em Altamira/PA, registrada no Cadastur. A atividade principal é classificada como 'Empresas e Serviços', com a subcategoria 'Sociedade Empresária Limitada'. Possui endereço em Anchieta e telefone (93)9189-6697. O cadastro está Regular até 2026-09-19.",Altamira,PA,Anchieta,,de 2001/2002 A 99997/99998 Altamira Sudam I Cep: 68371272 Pa,,,,(93)9189-6697,,CONTATOS.FISCAL@HOTMAIL.COM,,,,,,,Regular - Certificado: 38484784000143 (Operação) - Validade: 2026-09-19,https://cadastur.turismo.gov.br/,,revisado,Revisar,sem coordenadas,cadastur | google_maps | youtube | visitaltamira
atm_0276,Varanda Boteco,empresa,Empresas e Serviços,Sociedade Empresária Limitada,"VARANDA BOTECO é um prestador turístico em Altamira/PA, registrado no Cadastur (válido até 2027-01-17). A atividade principal é Empresas e Serviços, com foco em Casa de Espetáculos. O endereço é Madre Teresa de Calcutá 2977. Contatos: Tel: (93)99139-2003, WhatsApp: +5593991392003, Email: VARANDABOTECOATM@GMAIL.COM. Atendimento em Português.",Altamira,PA,Madre Teresa de Calcutá 2977 Altamira Esplanada do Xingú Cep: 68372010 Pa,,,,,,(93)99139-2003,(93) 99139-2003,VARANDABOTECOATM@GMAIL.COM,,,,Atendimento: Português,,,Regular - Certificado: 37482003000119 (Operação) - Validade: 2027-01-17,https://cadastur.turismo.gov.br/,,revisado_com_pendencias,Revisar,sem coordenadas | pendências da fonte,cadastur | google_maps | youtube | visitaltamira
atm_0277,Centro de Eventos,empresa,Entretenimento,Eventos,"Centro de Eventos em Altamira, PA. É um local para realização de eventos, com endereço aproximado na Rodoviária. A fonte principal é um vídeo do YouTube (youtube:196:1dcfa867f9). Outra fonte web menciona o Centro de Eventos Vilmar Soares em Bairro Sudam I, Av. Jader Barbalho, Altamira-PA (live_2a8f021ee5). Prioriza-se a informação mais direta do YouTube para consistência.",Altamira,PA,Próximo À Rodoviária de,,,,,,,,,,,,Realização de eventos.,,,,https://www.youtube.com/watch?v=9fyjmOPYT0k,,revisado,Revisar,sem coordenadas | sem contato,cadastur | google_maps | youtube | visitaltamira | https://mercadodocacau.com.br/prefeitura-de-altamira-lanca-o-3o-festival-do-chocolate-e-cacau-o-maior-da-america-latina/
atm_0278,Instituto Janjão,empresa,Escola de esportes,atrativos,"Instituto Janjão, escola de esportes e atrativo, localizado em Altamira/PA. Endereço: Av. Tancredo Neves, n° 4020 - Jardim Independente II. Contato: (93) 99112-0846. Coordenadas: -3.2298929, -52.2319835 (Fonte: google_maps, 2026-09-11).",Altamira,PA,Av. Tancredo Neves,4020,Jardim Independente Ii,,"-3,2298929","-52,2319835",(93) 99112-0846,,,,,,,,,,https://www.google.com/maps/place/Instituto+Janj%C3%A3o/data=!4m7!3m6!1s0x92924771d577940f:0x384fae7ee4cee7c6!8m2!3d-3.2298929!4d-52.2319835!16s%2Fg%2F11pxltq_vw!19sChIJD5R31XFHkpIRxufO5H6uTzg?authuser=0&hl=pt-BR&g_ep=EgoyMDI2MDkwOC4wIJJjKgBIAVAD&rclk=1,"https://www.google.com/maps?q=-3.2298929,-52.2319835",revisado,Apto para conferência final,,cadastur | google_maps | youtube | visitaltamira
atm_0279,Grupo Quality Max Altamira,empresa,Escritório da empresa,atrativos,"Entidade turística consolidada: Grupo Quality Max Altamira. É um escritório da empresa localizado em Altamira/PA, no bairro Jardim Independente I. O endereço é R. Raimundo Oliveira - Jardim Independente I, Altamira - PA, 68372-750. Contato: (93) 99952-7740 e site: https://grupoqualitymax.com.br/. Coordenadas: -3.2213774, -52.2253065 (Fonte: google_maps, 2026-09-11).",Altamira,PA,R. Raimundo Oliveira,,Jardim Independente I,,"-3,2213774","-52,2253065",(93) 99952-7740,,,https://grupoqualitymax.com.br/,,,,,,,https://www.google.com/maps/place/Grupo+Quality+Max+Altamira/data=!4m7!3m6!1s0x9292383defc025f9:0x106afc18f1859d0c!8m2!3d-3.2213774!4d-52.2253065!16s%2Fg%2F1thw7t8m!19sChIJ-SXA7z04kpIRDJ2F8Rj8ahA?authuser=0&hl=pt-BR&g_ep=EgoyMDI2MDkwOC4wIJJjKgBIAVAD&rclk=1,"https://www.google.com/maps?q=-3.2213774,-52.2253065",revisado,Apto para conferência final,,cadastur | google_maps | youtube | visitaltamira
atm_0280,Starnetxingu – Starlink Em Altamira,empresa,Escritório da empresa,passeios_agencias,"Entidade turística consolidada: STARNETXINGU – Starlink em Altamira. É um escritório da empresa, listado como passeio/agência. Localizado em Altamira/PA, com endereço em Sudam I. Contato: (93) 99137-1512. Coordenadas e dados extraídos do Google Maps (2026-09-11).",Altamira,PA,Sudam I,,Pa,,"-3,2063046","-52,2200446",(93) 99137-1512,,,,,,,,,,https://www.google.com/maps/place/STARNETXINGU+%E2%80%93+Starlink+em+Altamira/data=!4m7!3m6!1s0x92923900465e0911:0x5d3eeff5e251a5c3!8m2!3d-3.2063046!4d-52.2200446!16s%2Fg%2F11ww6vvwr3!19sChIJEQleRgA5kpIRw6VR4vXvPl0?authuser=0&hl=pt-BR&g_ep=EgoyMDI2MDkwOC4wIJJjKgBIAVAD&rclk=1,"https://www.google.com/maps?q=-3.2063046,-52.2200446",revisado_com_pendencias,Revisar,pendências da fonte,cadastur | google_maps | youtube | visitaltamira
atm_0281,Zahir Esfiharia,empresa,Esfiharia,alimentacao,"Zahir Esfiharia é uma esfiharia de alimentação localizada em Altamira, PA, no Centro. O endereço é R. Intendente Floriano, 2140, e pode ser encontrado em -3.2058931, -52.2169219. O site de referência é https://www.instagram.com/zahiresfihas (google_maps:145:83aba5d8ae, 2026-09-11).",Altamira,PA,R. Intendente Floria,2140,Centro,,"-3,2058931","-52,2169219",,,,https://www.instagram.com/zahiresfihas,,,,,,,https://www.google.com/maps/place/Zahir+Esfiharia/data=!4m7!3m6!1s0x92923900732cfd99:0x92e2aee943d32943!8m2!3d-3.2058931!4d-52.2169219!16s%2Fg%2F11xds4jshz!19sChIJmf0scwA5kpIRQynTQ-mu4pI?authuser=0&hl=pt-BR&g_ep=EgoyMDI2MDkwOC4wIJJjKgBIAVAD&rclk=1,"https://www.google.com/maps?q=-3.2058931,-52.2169219",revisado,Apto para conferência final,,cadastur | google_maps | youtube | visitaltamira
atm_0282,Espaço de Eventos da Prefeitura Municipal de Altamira,empresa,Espaços de Eventos,"Cultura, Eventos Municipais","Espaço de Eventos da Prefeitura Municipal de Altamira, localizado em Altamira, PA. É um espaço dedicado a eventos culturais e municipais, atendendo a comunidade local e turistas. O endereço fornecido é Altamidade, Pará. Contatos e horários não foram confirmados para esta unidade específica.",Altamira,PA,"Altamidade, Pará",,,,,,,,,,,,Eventos culturais e municipais,,,,https://www.youtube.com/watch?v=9fyjmOPYT0k,,revisado,Revisar,sem coordenadas | sem contato,cadastur | google_maps | youtube | visitaltamira | https://www.prefeituras.org/prefeitura-municipal-de-altamira-do-parana-pr/
atm_0283,Asa do Xingu,empresa,Esportes de Aventura,"Paramotor, Ecoturismo","A Asa do Xingu é uma entidade de esportes de aventura em Altamira, PA, focada em voos de paramotor e ecoturismo. O serviço atrai aventureiros e entusiastas de voo livre, com menção a voos sobre a Praia Grande. (Fonte: youtube:215:1dcfa867f9, 2026-09-11)",Altamira,PA,,,,"Altamira, Pará",,,,,,,,,Voo de paramotor,,,,https://www.youtube.com/watch?v=vW8krBbGsrc,,revisado,Revisar,sem coordenadas | sem contato,cadastur | google_maps | youtube | visitaltamira
atm_0284,Clínica Dra. Luene Batista (Estética E Harmonização),empresa,Esteticista,farmacias,"Entidade turística consolidada: Clínica Dra. Luene Batista (Estética e harmonização), classificada como Esteticista (com secundária em farmacias). Localizada em Altamira/PA, no bairro Sudam I. Endereço: Tv. Agrário Cavalcante, 997. Contato: (93) 99215-2845. Coordenadas: -3.205207, -52.216475 (Fonte: google_maps, 2026-09-11).",Altamira,PA,Tv. Agrário Cavalcante,997,Sudam I,,"-3,205207","-52,216475",(93) 99215-2845,,,,,,,,,,https://www.google.com/maps/place/Cl%C3%ADnica+Dra.+Luene+Batista+%28Est%C3%A9tica+e+harmoniza%C3%A7%C3%A3o%29/data=!4m7!3m6!1s0x92923907ac7c8125:0x4edd7557ed782cc3!8m2!3d-3.205207!4d-52.216475!16s%2Fg%2F11w33wqr71!19sChIJJYF8rAc5kpIRwyx47Vd13U4?authuser=0&hl=pt-BR&g_ep=EgoyMDI2MDkwOC4wIJJjKgBIAVAD&rclk=1,"https://www.google.com/maps?q=-3.205207,-52.216475",revisado_com_pendencias,Revisar,pendências da fonte,cadastur | google_maps | youtube | visitaltamira
atm_0285,Trapiche da Orla,ponto_turistico,Estrutura de Lazer,"Passeio, Contemplação","A entidade é o Trapiche da Orla em Altamira/PA. A categoria principal é Estrutura de Lazer (fonte: youtube). O endereço é Orla de Altamira, Pará. O serviço principal é observação do rio e passeio. Não necessita de reserva e atende turistas e moradores. As coordenadas foram priorizadas do Google Maps (fonte: google_maps:13:83aba5d8ae).",Altamira,PA,"Orla de Altamira, Pará",,,,"-3,2130431","-52,2107706",,,,,,,"Observação do rio, passeio",,Não,,https://www.google.com/maps/place/Trapiche/data=!4m7!3m6!1s0x9292381223a67d49:0x904db4cc7bb37dfa!8m2!3d-3.2130431!4d-52.2107706!16s%2Fg%2F11b6r_kb38!19sChIJSX2mIxI4kpIR-n2ze8y0TZA?authuser=0&hl=pt-BR&g_ep=EgoyMDI2MDkwOC4wIJJjKgBIAVAD&rclk=1,"https://www.google.com/maps?q=-3.2130431,-52.2107706",revisado_com_pendencias,Revisar,sem contato | pendências da fonte,cadastur | google_maps | youtube | visitaltamira
atm_0286,Estadio Municipal José Marino Bandeira de Matos (O Bandeirão),empresa,Estádio de futebol,atrativos,"Estádio Municipal José Marino Bandeira de Matos (O Bandeirão) é um estádio de futebol em Altamira/PA. O endereço é Av. Via Oeste - Jardim Independente I. Possui site e coordenadas geográficas verificadas pelo Google Maps. A descrição menciona que é um local para esportes, corridas e caminhadas.",Altamira,PA,Av. Via Oeste,,Jardim Independente I,,"-3,2175808","-52,2236295",,,,https://altamira.pa.gov.br/estadio-o-bandeirao-e-reinaugurado-com-estrutura-modernizada-e-com-pista-de-atletismo/,,,,,,,https://visitaltamira.com.br/pt/ponto/o-bandeirao-estadio-municipal-jose-marino-bandeira-de-matos,"https://www.google.com/maps?q=-3.2175808,-52.2236295",revisado,Apto para conferência final,,cadastur | google_maps | youtube | visitaltamira
atm_0287,Gvb Servicos,empresa,Eventos,Empresário Individual,"GVB Servicos é uma entidade de Eventos em Altamira/PA, registrada no Cadastur (Fonte: cadastur, Data: 2026-09-11). O endereço é Dez de Novembro 1070, e o contato é (93)9143-5790. A atividade é de Empresário Individual.",Altamira,PA,Dez de Novembro 1070 Altamira Recreio Cep: 68371157 Pa,,,,,,(93)9143-5790,,GEDEANAGROQUIMA@GMAIL.COM,,,,,,,Regular - Certificado: 50328016000104 (Operação) - Validade: 2027-08-22,https://cadastur.turismo.gov.br/,,revisado,Revisar,sem coordenadas,cadastur | google_maps | youtube | visitaltamira
atm_0288,Massarella,empresa,Eventos,Sociedade Empresária Limitada,"MASSARELLA é uma empresa de Eventos em Altamira/PA. O endereço mais específico é na AVENIDA NOVA ALTAMIRA, 1851 - BELA VISTA. Contatos incluem telefone (93)9173-4057 e e-mail ALTAMIRABOULEVARD@HOTMAIL.COM. O cadastro no Cadastur está Regular (Operação) até 2027-05-16.",Altamira,PA,Avenida Nova Altamira,1851,"- Bela Vista, Em",,,,(93)9173-4057,,ALTAMIRABOULEVARD@HOTMAIL.COM,,,,,,,Regular - Certificado: 52571261000165 (Operação) - Validade: 2027-05-16,https://cadastur.turismo.gov.br/,,revisado_com_pendencias,Revisar,sem coordenadas | pendências da fonte,cadastur | google_maps | youtube | visitaltamira | https://prospectei.app.br/empresas/empresa/52571261000165-massarella/
atm_0289,Wn Distribuidora,empresa,Eventos,Empresário Individual,"WN DISTRIBUIDORA é uma empresa de Eventos em Altamira/PA, registrada no Cadastur (Fonte: cadastur, Data: 2026-09-11). Possui endereço em Joaquim Avelino, telefone (93)99119-1098 e WhatsApp +5593991191098. O cadastro está Regular até 2027-01-14.",Altamira,PA,Joaquim Aveli,,Até 999/1000 Altamira Brasília Cep: 68377570 Pa,,,,(93)99119-1098,(93) 99119-1098,fspfiz.comercio@gmail.com,,,,,,,Regular - Certificado: 51198609000158 (Operação) - Validade: 2027-01-14,https://cadastur.turismo.gov.br/,,revisado_com_pendencias,Revisar,sem coordenadas | pendências da fonte,cadastur | google_maps | youtube | visitaltamira
atm_0290,Festival do Cacau / Festival do Chocolate,empresa,Eventos Gastronômicos,"Cacau, Chocolate, Regional, Cultura","Festival do Cacau em Altamira-PA. É um evento gastronômico focado em cacau e chocolate, com degustações e artesanato indígena. O local é o Bairro Sudam I, Av. Jader Barbalho. O evento é gratuito e, segundo uma fonte, ocorre de 13 a 16 de junho. O público-alvo são amantes de gastronomia e turistas.",Altamira,PA,"Bairro Sudam I, Avenida Jader Barbalho",,,,,,,,,,,,"Degustação de cacau e chocolate, demonstrações de produção.",,Não,,https://www.youtube.com/watch?v=fzN_sMnkwbA,,revisado_com_pendencias,Revisar,sem coordenadas | sem contato | pendências da fonte,cadastur | google_maps | youtube | visitaltamira | https://mercadodocacau.com.br/prefeitura-de-altamira-lanca-o-3o-festival-do-chocolate-e-cacau-o-maior-da-america-latina/
atm_0291,Oficina do Programa de Regionalização do Turismo No Pará,empresa,Eventos de Turismo,"Capacitação, Desenvolvimento Regional, Xingu, Planejamento Turístico","A Oficina do Programa de Regionalização do Turismo no Pará ocorreu em Altamira/PA, no Centro de Convenções e Cursos, conforme evidenciado em vídeo de 11/09/2026. O evento focou em capacitação profissional e desenvolvimento regional, sendo realizado em dias específicos (terça e quarta-feira, dia 22 de setembro). O público-alvo inclui secretários municipais de turismo e empreendedores da área.",Altamira,PA,Centro de Convenções E Cursos de Altamira,,,,,,,,,,,"Realizado durante terça e quarta-feira, dia 22 de setembro","Capacitação profissional, atualização de dados turísticos e discussão sobre o desenvolvimento regional",,,,https://www.youtube.com/watch?v=ctdcVxXsbTg,,revisado_com_pendencias,Revisar,sem coordenadas | sem contato | pendências da fonte,cadastur | google_maps | youtube | visitaltamira
atm_0292,Atacadão Bahia,empresa,Farmácia,farmacias,"Consolidado o registro da ATACADÃO BAHIA em Altamira/PA, utilizando a ocorrência mais direta (ID: google_maps:274:83aba5d8ae). A categoria principal é Farmácia, com endereço em Av. Bom Jesus, 2239 - Mutirão, Altamira - PA. Possui telefone e site verificados na fonte google_maps (2026-09-11).",Altamira,PA,Av. Bom Jesus,2239,Mutirão,,"-3,1857062","-52,2102619",,,,,,,,,,,https://www.google.com/maps/place/Drogaria+Atacad%C3%A3o+Bahia+Djalma+%7C+Farm%C3%A1cia+em+Altamira/data=!4m7!3m6!1s0x9292474911c7bee3:0xd85b8191b2bb33f4!8m2!3d-3.2082196!4d-52.2143647!16s%2Fg%2F11jl3kz6hw!19sChIJ477HEUlHkpIR9DO7spGBW9g?authuser=0&hl=pt-BR&g_ep=EgoyMDI2MDkwOC4wIJJjKgBIAVAD&rclk=1,"https://www.google.com/maps?q=-3.1857062,-52.2102619",revisado,Revisar,sem contato,cadastur | google_maps | youtube | visitaltamira
atm_0293,Biofarma Farmácia de Manipulação,empresa,Farmácia,farmacias,"Entidade turística consolidada: Biofarma Farmácia de Manipulação, classificada como Farmácia em Altamira/PA. O endereço completo é Av Djalma dutra, Tv. Pedro Gomes, 1668 - Centro. Contato: (93) 99169-2355. Coordenadas e dados obtidos via Google Maps (2026-09-11).",Altamira,PA,"Av Djalma Dutra, Tv. Pedro Gomes",1668,Centro,,"-3,2047079","-52,2115412",(93) 99169-2355,,,,,,,,,,https://www.google.com/maps/place/Biofarma+Farm%C3%A1cia+de+Manipula%C3%A7%C3%A3o/data=!4m7!3m6!1s0x929239342035644f:0x16b66097d7ec983d!8m2!3d-3.2047079!4d-52.2115412!16s%2Fg%2F11yv2pz393!19sChIJT2Q1IDQ5kpIRPZjs15dgthY?authuser=0&hl=pt-BR&g_ep=EgoyMDI2MDkwOC4wIJJjKgBIAVAD&rclk=1,"https://www.google.com/maps?q=-3.2047079,-52.2115412",revisado_com_pendencias,Revisar,pendências da fonte,cadastur | google_maps | youtube | visitaltamira
atm_0294,Cdc Farma,empresa,Farmácia,farmacias,"CDC Farma é uma farmácia localizada em Altamira, PA, no bairro Sudam I. O endereço é Tv. Pedro Gomes - Sudam I, e pode ser contatado pelo telefone (93) 99152-1682. O site é http://cdcfarma.com.br/. As coordenadas são -3.2062522, -52.2181613 (Fonte: google_maps, 2026-09-11).",Altamira,PA,Tv. Pedro Gomes,,Sudam I,,"-3,2062522","-52,2181613",(93) 99152-1682,,,http://cdcfarma.com.br/,,,,,,,https://www.google.com/maps/place/CDC+Farma/data=!4m7!3m6!1s0x9292386953521945:0xad07f4218cc15bce!8m2!3d-3.2062522!4d-52.2181613!16s%2Fg%2F11xdg587x0!19sChIJRRlSU2k4kpIRzlvBjCH0B60?authuser=0&hl=pt-BR&g_ep=EgoyMDI2MDkwOC4wIJJjKgBIAVAD&rclk=1,"https://www.google.com/maps?q=-3.2062522,-52.2181613",revisado,Apto para conferência final,,cadastur | google_maps | youtube | visitaltamira
atm_0295,Drogaria Atacadao Bahia,empresa,Farmácia,farmacias,"A Drogaria Atacadão Bahia em Altamira, PA, pode ser localizada em Tv. Pedro Gomes - Centro (CEP: 68371-432). O telefone principal é (93) 99205-8950, com um site disponível e horário de funcionamento de Sexta-feira 07:00 às 01:00 (fonte web verificada). Foi priorizado o registro mais completo encontrado.",Altamira,PA,Tv. Pedro Gomes,,Centro,,"-3,2092501","-52,2138064",(93) 99205-8950,,,http://www.atacadaobahia.com.br/,,Sexta-feira 07:00 às 01:00,,,,,https://www.google.com/maps/place/Drogaria+Atacad%C3%A3o+Bahia+Djalma+%7C+Farm%C3%A1cia+em+Altamira/data=!4m7!3m6!1s0x9292474911c7bee3:0xd85b8191b2bb33f4!8m2!3d-3.2082196!4d-52.2143647!16s%2Fg%2F11jl3kz6hw!19sChIJ477HEUlHkpIR9DO7spGBW9g?authuser=0&hl=pt-BR&g_ep=EgoyMDI2MDkwOC4wIJJjKgBIAVAD&rclk=1,"https://www.google.com/maps?q=-3.2092501,-52.2138064",revisado_com_pendencias,Revisar,pendências da fonte,cadastur | google_maps | youtube | visitaltamira | https://farmaciaqui.net/drogaria-atacadao-bahia-farmacia-em-altamira-altamira-pa-59878
atm_0296,Droga Certa,empresa,Farmácia,farmacias,"Consolidado o registro da Droga certa em Altamira/PA, utilizando os dados da fonte google_maps:250:83aba5d8ae. A farmácia está localizada na R. Anchieta, 2000A, e possui telefone (93) 99171-8318. As coordenadas e a categoria principal são consistentes com a fonte.",Altamira,PA,"R. Anchieta, 2000A -",,,,"-3,2059736","-52,2152682",(93) 99171-8318,,,,,,,,,,https://www.google.com/maps/place/Droga+certa/data=!4m7!3m6!1s0x929239f2a16dc0bb:0x9ae193409f41c5b4!8m2!3d-3.2059736!4d-52.2152682!16s%2Fg%2F11tp5h5wlc!19sChIJu8BtofI5kpIRtMVBn0CT4Zo?authuser=0&hl=pt-BR&g_ep=EgoyMDI2MDkwOC4wIJJjKgBIAVAD&rclk=1,"https://www.google.com/maps?q=-3.2059736,-52.2152682",revisado,Apto para conferência final,,cadastur | google_maps | youtube | visitaltamira
atm_0297,Drogaria Atacadão Bahia Tancredo,empresa,Farmácia,farmacias,"A entidade mais alinhada é a 'Drogaria Atacadão Bahia Tancredo' (ID: google_maps:267:83aba5d8ae). É classificada como Farmácia em Altamira/PA, localizada na Av. Tancredo Neves, 22 - Esplanada do Xingu. Possui telefone (93) 99135-9090 e site https://atacadaobahia.com.br/produtos. As informações são baseadas em registros do Google Maps de 2026-09-11.",Altamira,PA,Av. Tancredo Neves,22,Esplanada do Xingu,,"-3,2087951","-52,2148439",(93) 99135-9090,,,https://atacadaobahia.com.br/produtos,,,,,,,https://www.google.com/maps/place/Drogaria+Atacad%C3%A3o+Bahia+Djalma+%7C+Farm%C3%A1cia+em+Altamira/data=!4m7!3m6!1s0x9292474911c7bee3:0xd85b8191b2bb33f4!8m2!3d-3.2082196!4d-52.2143647!16s%2Fg%2F11jl3kz6hw!19sChIJ477HEUlHkpIR9DO7spGBW9g?authuser=0&hl=pt-BR&g_ep=EgoyMDI2MDkwOC4wIJJjKgBIAVAD&rclk=1,"https://www.google.com/maps?q=-3.2087951,-52.2148439",revisado,Apto para conferência final,,cadastur | google_maps | youtube | visitaltamira
atm_0298,Drogaria Extra Popular,empresa,Farmácia,farmacias,"Drogaria Extra Popular é uma farmácia localizada em Altamira/PA, na Av. Djalma Dutra, 2050 - Jardim Independente II. As coordenadas são -3.2225469, -52.2259456 (Fonte: google_maps, 2026-09-11). Foi priorizado o preenchimento completo com dados de uma única fonte verificada.",Altamira,PA,Av. Djalma Dutra,2050,Jardim Independente Ii,,"-3,2225469","-52,2259456",,,,,,,,,,,https://www.google.com/maps/place/Drogaria+Extra+Popular/data=!4m7!3m6!1s0x929247005dac7c45:0x43a3a1a52497db9!8m2!3d-3.2225469!4d-52.2259456!16s%2Fg%2F11vm95sy0w!19sChIJRXysXQBHkpIRuX1JUho6OgQ?authuser=0&hl=pt-BR&g_ep=EgoyMDI2MDkwOC4wIJJjKgBIAVAD&rclk=1,"https://www.google.com/maps?q=-3.2225469,-52.2259456",revisado,Revisar,sem contato,cadastur | google_maps | youtube | visitaltamira
atm_0299,Drogaria Inovar 2 - Filial,empresa,Farmácia,farmacias,"Drogaria Inovar 2 - Filial é uma farmácia localizada no Centro de Altamira - PA. O endereço é Av. Djalma Dutra, 2060. Contatos incluem telefone (93) 99205-0841 e um link direto para WhatsApp. Coordenadas e dados extraídos do Google Maps (2026-09-11).",Altamira,PA,Av. Djalma Dutra,2060,Centro,,"-3,2076304","-52,2138732",(93) 99205-0841,,,"https://api.whatsapp.com/send?phone=5593992050841&text=Oi,%20vim%20pelo%20mapa.",,,,,,,https://www.google.com/maps/place/Drogaria+Inovar+2+-+Filial/data=!4m7!3m6!1s0x9292478300f09cf7:0x15e297b8ae50dde8!8m2!3d-3.2076304!4d-52.2138732!16s%2Fg%2F11vx47yl9z!19sChIJ95zwAINHkpIR6N1QrriX4hU?authuser=0&hl=pt-BR&g_ep=EgoyMDI2MDkwOC4wIJJjKgBIAVAD&rclk=1,"https://www.google.com/maps?q=-3.2076304,-52.2138732",revisado_com_pendencias,Revisar,pendências da fonte,cadastur | google_maps | youtube | visitaltamira
atm_0300,Drogaria Storch,empresa,Farmácia,farmacias,"A Drogaria Storch em Altamira/PA foi consolidada usando os dados da ocorrência mais específica (google_maps:273:83aba5d8ae). A farmácia está localizada na Av. Djalma Dutra - Centro, e as coordenadas são -3.20791, -52.2140948 (Fonte: google_maps, 2026-09-11). Foi priorizado o registro com o nome exato da busca.",Altamira,PA,Av. Djalma Dutra,,Centro,,"-3,20791","-52,2140948",,,,,,,,,,,https://www.google.com/maps/place/Drogaria+e+Farm%C3%A1cia+Altamira/data=!4m7!3m6!1s0x9292386da13f59f1:0x8c21d3106b436790!8m2!3d-3.2086257!4d-52.2148986!16s%2Fg%2F1ydnqg5hn!19sChIJ8Vk_oW04kpIRkGdDaxDTIYw?authuser=0&hl=pt-BR&g_ep=EgoyMDI2MDkwOC4wIJJjKgBIAVAD&rclk=1,"https://www.google.com/maps?q=-3.20791,-52.2140948",revisado,Revisar,sem contato,cadastur | google_maps | youtube | visitaltamira
atm_0301,Drogaria São Geraldo,empresa,Farmácia,farmacias,"Drogaria São Geraldo é uma farmácia localizada em Altamira/PA. O endereço é Av. Bom Jesus, 2019-2 - Mutirão, e o contato é (93) 99101-4710. As coordenadas são -3.1859079, -52.2102517 (Fonte: google_maps:607:83aba5d8ae, 2026-09-11).",Altamira,PA,"Av. Bom Jesus, 2019-2",,Mutirão,,"-3,1859079","-52,2102517",(93) 99101-4710,,,,,,,,,,https://www.google.com/maps/place/Drogaria+S%C3%A3o+Geraldo/data=!4m7!3m6!1s0x9292397d9bcfc33f:0xdc62419c8e628c1e!8m2!3d-3.1859079!4d-52.2102517!16s%2Fg%2F11xt0z2h5l!19sChIJP8PPm305kpIRHoxijpxBYtw?authuser=0&hl=pt-BR&g_ep=EgoyMDI2MDkwOC4wIJJjKgBIAVAD&rclk=1,"https://www.google.com/maps?q=-3.1859079,-52.2102517",revisado_com_pendencias,Revisar,pendências da fonte,cadastur | google_maps | youtube | visitaltamira
atm_0302,Drogaria Tonhão,empresa,Farmácia,farmacias,"Drogaria Tonhão é uma farmácia localizada no Centro de Altamira, PA. O endereço é Tv. Pedro Gomes, 668, e pode ser contatada pelo telefone (93) 99107-9067. As coordenadas e o site (Instagram) foram obtidos via Google Maps (2026-09-11).",Altamira,PA,Tv. Pedro Gomes,668,Centro,,"-3,208288","-52,214884",(93) 99107-9067,,,https://www.instagram.com/drogariatonhao,,,,,,,https://www.google.com/maps/place/Drogaria+Tonh%C3%A3o/data=!4m7!3m6!1s0x92923986c70606e7:0x3cd7360d1d7087cd!8m2!3d-3.208288!4d-52.214884!16s%2Fg%2F11ld4frdfy!19sChIJ5wYGx4Y5kpIRzYdwHQ021zw?authuser=0&hl=pt-BR&g_ep=EgoyMDI2MDkwOC4wIJJjKgBIAVAD&rclk=1,"https://www.google.com/maps?q=-3.208288,-52.214884",revisado,Apto para conferência final,,cadastur | google_maps | youtube | visitaltamira
atm_0303,Drogaria E Farmácia Altamira,empresa,Farmácia,farmacias,"A entidade turística é a Drogaria e Farmácia Altamira, classificada como Farmácia. O endereço é Tv. Pedro Gomes, 617 - Centro, Altamira - PA, 68371-970. As coordenadas são -3.2086257, -52.2148986. O telefone e o horário de funcionamento não foram confirmados para esta unidade específica.",Altamira,PA,Tv. Pedro Gomes,617,Centro,,"-3,2086257","-52,2148986",,,,,,,,,,,https://www.google.com/maps/place/Drogaria+e+Farm%C3%A1cia+Altamira/data=!4m7!3m6!1s0x9292386da13f59f1:0x8c21d3106b436790!8m2!3d-3.2086257!4d-52.2148986!16s%2Fg%2F1ydnqg5hn!19sChIJ8Vk_oW04kpIRkGdDaxDTIYw?authuser=0&hl=pt-BR&g_ep=EgoyMDI2MDkwOC4wIJJjKgBIAVAD&rclk=1,"https://www.google.com/maps?q=-3.2086257,-52.2148986",revisado,Revisar,sem contato,cadastur | google_maps | youtube | visitaltamira | https://applocal.com.br/empresa/farmacia-lacerda/altamira/pa/11123752
atm_0304,Drogasil,empresa,Farmácia,farmacias,"Entidade turística consolidada: Drogasil, uma farmácia localizada em Altamira, PA. O endereço completo é Av. Tancredo Neves, 1203 - Esplanada do Xingu. Contato: (93) 99124-3713 e site: https://www.drogasil.com.br/. Coordenadas: -3.2107209, -52.2157035 (Fonte: google_maps, 2026-09-11). Necessita confirmação de se é um ponto turístico.",Altamira,PA,Av. Tancredo Neves,1203,Esplanada do Xingu,,"-3,2107209","-52,2157035",(93) 99124-3713,,,https://www.drogasil.com.br/,,,,,,,https://www.google.com/maps/place/Drogasil/data=!4m7!3m6!1s0x929247eb85528223:0xa6fee35a917962c0!8m2!3d-3.2107209!4d-52.2157035!16s%2Fg%2F11sw3mfqt7!19sChIJI4JShetHkpIRwGJ5kVrj_qY?authuser=0&hl=pt-BR&g_ep=EgoyMDI2MDkwOC4wIJJjKgBIAVAD&rclk=1,"https://www.google.com/maps?q=-3.2107209,-52.2157035",revisado_com_pendencias,Revisar,pendências da fonte,cadastur | google_maps | youtube | visitaltamira
atm_0305,Extrafarma,empresa,Farmácia,farmacias,"Entidade turística consolidada: Extrafarma, uma farmácia localizada em Altamira/PA, no bairro Marco. O endereço é Av. Djalma Dutra, S/N. Contatos e coordenadas fornecidos por Google Maps (2026-09-11). Site: https://www.extrafarma.com.br/?utm_source=gmb&utm_medium=website&utm_campaign=youmap.",Altamira,PA,Av. Djalma Dutra,S/N,Marco,,"-3,207245","-52,2136552",4004-7474,,,https://www.extrafarma.com.br/?utm_source=gmb&utm_medium=website&utm_campaign=youmap,,,,,,,https://www.google.com/maps/place/Extrafarma/data=!4m7!3m6!1s0x9292386cc129f593:0xb3364229668587f5!8m2!3d-3.207245!4d-52.2136552!16s%2Fg%2F11cmy6mxph!19sChIJk_UpwWw4kpIR9YeFZilCNrM?authuser=0&hl=pt-BR&g_ep=EgoyMDI2MDkwOC4wIJJjKgBIAVAD&rclk=1,"https://www.google.com/maps?q=-3.207245,-52.2136552",revisado,Apto para conferência final,,cadastur | google_maps | youtube | visitaltamira
atm_0306,Farma 10 - Altamira,empresa,Farmácia,farmacias,"A Farmácia 10 - Altamira está localizada em Altamira/PA, no bairro Recreio, com endereço na Tv. Dez de Novembro, 702. O contato principal é (93) 98811-3346, e o site/WhatsApp é https://wa.me/+5593988113346. As informações foram consolidadas da fonte google_maps:231:83aba5d8ae.",Altamira,PA,Tv. Dez de Novembro,702,Recreio,,"-3,205566","-52,213279",(93) 98811-3346,,,https://wa.me/+5593988113346,,,,,,,https://www.google.com/maps/place/Farma+10+-+Altamira/data=!4m7!3m6!1s0x929239be5e9bf361:0xb91405ba463a2916!8m2!3d-3.205566!4d-52.213279!16s%2Fg%2F11mrzbx3r_!19sChIJYfObXr45kpIRFik6RroFFLk?authuser=0&hl=pt-BR&g_ep=EgoyMDI2MDkwOC4wIJJjKgBIAVAD&rclk=1,"https://www.google.com/maps?q=-3.205566,-52.213279",revisado_com_pendencias,Revisar,pendências da fonte,cadastur | google_maps | youtube | visitaltamira
atm_0307,Farma 7 Ultra Popular - Farmácia - Altamira-Pa,empresa,Farmácia,farmacias,"Entidade turística consolidada: Farma 7 Ultra Popular - Farmácia - Altamira-PA. É uma farmácia localizada no Centro de Altamira-PA. O endereço completo é R. 7 de Setembro, 2130 A, e o contato telefônico é (93) 99102-3058. As coordenadas foram obtidas via Google Maps.",Altamira,PA,"R. 7 de Setembro, 2130 A",,Centro,,"-3,2088247","-52,2134832",(93) 99102-3058,,,,,,,,,,https://www.google.com/maps/place/Farma+7+Ultra+Popular+-+Farm%C3%A1cia+-+Altamira-PA/data=!4m7!3m6!1s0x9292398a6448108b:0xc15baa9a9661b44a!8m2!3d-3.2088247!4d-52.2134832!16s%2Fg%2F11t9cg65gh!19sChIJixBIZIo5kpIRSrRhlpqqW8E?authuser=0&hl=pt-BR&g_ep=EgoyMDI2MDkwOC4wIJJjKgBIAVAD&rclk=1,"https://www.google.com/maps?q=-3.2088247,-52.2134832",revisado_com_pendencias,Revisar,pendências da fonte,cadastur | google_maps | youtube | visitaltamira
atm_0308,Farmácia Acácia,empresa,Farmácia,farmacias,"Farmácia Acácia é uma farmácia localizada em Altamira/PA, no bairro Recreio. O endereço completo é Tv. Dez de Novembro, 401 - Recreio, Altamira - PA, 68371-425. O contato telefônico é (93) 2035-1534. As coordenadas são -3.2069983, -52.2116141 (Fonte: google_maps, 2026-09-11).",Altamira,PA,Tv. Dez de Novembro,401,Recreio,,"-3,2069983","-52,2116141",(93) 2035-1534,,,,,,,,,,https://www.google.com/maps/place/Farm%C3%A1cia+Ac%C3%A1cia/data=!4m7!3m6!1s0x929238134783aebf:0xa2feed0e0ceae5a8!8m2!3d-3.2069983!4d-52.2116141!16s%2Fg%2F11b6hq_998!19sChIJv66DRxM4kpIRqOXqDA7t_qI?authuser=0&hl=pt-BR&g_ep=EgoyMDI2MDkwOC4wIJJjKgBIAVAD&rclk=1,"https://www.google.com/maps?q=-3.2069983,-52.2116141",revisado_com_pendencias,Revisar,pendências da fonte,cadastur | google_maps | youtube | visitaltamira
atm_0309,Farmácia Imperial Farma,empresa,Farmácia,farmacias,"Entidade turística consolidada: Farmácia Imperial farma, uma farmácia em Altamira/PA. O endereço é Av. Circulação Perimetral, 1307 - Sudam II. Contato: (93) 99127-5014. Coordenadas e informações obtidas via Google Maps (2026-09-11).",Altamira,PA,Av. Circulação Perimetral,1307,Sudam Ii,,"-3,2097252","-52,2344594",(93) 99127-5014,,,"https://wa.me/5593991275014?text=%20Ol%C3%A1,%20encontrei%20a%20farm%C3%A1cia%20no%20google.",,,,,,,https://www.google.com/maps/place/Farm%C3%A1cia+Imperial+farma/data=!4m7!3m6!1s0x929238883c82deef:0x3aea14f84ecad939!8m2!3d-3.2097252!4d-52.2344594!16s%2Fg%2F11md78fqzg!19sChIJ796CPIg4kpIROdnKTvgU6jo?authuser=0&hl=pt-BR&g_ep=EgoyMDI2MDkwOC4wIJJjKgBIAVAD&rclk=1,"https://www.google.com/maps?q=-3.2097252,-52.2344594",revisado_com_pendencias,Revisar,pendências da fonte,cadastur | google_maps | youtube | visitaltamira
atm_0310,Farmácia Lacerda L - Farmácia - Altamira-Pa,empresa,Farmácia,farmacias,"Consolidado para a Farmácia Lacerda l - Farmácia - Altamira-PA. Endereço: Av. Djalma Dutra, 2082 - Centro, Altamira - PA, 68371-294. Contato: (93) 99188-9117. Categoria: Farmácia. Coordenadas: (-3.2077223, -52.2139678). Fonte: google_maps (2026-09-11). Foi priorizada a primeira ocorrência encontrada.",Altamira,PA,Av. Djalma Dutra,2082,Centro,,"-3,2077223","-52,2139678",(93) 99188-9117,,,,,,,,,,https://www.google.com/maps/place/Farm%C3%A1cia+Lacerda+l+-+Farm%C3%A1cia+-+Altamira-PA/data=!4m7!3m6!1s0x92923876c77f51a7:0x39c24d387b6106e2!8m2!3d-3.2077223!4d-52.2139678!16s%2Fg%2F11btmcj61r!19sChIJp1F_x3Y4kpIR4gZhezhNwjk?authuser=0&hl=pt-BR&g_ep=EgoyMDI2MDkwOC4wIJJjKgBIAVAD&rclk=1,"https://www.google.com/maps?q=-3.2077223,-52.2139678",revisado,Apto para conferência final,,cadastur | google_maps | youtube | visitaltamira
atm_0311,Farmácia Lacerda Ll - Farmácia - Altamira-Pa,empresa,Farmácia,farmacias,"Farmácia Lacerda ll - Farmácia - Altamira-PA, localizada na Tv. Pedro Gomes, 725 - Centro, Altamira - PA. É classificada como Farmácia, com telefone (93) 99165-7292. Coordenadas: -3.2079617, -52.2157873. (Fonte: google_maps, 2026-09-11)",Altamira,PA,Tv. Pedro Gomes,725,Centro,,"-3,2079617","-52,2157873",(93) 99165-7292,,,,,,,,,,https://www.google.com/maps/place/Farm%C3%A1cia+Lacerda+ll+-+Farm%C3%A1cia+-+Altamira-PA/data=!4m7!3m6!1s0x9292394f89042a99:0x7a1ffd0c6b89f6de!8m2!3d-3.2079617!4d-52.2157873!16s%2Fg%2F11ygfj1sr4!19sChIJmSoEiU85kpIR3vaJawz9H3o?authuser=0&hl=pt-BR&g_ep=EgoyMDI2MDkwOC4wIJJjKgBIAVAD&rclk=1,"https://www.google.com/maps?q=-3.2079617,-52.2157873",revisado_com_pendencias,Revisar,pendências da fonte,cadastur | google_maps | youtube | visitaltamira
atm_0312,Farmácia Moderna,empresa,Farmácia,farmacias,"Entidade turística consolidada: Farmácia Moderna, classificada como Farmácia. Localizada em Altamira/PA, no bairro Sudam I. O endereço completo é Tv. Pedro Gomes, 836 - Sudam I, Altamira - PA, 68371-105. Coordenadas e dados obtidos via Google Maps (2026-09-11).",Altamira,PA,Tv. Pedro Gomes,836,Sudam I,,"-3,2072671","-52,2163211",,,,,,,,,,,https://www.google.com/maps/place/Farm%C3%A1cia+Moderna/data=!4m7!3m6!1s0x9292386c4760f0e5:0x407e75ffdcce74bc!8m2!3d-3.2072671!4d-52.2163211!16s%2Fg%2F1tdcn0tq!19sChIJ5fBgR2w4kpIRvHTO3P91fkA?authuser=0&hl=pt-BR&g_ep=EgoyMDI2MDkwOC4wIJJjKgBIAVAD&rclk=1,"https://www.google.com/maps?q=-3.2072671,-52.2163211",revisado,Revisar,sem contato,cadastur | google_maps | youtube | visitaltamira
atm_0313,Farmácia Pague Menos,empresa,Farmácia,farmacias,"Consolidada a Farmácia Pague Menos em Altamira/PA, utilizando os dados da primeira ocorrência do Google Maps (232:83aba5d8ae). O endereço é R. 7 de Setembro, 2419 - Esplanada do Xingu. Telefone: 4002-8282. Site: https://www.paguemenos.com.br/?utm_source=google&utm_medium=website&utm_campaign=youmap.",Altamira,PA,R. 7 de Setembro,2419,Esplanada do Xingu,,"-3,2108748","-52,2146326",4002-8282,,,https://www.paguemenos.com.br/?utm_source=google&utm_medium=website&utm_campaign=youmap,,,,,,,https://www.google.com/maps/place/Farm%C3%A1cia+Pague+Menos/data=!4m7!3m6!1s0x9292386d41cfab79:0x6a93a677f05823d3!8m2!3d-3.2108748!4d-52.2146326!16s%2Fg%2F11byz8xmk9!19sChIJeavPQW04kpIR0yNY8Hemk2o?authuser=0&hl=pt-BR&g_ep=EgoyMDI2MDkwOC4wIJJjKgBIAVAD&rclk=1,"https://www.google.com/maps?q=-3.2108748,-52.2146326",revisado_com_pendencias,Revisar,pendências da fonte,cadastur | google_maps | youtube | visitaltamira
atm_0314,Farmácia Popular Preço Baixo,empresa,Farmácia,farmacias,"Farmácia Popular Preço Baixo em Altamira, PA. Endereço: Av. Djalma Dutra, 622-768 - Centro. Contato: (93) 99112-4732. A categoria principal é Farmácia. Coordenadas: Lat -3.2061649, Lon -52.212742 (Fonte: google_maps, 2026-09-11).",Altamira,PA,"Av. Djalma Dutra, 622-768",,Centro,,"-3,2061649","-52,212742",(93) 99112-4732,,,,,,,,,,https://www.google.com/maps/place/Farm%C3%A1cia+Popular+Pre%C3%A7o+Baixo/data=!4m7!3m6!1s0x92923931c125a151:0x1788ad8a8acf8991!8m2!3d-3.2061649!4d-52.212742!16s%2Fg%2F11ghs9h7bn!19sChIJUaElwTE5kpIRkYnPioqtiBc?authuser=0&hl=pt-BR&g_ep=EgoyMDI2MDkwOC4wIJJjKgBIAVAD&rclk=1,"https://www.google.com/maps?q=-3.2061649,-52.212742",revisado_com_pendencias,Revisar,pendências da fonte,cadastur | google_maps | youtube | visitaltamira | https://g1.globo.com/pi/piaui/noticia/2024/07/11/farmacia-popular-passa-a-oferecer-95percent-dos-medicamentos-gratuitamente-confira-a-lista-de-remedios-e-enderecos-de-farmacias-no-piaui.ghtml
atm_0315,Farmácia E Drogaria Confiança,empresa,Farmácia,farmacias,"A Farmácia e Drogaria Confiança, classificada como Farmácia, está localizada no Centro de Altamira-PA. O endereço completo é Tv. Pedro Gomes, 782, e o contato telefônico é (93) 3515-7870. As coordenadas são -3.20749, -52.2160133 (Fonte: google_maps:239:83aba5d8ae, 2026-09-11).",Altamira,PA,Tv. Pedro Gomes,782,Centro,,"-3,20749","-52,2160133",(93) 3515-7870,,,,,,,,,,https://www.google.com/maps/place/Farm%C3%A1cia+e+Drogaria+Confian%C3%A7a/data=!4m7!3m6!1s0x9292386c4f21407f:0xc2d8e0515b033000!8m2!3d-3.20749!4d-52.2160133!16s%2Fg%2F1vtqx53w!19sChIJf0AhT2w4kpIRADADW1Hg2MI?authuser=0&hl=pt-BR&g_ep=EgoyMDI2MDkwOC4wIJJjKgBIAVAD&rclk=1,"https://www.google.com/maps?q=-3.20749,-52.2160133",revisado_com_pendencias,Revisar,pendências da fonte,cadastur | google_maps | youtube | visitaltamira
atm_0316,Ideal Farma,empresa,Farmácia,farmacias,"Ideal Farma é uma farmácia localizada em Altamira, PA. O endereço é Av. João Coelho - Jardim Altamira, e o contato é (93) 99159-8474. As coordenadas são -3.196444, -52.2119185 (Fonte: google_maps, 2026-09-11).",Altamira,PA,Av. João Coelho,,Jardim Altamira,,"-3,196444","-52,2119185",(93) 99159-8474,,,,,,,,,,https://www.google.com/maps/place/Ideal+Farma/data=!4m7!3m6!1s0x92923914e9d4d0a1:0x839c44997efc14ec!8m2!3d-3.196444!4d-52.2119185!16s%2Fg%2F11grptxqbw!19sChIJodDU6RQ5kpIR7BT8fplEnIM?authuser=0&hl=pt-BR&g_ep=EgoyMDI2MDkwOC4wIJJjKgBIAVAD&rclk=1,"https://www.google.com/maps?q=-3.196444,-52.2119185",revisado,Apto para conferência final,,cadastur | google_maps | youtube | visitaltamira
atm_0317,Pharmapele Altamira,empresa,Farmácia,,"Pharmapele Altamira é uma farmácia localizada em Altamira, PA, com endereço na Tv. Agrário Cavalcante, 688 - Centro. O telefone principal é (93) 99233-1972. O horário de funcionamento é de segunda a sexta, das 8h15 às 18h15. O e-mail verificado é altamira@pharmapele.com.br.",Altamira,PA,Tv. Agrário Cavalcante,688,Centro,,"-3,2066404","-52,2141206",(93) 99233-1972,,altamira@pharmapele.com.br,,,Segunda a sexta de 8h15 às 18h15,,,,,https://www.google.com/maps/place/Pharmapele+Altamira/data=!4m7!3m6!1s0x92923937fffe4edd:0x2e744387a12ca227!8m2!3d-3.2066404!4d-52.2141206!16s%2Fg%2F11m6cfwwq2!19sChIJ3U7-_zc5kpIRJ6IsoYdDdC4?authuser=0&hl=pt-BR&g_ep=EgoyMDI2MDkwOC4wIJJjKgBIAVAD&rclk=1,"https://www.google.com/maps?q=-3.2066404,-52.2141206",revisado_com_pendencias,Revisar,pendências da fonte,cadastur | google_maps | youtube | visitaltamira | https://franquias.pharmapele.com.br/altamira-pa/ | https://cnpjcheck.com.br/empresa/ac-comercio-de-produtos-farmaceuticos-ltda-pharmapele-altamira-54082098000100
atm_0318,Sos Farma Atm,empresa,Farmácia,farmacias,"SOS FARMA ATM é uma farmácia localizada em Altamira/PA, no bairro Sudam I. O endereço é Tv. Pedro Gomes, 907 - Sudam I, Altamira - PA, 68371-105. O contato é (93) 99179-0622. As informações foram obtidas via Google Maps em 11/09/2026.",Altamira,PA,Tv. Pedro Gomes,907,Sudam I,,"-3,2071059","-52,2169305",(93) 99179-0622,,,,,,,,,,https://www.google.com/maps/place/SOS+FARMA+ATM/data=!4m7!3m6!1s0x929239a1b11e556d:0xab0212202ad66fb4!8m2!3d-3.2071059!4d-52.2169305!16s%2Fg%2F11fmqb75v0!19sChIJbVUesaE5kpIRtG_WKiASAqs?authuser=0&hl=pt-BR&g_ep=EgoyMDI2MDkwOC4wIJJjKgBIAVAD&rclk=1,"https://www.google.com/maps?q=-3.2071059,-52.2169305",revisado_com_pendencias,Revisar,pendências da fonte,cadastur | google_maps | youtube | visitaltamira
atm_0319,Sandi Farma,empresa,Farmácia,farmacias,"Entidade turística consolidada: Sandi Farma, uma farmácia localizada em Altamira/PA, no Centro. O endereço é Av. Djalma Dutra, 2050. Contato: (93) 99123-6015. Coordenadas e dados extraídos do Google Maps (2026-09-11).",Altamira,PA,Av. Djalma Dutra,2050,Centro,,"-3,2075688","-52,2138628",(93) 99123-6015,,,,,,,,,,https://www.google.com/maps/place/Sandi+Farma/data=!4m7!3m6!1s0x9292391ff2a1fa8d:0x94778ab7936134e8!8m2!3d-3.2075688!4d-52.2138628!16s%2Fg%2F11zfzfw296!19sChIJjfqh8h85kpIR6DRhk7eKd5Q?authuser=0&hl=pt-BR&g_ep=EgoyMDI2MDkwOC4wIJJjKgBIAVAD&rclk=1,"https://www.google.com/maps?q=-3.2075688,-52.2138628",revisado_com_pendencias,Revisar,pendências da fonte,cadastur | google_maps | youtube | visitaltamira
atm_0320,Udme Altamira,empresa,Farmácia,farmacias,"A entidade turística é a UDME ALTAMIRA, classificada como Farmácia. O endereço é Centro, Altamira - PA, com coordenadas aproximadas de -3.2083215, -52.2125867. As informações foram extraídas do Google Maps (2026-09-11 14:03:45). Foi priorizada a opção com o nome mais alinhado ao alvo de busca.",Altamira,PA,Centro,,,,"-3,2083215","-52,2125867",,,,,,,,,,,https://www.google.com/maps/place/Drogaria+e+Farm%C3%A1cia+Altamira/data=!4m7!3m6!1s0x9292386da13f59f1:0x8c21d3106b436790!8m2!3d-3.2086257!4d-52.2148986!16s%2Fg%2F1ydnqg5hn!19sChIJ8Vk_oW04kpIRkGdDaxDTIYw?authuser=0&hl=pt-BR&g_ep=EgoyMDI2MDkwOC4wIJJjKgBIAVAD&rclk=1,"https://www.google.com/maps?q=-3.2083215,-52.2125867",revisado_com_pendencias,Revisar,sem contato | pendências da fonte,cadastur | google_maps | youtube | visitaltamira
atm_0321,Viver Farmácia,empresa,Farmácia,farmacias,"Entidade turística consolidada: Viver Farmácia, uma farmácia localizada no Centro de Altamira, PA. O endereço é Av. Djalma Dutra - Centro, Altamira - PA, 68371-163. Contato: (93) 99130-3703. Coordenadas: -3.2084507, -52.2146192 (Fonte: google_maps, 2026-09-11).",Altamira,PA,Av. Djalma Dutra,,Centro,,"-3,2084507","-52,2146192",(93) 99130-3703,,,,,,,,,,https://www.google.com/maps/place/Viver+Farm%C3%A1cia/data=!4m7!3m6!1s0x92923978855357a9:0x71b8459d23900406!8m2!3d-3.2084507!4d-52.2146192!16s%2Fg%2F11yfnszjcv!19sChIJqVdThXg5kpIRBgSQI51FuHE?authuser=0&hl=pt-BR&g_ep=EgoyMDI2MDkwOC4wIJJjKgBIAVAD&rclk=1,"https://www.google.com/maps?q=-3.2084507,-52.2146192",revisado_com_pendencias,Revisar,pendências da fonte,cadastur | google_maps | youtube | visitaltamira
atm_0322,Chácara Cleiton E Familia,empresa,Fazenda,atrativos,"A entidade turística é a Chácara Cleiton e familia, classificada como Fazenda e atrativo. Localizada em Altamira, PA, o endereço registrado é Rua Assurini - Altamira, PA. As coordenadas são -3.2354851, -52.1350726 (Fonte: google_maps:474:83aba5d8ae, 2026-09-11). Foi priorizada a opção com nome mais completo e evidência mais recente/direta.",Altamira,PA,Rua Assurini -,,,,"-3,2354851","-52,1350726",,,,,,,,,,,https://www.google.com/maps/place/Ch%C3%A1cara/data=!4m7!3m6!1s0x929239006c4d5dc9:0x3cbd3eb3b0bfa80c!8m2!3d-3.1696292!4d-52.2232823!16s%2Fg%2F11z65h3qjc!19sChIJyV1NbAA5kpIRDKi_sLM-vTw?authuser=0&hl=pt-BR&g_ep=EgoyMDI2MDkwOC4wIJJjKgBIAVAD&rclk=1,"https://www.google.com/maps?q=-3.2354851,-52.1350726",revisado_com_pendencias,Revisar,sem contato | pendências da fonte,cadastur | google_maps | youtube | visitaltamira
atm_0323,Abelha Cacau Ltda.,empresa,Fábrica de Chocolate / Museu,"Museu Contextual, Altamira, Tour de Chocolate","Abelha Cacau LTDA. é um centro de experiência/museu contextual sobre o cacau em Altamira-PA. O endereço é R. Horácio Boanerges, 90 - Jardim Panorama. Oferece visita guiada, degustação de chocolates e chá de casca de cacau. Contato: (93) 99191-8171. Site: https://www.abelhacacau.com/.",Altamira,PA,R. Horácio Boanerges,90,Jardim Panorama,,"-3,196154","-52,22376",(93) 99191-8171,,,https://www.abelhacacau.com/,,,"Visita guiada, degustação de chocolates, loja de fábrica, museu histórico",,,,https://www.google.com/maps/place/Abelha+Cacau+LTDA./data=!4m10!3m9!1s0x929239442e2d7577:0x28e7bdf182340a70!5m2!4m1!1i2!8m2!3d-3.196154!4d-52.22376!16s%2Fg%2F11s8zcx1k9!19sChIJd3UtLkQ5kpIRcAo0gvG95yg?authuser=0&hl=pt-BR&g_ep=EgoyMDI2MDkwOC4wIJJjKgBIAVAD&rclk=1,"https://www.google.com/maps?q=-3.196154,-52.22376",revisado_com_pendencias,Revisar,pendências da fonte,cadastur | google_maps | youtube | visitaltamira
atm_0324,Agro Burguer,empresa,Gastronomia,,"Agro Burguer é uma hamburgueria artesanal em Altamira/PA, especializada em lanches com ingredientes frescos e blends exclusivos. Possui contato via WhatsApp (https://wa.me/5593991946728) e Instagram (https://www.instagram.com/agroburguer_altamira/). A fonte é o portal Visit Altamira (2026-09-11).",Altamira,PA,,,,,,,,(93) 99194-6728,,,https://www.instagram.com/agroburguer_altamira/,,,,,,https://visitaltamira.com.br/pt/empresa/agro-burguer,,revisado,Revisar,sem coordenadas | sem endereço,cadastur | google_maps | youtube | visitaltamira
atm_0325,Aquinos,empresa,Gastronomia,,"A entidade Aquinos, localizada em Altamira/PA, é uma lanchonete/pizzaria com foco em pizzas artesanais e lanches saborosos. O endereço é na Alameda Polivalente, 2473 - Premem. Contatos incluem telefone (93) 99127-7525 e WhatsApp via link. As coordenadas e informações de contato foram priorizadas da fonte Visita Altamira, complementando o endereço e telefone do Google Maps.",Altamira,PA,Alameda Polivalente,2473,- Premem,,"-3,210322","-52,216973",(93) 99127-7525,(93) 99127-7525,,,https://www.instagram.com/aquinos_atm/,,,,,,https://visitaltamira.com.br/pt/empresa/aquinos,"https://www.google.com/maps?q=-3.210322,-52.216973",revisado,Apto para conferência final,,cadastur | google_maps | youtube | visitaltamira
atm_0326,Ascurra Chocolate,empresa,Gastronomia,,"Ascurra Chocolate é uma marca de Gastronomia em Altamira, PA, especializada em chocolates artesanais com cacau amazônico. Possui loja no centro e é referência local. Contatos e coordenadas fornecidos pela fonte Visit Altamira (2026-09-11).",Altamira,PA,,,,,"-3,206654","-52,213127",,(93) 99240-1001,,,https://instagram.com/ascurrachocolate,,,,,,https://visitaltamira.com.br/pt/empresa/ascurra-chocolate,"https://www.google.com/maps?q=-3.206654,-52.213127",revisado,Revisar,sem endereço,cadastur | google_maps | youtube | visitaltamira | https://altamira.pa.gov.br/altamira-tera-o-lancamento-da-rota-turistica-cacau-ao-chocolate/
atm_0327,Beto Lanches,empresa,Gastronomia,,"Beto Lanches é uma lanchonete em Altamira/PA, localizada na Av. João Rodrigues, 1108 - Jardim Uirapuru. O contato principal é (93) 99189-0331, com WhatsApp e Instagram disponíveis. As coordenadas e o endereço foram priorizados da fonte Visita Altamira, complementando com dados de Google Maps.",Altamira,PA,Av. João Rodrigues,1108,Jardim Uirapuru,,"-3,206743","-52,220696",(93) 99189-0331,(93) 99189-0331,,,https://www.instagram.com/betolanches.atm/,,,,,,https://visitaltamira.com.br/pt/empresa/beto-lanches,"https://www.google.com/maps?q=-3.206743,-52.220696",revisado,Apto para conferência final,,cadastur | google_maps | youtube | visitaltamira
atm_0328,Boi Na Brasa Churrascaria,empresa,Gastronomia,alimentacao,"A Churrascaria Boi na Brasa (Boi na Brasa Churrascaria) é um local de gastronomia em Altamira/PA. O endereço é Av. Jader Barbalho, 3283 - Sudam II. Possui contato via WhatsApp e Instagram, e foi verificado com dados de localização e imagens pela fonte Visita Altamira.",Altamira,PA,Av. Jader Barbalho,3283,Sudam Ii,,"-3,20922","-52,227509",,(93) 99126-7005,,,https://instagram.com/churras.boinabrasaoficial,,,,,,https://visitaltamira.com.br/pt/empresa/boi-na-brasa-churrascaria,"https://www.google.com/maps?q=-3.20922,-52.227509",revisado_com_pendencias,Revisar,pendências da fonte,cadastur | google_maps | youtube | visitaltamira
atm_0329,Buffalo,empresa,Gastronomia,,"Buffalo é um local de Gastronomia em Altamira/PA, ideal para hambúrgueres e pratos executivos. Possui informações de contato e redes sociais verificadas pela Visita Altamira (2026-09-11). Coordenadas e endereço completos disponíveis.",Altamira,PA,,,,,"-3,202089","-52,25659",,(93) 9118-0299,,,https://www.instagram.com/buffalo.atm/,,,,,,https://visitaltamira.com.br/pt/empresa/buffalo,"https://www.google.com/maps?q=-3.202089,-52.25659",revisado,Revisar,sem endereço,cadastur | google_maps | youtube | visitaltamira
atm_0330,Burger King,empresa,Gastronomia,,"Burger King em Altamira, PA. É um local de Gastronomia, ideal para lanches rápidos como hambúrgueres. As informações vêm da fonte Visit Altamira, incluindo coordenadas e fotos. É recomendado para famílias e jovens.",Altamira,PA,,,,,"-3,202089","-52,25659",,,,,,,,,,,https://visitaltamira.com.br/pt/empresa/burger-king,"https://www.google.com/maps?q=-3.202089,-52.25659",revisado,Revisar,sem endereço | sem contato,cadastur | google_maps | youtube | visitaltamira
atm_0331,Cacau Show,empresa,Gastronomia,,"Entidade turística consolidada: Cacau Show, classificada como Gastronomia em Altamira/PA. Possui coordenadas, contato via WhatsApp e Instagram, além de URLs de imagens, com dados verificados pela fonte Visit Altamira (2026-09-11).",Altamira,PA,,,,,"-3,217304","-52,221573",,(93) 99168-2730,,,https://instagram.com/cacaushowatm,,,,,,https://visitaltamira.com.br/pt/empresa/cacau-show,"https://www.google.com/maps?q=-3.217304,-52.221573",revisado,Revisar,sem endereço,cadastur | google_maps | youtube | visitaltamira
atm_0332,Cacauway,empresa,Gastronomia,alimentacao,"Cacauway em Altamira (PA) é uma loja/cafeteria especializada em chocolates artesanais com cacau amazônico. O endereço é Centro, Tv. Pedro Gomes, 760. Contatos incluem telefone (93) 99194-9927 e Instagram: https://www.instagram.com/cacauway_alt/. A fonte principal é o Visita Altamira, complementada por dados do Google Maps.",Altamira,PA,"Centro, Tv. Pedro Gomes",760,Centro,,"-3,207659","-52,215797",(93) 99194-9927,,,https://www.cacauway.com.br/loja/,https://www.instagram.com/cacauway_alt/,,,,,,https://visitaltamira.com.br/pt/empresa/cacauway,"https://www.google.com/maps?q=-3.207659,-52.215797",revisado_com_pendencias,Revisar,pendências da fonte,cadastur | google_maps | youtube | visitaltamira | https://mercadodocacau.com.br/a-rota-turistica-do-cacau-ao-chocolate-sera-lancada-nesta-quinta-feira-em-altamira-no-para/
atm_0333,Café & Companhia,empresa,Gastronomia,,"Café & Companhia é um espaço de Gastronomia em Altamira, PA. Oferece um ambiente acolhedor para cafés e doces artesanais. Contatos e localização verificados pela Visita Altamira (2026-09-11). Inclui WhatsApp e Instagram.",Altamira,PA,,,,,"-3,217467","-52,219147",,(93) 99171-7070,,,https://instagram.com/cafeecompanhiaaltamira,,,,,,https://visitaltamira.com.br/pt/empresa/cafe-companhia,"https://www.google.com/maps?q=-3.217467,-52.219147",revisado,Revisar,sem endereço,cadastur | google_maps | youtube | visitaltamira
atm_0334,Califórnia Pizzaria E Restaurante,empresa,Gastronomia,,"A entidade é a Califórnia Pizzaria e Restaurante, localizada em Altamira/PA. Utiliza dados de fontes distintas (cadastur e visitaltamira). Priorizou o nome e as coordenadas de visitaltamira, mas manteve o endereço, bairro, telefone e email do cadastro do Cadastur. Possui WhatsApp e Instagram verificados pela fonte visitaltamira.",Altamira,PA,João Pessoa S,,Box 02 Altamira Centro Cep: 68371040 Pa,,,,(93)8804-9564,,PAIOLBEER2@HOTMAIL.COM,,,,,,,Regular - Certificado: 48143430000199 (Operação) - Validade: 2026-07-25,https://visitaltamira.com.br/pt/empresa/california-pizzaria-e-restaurante,,revisado_com_pendencias,Revisar,sem coordenadas | pendências da fonte,cadastur | google_maps | youtube | visitaltamira
atm_0335,Memórias do Xingu,empresa,Gastronomia,,,Altamira,PA,Av. João Pessoa,1360,Centro,Andar 2,"-3,2061775","-52,2065217",+5593991501163,,,https://www.memoriasdoxingu.com.br/,,,pratos regionais,,,,https://visitaltamira.com.br/pt/empresa/memorias-do-xingu,"https://www.google.com/maps?q=-3.2061775,-52.2065217",revisado_com_pendencias,Revisar,pendências da fonte,cadastur | google_maps | youtube | visitaltamira | https://www.visitaltamira.com.br/pt/empresa/memorias-do-xingu | https://restaurantguru.com.br/Memorias-do-Xingu-Altamira | https://www.econodata.com.br/consulta-empresa/46441137000182-memorias-do-xingu-ltda | https://www.visitaltamira.com.br/pt/empresa/memorias-do-xingu
atm_0336,Ver O Rio Restaurante,empresa,Gastronomia,,"O Ver o Rio Restaurante (visitaltamira:63:320ea3a512) é um local em Altamira/PA, focado em Gastronomia, oferecendo culinária regional com peixes amazônicos. Possui informações de contato e um site (google_maps:85:83aba5d8ae|site). O buffet custa aprox. R$ 9,90 e atende famílias e turistas. Coordenadas e telefone priorizados de fontes específicas.",Altamira,PA,Av. João Pessoa,2678,Cep:,Altamira - Pa,"-3,216147","-52,213936",(93) 99231-5770,,,http://www.veroriorestaurante.com.br/,,,"Almoço, buffet, consumo de peixes regionais",,,,https://visitaltamira.com.br/pt/empresa/ver-o-rio-restaurante,"https://www.google.com/maps?q=-3.216147,-52.213936",revisado_com_pendencias,Revisar,pendências da fonte,cadastur | google_maps | youtube | visitaltamira
atm_0337,Bares da Orla,ponto_turistico,Gastronomia Regional,"YouTube, Rio Xingu","Bares da Orla, em Altamira/PA, é um local de Gastronomia Regional localizado na Orla de Altamira. É um ponto de vida noturna, ideal para jovens e adultos, com consumo de bebidas e petiscos, e costuma ficar super lotado à noite. (Fonte: youtube:258:1dcfa867f9, 2026-09-11)",Altamira,PA,Orla de Altamira,,,,,,,,,,,Noite,"Consumo de bebidas e petiscos, vida noturna",,,,https://www.youtube.com/watch?v=1jbwa6EXDT8,,revisado,Revisar,sem coordenadas | sem contato,cadastur | google_maps | youtube | visitaltamira
atm_0338,Botequinho do Daco (Seu Daco),empresa,Gastronomia Regional,"Petiscos, Churrasquinho, Armazém","Botequinho do Daco (Seu Daco) é um local de Gastronomia Regional em Altamira/PA, conhecido por servir churrasquinho, petiscos e bebidas. Atende amigos, famílias e moradores locais. (Fonte: youtube:180:1dcfa867f9)",Altamira,PA,,,,Altamira,,,,,,,,,"Churrasquinho, consumo de bebidas, petiscos",,,,https://www.youtube.com/watch?v=zKFg1IkNjZw,,revisado,Revisar,sem coordenadas | sem contato,cadastur | google_maps | youtube | visitaltamira | https://alegredespertar.cl/empresas/daco-aridos-ltda-santa-cruz
atm_0339,Caca E Ascurra (Chocolates Regionais),empresa,Gastronomia Regional,"Chocolate, Cacau, Produtos Regionais","Caca e Ascurra (Chocolates Regionais) é uma atração de Gastronomia Regional em Altamira/PA, focada na produção e comercialização de chocolates artesanais. É ideal para turistas e apreciadores de chocolate, destacando a qualidade do cacau local. Endereço aproximado: Região de Altamira, Pará.",Altamira,PA,"Região de Altamira, Pará",,,,,,,,,,,,Produção e comercialização de chocolates artesanais.,,,,https://www.youtube.com/watch?v=9UJZSK4BQ-E,,revisado,Revisar,sem coordenadas | sem contato,cadastur | google_maps | youtube | visitaltamira
atm_0340,Café E Pastel da Rodoviária (Buriticuba/Região),empresa,Gastronomia Regional,"Café, Lanche Rápido","Café e Pastel da Rodoviária (Buriticuba/Região) é um local de Gastronomia Regional em Altamira/PA, situado na Rodoviária de Buriticuba/Região. Oferece café da manhã/lanche para viajantes em trânsito, com preços de Café R$ 2,00 e Pastel R$ 4,00. (Fonte: youtube:233:1dcfa867f9, 2026-09-11)",Altamira,PA,Rodoviária de Buriticuba/Região,,,,,,,,,,,,Café da manhã/lanche.,,,,https://www.youtube.com/watch?v=nfAE6wNhRww,,revisado,Revisar,sem coordenadas | sem contato,cadastur | google_maps | youtube | visitaltamira
atm_0341,Fish Burger (Projeto Mulheres 1 - Ifpa),empresa,Gastronomia Regional,"Hambúrguer de Peixe, Projeto Social, Culinária Amazônica","Fish Burger (Projeto Mulheres 1 - IFPA) é um local de gastronomia regional em Altamira, PA, focado em hambúrguer de peixe. O projeto social é realizado pelas mulheres do IFPA e atende turistas e moradores locais. O endereço é Altamira, PA. (Fonte: youtube:157:1dcfa867f9, 2026-09-11)",Altamira,PA,,,,,,,,,,,,,,,,,https://www.youtube.com/watch?v=xXCsODfw2Z8,,revisado,Revisar,sem coordenadas | sem contato,cadastur | google_maps | youtube | visitaltamira
atm_0342,Fábrica de Açaí de Maracajá,empresa,Gastronomia Regional,"Produtos Locais, Maracajá","Fábrica de Açaí de Maracajá, localizada em Altamira/PA, é uma atração de Gastronomia Regional focada na produção de açaí. O local atende moradores e viajantes, conforme evidenciado em conteúdo do YouTube (youtube:172:1dcfa867f9, 2026-09-11). O endereço registrado é Maracajá, PA.",Altamira,PA,"Maracajá, Pa",,,,,,,,,,,,Produção de açaí,,,,https://www.youtube.com/watch?v=rtJ-6aIQD-I,,revisado,Revisar,sem coordenadas | sem contato,cadastur | google_maps | youtube | visitaltamira
atm_0343,Lanche da Dona Maria,empresa,Gastronomia Regional,"Sanduíche, Pastel, Lanches","Lanche da Dona Maria é um local de Gastronomia Regional em Altamira/PA, localizado no Cais de Altamira. Oferece alimentação (sanduíche, pastel, lanches) para pessoas em passeio e famílias. Não necessita de reserva. (Fonte: youtube:246:1dcfa867f9, 2026-09-11)",Altamira,PA,Cais de Altamira,,,,,,,,,,,,Alimentação,,Não,,https://www.youtube.com/watch?v=nUpfU-TuNsM,,revisado,Revisar,sem coordenadas | sem contato,cadastur | google_maps | youtube | visitaltamira
atm_0344,Lanchonetes da Praia de Massanori,ponto_turistico,Gastronomia Regional,"Peixe Frito, Lanches","Lanchonetes da Praia de Massanori, em Altamira/PA, é um local de gastronomia regional com opções de peixe frito e lanches. Atende turistas e famílias, sendo possível encontrar o local na Praia de Massanori. Não é necessário fazer reserva.",Altamira,PA,"Praia de Massanori, Altamira",,,,,,,,,,,,Alimentação regional.,,Não,,https://www.youtube.com/watch?v=ZhlIdbG-1j4,,revisado,Revisar,sem coordenadas | sem contato,cadastur | google_maps | youtube | visitaltamira
atm_0345,Mercado Municipal de Altamira,empresa,Gastronomia Regional,"Comidas típicas, Cultura local","Mercado Municipal de Altamira, em Altamira/PA, é um local ideal para mergulhar na cultura local, com foco em gastronomia regional, frutas e artesanato. É recomendado para turistas e amantes de culinária. O endereço mais específico encontrado é Centro, Altamira - PA (fonte: youtube:92:1dcfa867f9). Não há informações de contato ou reserva necessárias.",Altamira,PA,Centro,,,,,,,,,,,,Degustação de comidas típicas,,Não,,https://www.youtube.com/watch?v=8uF_f4Ztp5A,,revisado,Revisar,sem coordenadas | sem contato,cadastur | google_maps | youtube | visitaltamira
atm_0346,Orla de Altamira (Gastronomia E Lazer Noturno),ponto_turistico,Gastronomia Regional,"Açaí, Tacacá, Eventos, Lazer Noturno","A Orla de Altamira (Gastronomia e Lazer Noturno) em Altamira/PA é um ponto de encontro com foco em gastronomia e lazer noturno. Oferece consumo de açaí, tacacá, hambúrguer e pratos regionais, além de shows e área infantil. O movimento intenso ocorre após as 19h. É ideal para famílias e moradores locais, e não necessita de reserva.",Altamira,PA,"Avenida João Pessoa, Orla de Altamira",,,,,,,,,,,O movimento intenso ocorre após as 19:00 (7 da noite).,"Consumo de açaí, tacacá, hambúrguer, pizza e pratos regionais; shows; área com brinquedos (pula-pula) para crianças; caminhada e exercícios.",,,,https://www.youtube.com/watch?v=RkgTeXobqGU,,revisado_com_pendencias,Revisar,sem coordenadas | sem contato | pendências da fonte,cadastur | google_maps | youtube | visitaltamira
atm_0347,Ponto de Pão de Queijo (Altamira),empresa,Gastronomia Regional,"Lanche, Parada de Estrada","Ponto de Pão de Queijo (Altamira) é um local de Gastronomia Regional em Altamira/PA, ideal para lanche e parada de estrada. Oferece alimentação e é recomendado para viajantes e motoristas. Não necessita de reserva. (Fonte: youtube:41:1dcfa867f9, 2026-09-11)",Altamira,PA,,,,,,,,,,,,,Alimentação,,Não,,https://www.youtube.com/watch?v=jrRdJw3TgLU,,revisado_com_pendencias,Revisar,sem coordenadas | sem contato | pendências da fonte,cadastur | google_maps | youtube | visitaltamira
atm_0348,Produção de Guaraná de Altamira,empresa,Gastronomia Regional,"Produtos Locais, Sabores da Amazônia","Produção de Guaraná de Altamira, em Altamira/PA, é uma atração de Gastronomia Regional focada em produtos locais e sabores amazônicos. Oferece degustação de produtos regionais e atrai amantes de gastronomia regional. Não necessita de reserva. (Fonte: youtube:276:1dcfa867f9, 2026-09-11)",Altamira,PA,,,,"Altamira, Pará",,,,,,,,,Degustação de produtos regionais.,,Não,,https://www.youtube.com/watch?v=JNv8WY0ojmY,,revisado,Revisar,sem coordenadas | sem contato,cadastur | google_maps | youtube | visitaltamira
atm_0349,Quiosque Pirarara,empresa,Gastronomia Regional,"Lanches, Apoio ao Turista, Comércio Local","Quiosque Pirarara, localizado na Praia de Massanori, Altamira - PA, é um ponto de gastronomia regional com lanches e apoio ao turista. É frequentado por turistas e viajantes, sendo um local com preço acessível e que não necessita de reserva. Oferece venda de produtos e suporte básico (água/energia). (Fonte: youtube:226:1dcfa867f9, 2026-09-11)",Altamira,PA,"Praia de Massanori, Altamira",,Pa.,,,,,,,,,,"Venda de produtos, suporte com água e energia para viajantes.",,Não,,https://www.youtube.com/watch?v=0dRxV-TCyPI,,revisado_com_pendencias,Revisar,sem coordenadas | sem contato | pendências da fonte,cadastur | google_maps | youtube | visitaltamira
atm_0350,Quiosque da Praia do Massanori,ponto_turistico,Gastronomia Regional,"Tira gosto, Petiscos","Quiosque da Praia do Massanori, localizado em Altamira/PA, é um ponto de Gastronomia Regional. Oferece consumo de tira gosto e refeições, situado na Praia do Massanori. (Fonte: youtube:280:1dcfa867f9, 2026-09-11)",Altamira,PA,Praia do Massanori,,,,,,,,,,,,Consumo de tira gosto e refeições,,,,https://www.youtube.com/watch?v=VMUw_0mT_84,,revisado,Revisar,sem coordenadas | sem contato,cadastur | google_maps | youtube | visitaltamira
atm_0351,Quiosque de Churros,empresa,Gastronomia Regional,"Doces, Lanches","Quiosque de Churros em Altamira/PA, localizado no Cais de Altamira. É classificado como Gastronomia Regional, oferecendo Doces, Lanches e atraindo pessoas em passeio. Não necessita de reserva. (Fonte: youtube:247:1dcfa867f9)",Altamira,PA,Cais de Altamira,,,,,,,,,,,,Alimentação,,Não,,https://www.youtube.com/watch?v=nUpfU-TuNsM,,revisado,Revisar,sem coordenadas | sem contato,cadastur | google_maps | youtube | visitaltamira
atm_0352,Quiosques da Orla,ponto_turistico,Gastronomia Regional,"Açaí, Comidas Típicas, Bebidas, Lazer Noturno","Quiosques da Orla, em Altamira/PA, é um ponto de gastronomia regional na Orla de Altamira. Oferece alimentação, lanches, bebidas e comidas típicas, sendo um local movimentado à noite, ideal para famílias e turistas. Não é necessário reserva.",Altamira,PA,"Orla de Altamira, Pará",,,,,,,,,,,Muito movimentado durante a noite.,"Alimentação, lanches, bebidas",,Não,,https://www.youtube.com/watch?v=RkgTeXobqGU,,revisado,Revisar,sem coordenadas | sem contato,cadastur | google_maps | youtube | visitaltamira | https://altamira.pa.gov.br/nova-orla-de-altamira-sera-entregue-nesta-sexta-feira-19-de-dezembro/
atm_0353,Restaurante Almirante Terra Cacau,empresa,Gastronomia Regional,"Cacau, Comida Regional","Restaurante Almirante Terra Cacau, em Altamira/PA, é um local de Gastronomia Regional que oferece almoço e refeições típicas. É recomendado para turistas e moradores, com foco em Cacau e Comida Regional. (Fonte: youtube:119:1dcfa867f9, 2026-09-11)",Altamira,PA,,,,"Altamira, Pará",,,,,,,,,Almoço e refeições típicas,,,,https://www.youtube.com/watch?v=9fyjmOPYT0k,,revisado,Revisar,sem coordenadas | sem contato,cadastur | google_maps | youtube | visitaltamira
atm_0354,Venda de Produtos de Castanha,empresa,Gastronomia Regional,"Castanha do Pará, Produtos da Floresta","A entidade ""Venda de Produtos de Castanha"" em Altamira/PA, localizada no Cais de Altamira, oferece a compra de produtos típicos, como castanha do Pará. É voltada para turistas e moradores, não necessita de reserva e sua categoria principal é Gastronomia Regional. A fonte primária é um vídeo do YouTube (2026-09-11).",Altamira,PA,Cais de Altamira,,,,,,,,,,,,Compra de produtos típicos,,Não,,https://www.youtube.com/watch?v=nUpfU-TuNsM,,revisado,Revisar,sem coordenadas | sem contato,cadastur | google_maps | youtube | visitaltamira | https://avaliacoesbrasil.com/loja-de-produtos-naturais/joao-pessoa/box-da-castanha/?view_reviews=yy | https://avaliacoesbrasil.com/loja-de-produtos-naturais/joao-pessoa/box-da-castanha/
atm_0355,Hotel E Churrascaria Casa Nova,empresa,Gastronomia Regional e Hospedagem,"Churrascaria, Hotel, Roteiros Turísticos","A Churrascaria Casa Nova é um estabelecimento em Altamira/PA, com foco em gastronomia e hospedagem. O endereço principal é R. Anchieta, 2296 - Centro. Oferece serviços como churrascaria, hotel e roteiros turísticos. O contato principal é (93) 98811-3115, e o site é https://hotelcasanovaaltamira.com.br/. As fontes indicam serviços de almoço e delivery em horários específicos.",Altamira,PA,R. Anchieta,2296,Centro,,"-3,208164","-52,21691",(93) 98811-3115,,,https://hotelcasanovaaltamira.com.br/,,,"Hospedagem, refeições (churrascaria) e organização de roteiros turísticos.",,,,https://www.google.com/maps/place/Hotel+e+Churrascaria+Casa+Nova/data=!4m10!3m9!1s0x9292386c3400901b:0x3fab5c192130e109!5m2!4m1!1i2!8m2!3d-3.208164!4d-52.21691!16s%2Fg%2F11h0_f276!19sChIJG5AANGw4kpIRCeEwIRlcqz8?authuser=0&hl=pt-BR&g_ep=EgoyMDI2MDkwOC4wIJJjKgBIAVAD&rclk=1,"https://www.google.com/maps?q=-3.208164,-52.21691",revisado_com_pendencias,Revisar,pendências da fonte,cadastur | google_maps | youtube | visitaltamira | https://aiqfome.com/PA/altamira/churrascaria-casa-nova | https://hotelcasanovaaltamira.com.br/churrascaria-casa-nova
atm_0356,Burger King (Shopping),empresa,Gastronomia Rápida,"Shopping, Alimentação","Burger King (Shopping) é um local de Gastronomia Rápida em Altamira/PA, localizado em um shopping. Oferece consumo de lanches (hambúrguer, batata, refrigerante) e é voltado para famílias e jovens. (Fonte: youtube:189:1dcfa867f9, 2026-09-11)",Altamira,PA,Shopping Em Altamira,,,,,,,,,,,,"Consumo de lanches (hambúrguer, batata, refrigerante)",,,,https://www.youtube.com/watch?v=86azu69qLEk,,revisado,Revisar,sem coordenadas | sem contato,cadastur | google_maps | youtube | visitaltamira
atm_0357,Miranda (Guia de Pesca),empresa,Guia de Turismo,"Piloteiro, Pesca Esportiva, Experiência Local","Miranda (Guia de Pesca) é um guia de turismo em Altamira/PA, especializado em pesca esportiva e experiências locais. Oferece condução de barcos e instrução de pesca para turistas e pescadores de todos os níveis. Recomenda-se reserva prévia. (Fonte: youtube:158:1dcfa867f9)",Altamira,PA,Rio Xingu,,,,,,,,,,,,"Condução de barcos para pesca, localização de pontos estratégicos (corredeiras e pedrais) e instrução de pesca.",,Sim,,https://www.youtube.com/watch?v=xXCsODfw2Z8,,revisado,Revisar,sem coordenadas | sem contato,cadastur | google_maps | youtube | visitaltamira
atm_0358,Paloma da Conceicao Faro Rosa,empresa,Guias,"Excursão Nacional - Brasil / América do Sul|Guia Regional, Ecoturismo|Turismo de Aventura|Turismo de Sol e Praia","PALOMA DA CONCEICAO FARO ROSA é um guia de turismo em Altamira/PA, registrado no Cadastur (Regular). Oferece serviços de guia regional, ecoturismo e turismo de aventura. Contato: (91) 98549-2595 ou +5591985492595. Necessita reserva e atende em Belém, Vigia e Altamira.",Altamira,PA,,,,,,,(91)98549-2595,(91) 98549-2595,pallomafaro6@gmail.com,,,,Atuação: Belém|Vigia|Altamira | Atendimento: Português,,Sim,Regular - Certificado: 14758287228 (Operação) - Validade: 2031-03-18,https://cadastur.turismo.gov.br/,,revisado,Revisar,sem coordenadas | sem endereço,cadastur | google_maps | youtube | visitaltamira
atm_0359,Magal Lanches,empresa,Hamburgueria,alimentacao,"MAGAL LANCHES é um estabelecimento em Altamira/PA, classificado como Hamburgueria (principal) e relacionado à alimentação. O endereço é Av. Alacid Nunes, 431 - Jardim Independente I. Contatos incluem telefone (93) 99174-4985 e WhatsApp +5593991744985. Possui registro Cadastur (válido até 2027-07-29) e atende em Português.",Altamira,PA,Av. Alacid Nunes,431,Jardim Independente I,,,,(93) 99174-4985,(93) 99174-4985,MAGALLANCHESATM913@GMAIL.COM,,,,Atendimento: Português,,,Regular - Certificado: 61477483000104 (Operação) - Validade: 2027-07-29,https://cadastur.turismo.gov.br/,,revisado_com_pendencias,Revisar,sem coordenadas | pendências da fonte,cadastur | google_maps | youtube | visitaltamira
atm_0360,Sabor Estrangeiro- Hamburgueria & Pizzaria,empresa,Hamburgueria,alimentacao,"Entidade turística consolidada: Sabor Estrangeiro- Hamburgueria & Pizzaria, classificada como Hamburgueria (alimentação). Localizada em Altamira/PA, no bairro Recreio, com endereço na Av. João Pessoa, 1836. Contato: (93) 99215-5956. Coordenadas e dados extraídos do Google Maps (2026-09-11).",Altamira,PA,Av. João Pessoa,1836,Recreio,,"-3,209401","-52,2092352",(93) 99215-5956,,,,,,,,,,https://www.google.com/maps/place/Sabor+Estrangeiro-+Hamburgueria+%26+Pizzaria/data=!4m7!3m6!1s0x929239d1d2ab3563:0xebf1ff8b4401fae7!8m2!3d-3.209401!4d-52.2092352!16s%2Fg%2F11rj3d1y6n!19sChIJYzWr0tE5kpIR5_oBRIv_8es?authuser=0&hl=pt-BR&g_ep=EgoyMDI2MDkwOC4wIJJjKgBIAVAD&rclk=1,"https://www.google.com/maps?q=-3.209401,-52.2092352",revisado_com_pendencias,Revisar,pendências da fonte,cadastur | google_maps | youtube | visitaltamira
atm_0361,Alojamento Diferro,empresa,Hospedagem,,"Alojamento Diferro é uma hospedagem localizada em Altamira, PA, no bairro Brasília. O endereço é 134, Tv. Pres. Médici, 2 - Brasília, Altamira - PA, 68377-020. As coordenadas são -3.1941383, -52.2104342 (Fonte: google_maps:323:83aba5d8ae). Foi confirmada a informação no site oficial (live_6856a334ed).",Altamira,PA,"134, Tv. Pres. Médici",2,Brasília,,"-3,1941383","-52,2104342",,,,,,,,,,,https://www.google.com/maps/place/Alojamento+Diferro/data=!4m10!3m9!1s0x929238382f15f4b7:0x6b99a681757a15bd!5m2!4m1!1i2!8m2!3d-3.1941383!4d-52.2104342!16s%2Fg%2F11bxdv5012!19sChIJt_QVLzg4kpIRvRV6dYGmmWs?authuser=0&hl=pt-BR&g_ep=EgoyMDI2MDkwOC4wIJJjKgBIAVAD&rclk=1,"https://www.google.com/maps?q=-3.1941383,-52.2104342",revisado,Revisar,sem contato,cadastur | google_maps | youtube | visitaltamira | https://lemeshotel.com.br/hotel/alojamento-diferro/
atm_0362,C Q Sabe Motel,empresa,Hospedagem,hospedagem,"Entidade turística consolidada: C Q Sabe Motel, classificado como Hospedagem em Altamira/PA. O endereço é Rod. Transamazônica - Colinas, e o contato é (93) 99148-8094. Coordenadas e dados extraídos do Google Maps (2026-09-11).",Altamira,PA,Rod. Transamazônica,,Colinas,,"-3,1830041","-52,1866484",(93) 99148-8094,,,,,,,,,,https://www.google.com/maps/place/C+Q+Sabe+Motel/data=!4m10!3m9!1s0x9292377f3b540bbd:0x141144effb25cf6f!5m2!4m1!1i2!8m2!3d-3.1830041!4d-52.1866484!16s%2Fg%2F11gdrc6qlq!19sChIJvQtUO383kpIRb88l--9EERQ?authuser=0&hl=pt-BR&g_ep=EgoyMDI2MDkwOC4wIJJjKgBIAVAD&rclk=1,"https://www.google.com/maps?q=-3.1830041,-52.1866484",revisado,Apto para conferência final,,cadastur | google_maps | youtube | visitaltamira
atm_0363,Chácara Paraíso Parques Aquaticos,empresa,Hospedagem,alimentacao,"Consolidado com dados de 'Chácara Paraíso parques aquaticos' (google_maps:380:83aba5d8ae). A entidade é classificada como Hospedagem, com atividades de alimentação. Localizada em Altamira/PA, o endereço é Unnamed Road, e as coordenadas são -3.0992912, -52.2572249 (Fonte: google_maps, 2026-09-11). Pendência: Não há informações de contato ou fotos verificadas para esta unidade.",Altamira,PA,Unnamed Road,,Pa,,"-3,0992912","-52,2572249",,,,,,,,,,,https://www.google.com/maps/place/Ch%C3%A1cara+Para%C3%ADso+parques+aquaticos/data=!4m7!3m6!1s0x92923bb4e7984c6f:0xc4c87ebd30457344!8m2!3d-3.0992912!4d-52.2572249!16s%2Fg%2F11ql5ldzp1!19sChIJb0yY57Q7kpIRRHNFML1-yMQ?authuser=0&hl=pt-BR&g_ep=EgoyMDI2MDkwOC4wIJJjKgBIAVAD&rclk=1,"https://www.google.com/maps?q=-3.0992912,-52.2572249",revisado_com_pendencias,Revisar,sem contato | pendências da fonte,cadastur | google_maps | youtube | visitaltamira
atm_0364,Hamara Soft Hotel 1,empresa,Hospedagem,hospedagem,"Hamara Soft Hotel 1 em Altamira/PA. A unidade é classificada como Hospedagem, com endereço na Av. Brg. Eduardo Gomes - Esplanada do Xingu. Contatos incluem telefone (93) 99185-4736 e e-mail HAMARASOFTHOTEL2@GMAIL.COM. Possui registro Cadastur (105:6b7236cb4b) e necessita de reserva. Coordenadas e informações visuais foram priorizadas de fontes específicas.",Altamira,PA,Av. Brg. Eduardo Gomes,,Esplanada do Xingu,,,,(93) 99185-4736,,HAMARASOFTHOTEL2@GMAIL.COM,,,,42 UHs | 64 leitos | Atendimento: Português,,Sim,Regular - Certificado: 61349305000106 (Operação) - Validade: 2028-03-24,https://visitaltamira.com.br/pt/empresa/hamara-soft-hotel-i,,revisado_com_pendencias,Revisar,sem coordenadas | pendências da fonte,cadastur | google_maps | youtube | visitaltamira
atm_0365,Hamara Soft Hotel 2,empresa,Hospedagem,hospedagem,"Hamara Soft Hotel 2 em Altamira/PA. A unidade é classificada como Hospedagem, com endereço em Av. Brg. Eduardo Gomes, 2933, São Sebastião. Contatos incluem (93) 99209-8172 e e-mail HAMARASOFTHOTEL2@GMAIL.COM. Possui serviços como 42 UHs e 64 leitos, e necessita de reserva. (Fonte: google_maps:60:83aba5d8ae e cadastur:105:6b7236cb4b)",Altamira,PA,Av. Brg. Eduardo Gomes,2933,São Sebastiao,,,,(93) 99209-8172,,HAMARASOFTHOTEL2@GMAIL.COM,,,,42 UHs | 64 leitos | Atendimento: Português,,Sim,Regular - Certificado: 61349305000106 (Operação) - Validade: 2028-03-24,https://visitaltamira.com.br/pt/empresa/hamara-soft-hotel-ii,,revisado_com_pendencias,Revisar,sem coordenadas | pendências da fonte,cadastur | google_maps | youtube | visitaltamira | https://www.solutudo.com.br/empresas/pa/altamira/hoteis/hamara-soft-hotel-2-22961807
atm_0366,Henriques Hotel,empresa,Hospedagem,hospedagem,"Entidade turística consolidada: Henriques Hotel, classificado como Hospedagem em Altamira/PA. O endereço completo é Rua Pedro Henrique Mauad, 4057 - Jardim Independente II. Contato: (93) 3515-9896. Coordenadas e dados obtidos via Google Maps (2026-09-11).",Altamira,PA,Rua Pedro Henrique Mauad,4057,- Jardim Independente Ii,,"-3,1989677","-52,2097663",(93) 3515-9896,,,,,,,,,,https://www.google.com/maps/place/Henriques+Hotel/data=!4m10!3m9!1s0x9292383ee1d1ccf7:0xeb7b969c2cc3c69!5m2!4m1!1i2!8m2!3d-3.1989677!4d-52.2097663!16s%2Fg%2F11cm0gnjth!19sChIJ98zR4T44kpIRaTzMwmm5tw4?authuser=0&hl=pt-BR&g_ep=EgoyMDI2MDkwOC4wIJJjKgBIAVAD&rclk=1,"https://www.google.com/maps?q=-3.1989677,-52.2097663",revisado,Apto para conferência final,,cadastur | google_maps | youtube | visitaltamira
atm_0367,Hotel Altamira,empresa,Hospedagem,hospedagem,"Consolidado o Hotel Altamira com dados de localização e contato da fonte google_maps:62:83aba5d8ae. Endereço: Av. Jader Barbalho, N° 2774 - Sudam II, Altamira - PA, 68371-050. Telefone: (93) 99167-2523. A categoria principal é Hospedagem.",Altamira,PA,Av. Jader Barbalho,2774,Sudam Ii,,"-3,2069464","-52,2238116",(93) 99167-2523,,,,,,,,,,https://www.google.com/maps/place/Hotel+Altamira/data=!4m10!3m9!1s0x9292398046e97deb:0x305ec3f67add27bf!5m2!4m1!1i2!8m2!3d-3.2069464!4d-52.2238116!16s%2Fg%2F11sctprqf8!19sChIJ633pRoA5kpIRvyfdevbDXjA?authuser=0&hl=pt-BR&g_ep=EgoyMDI2MDkwOC4wIJJjKgBIAVAD&rclk=1,"https://www.google.com/maps?q=-3.2069464,-52.2238116",revisado_com_pendencias,Revisar,pendências da fonte,cadastur | google_maps | youtube | visitaltamira | https://visitaltamira.com.br/en/onde-ficar
atm_0368,Hotel Central,empresa,Hospedagem,hospedagem,"Hotel Central, classificado como Hospedagem, está localizado em Altamira, PA. O endereço completo é Tv. Pedro Gomes, 1275 - Sudam I, Altamira - PA, 68371-105. As coordenadas são -3.2048778, -52.2198933, conforme dados do Google Maps (2026-09-11).",Altamira,PA,Tv. Pedro Gomes,1275,Sudam I,,"-3,2048778","-52,2198933",,,,,,,,,,,https://www.google.com/maps/place/Hotel+Central/data=!4m10!3m9!1s0x9292386c479a18d1:0xbe08c05677de68de!5m2!4m1!1i2!8m2!3d-3.2048778!4d-52.2198933!16s%2Fg%2F1tgptppl!19sChIJ0RiaR2w4kpIR3mjed1bACL4?authuser=0&hl=pt-BR&g_ep=EgoyMDI2MDkwOC4wIJJjKgBIAVAD&rclk=1,"https://www.google.com/maps?q=-3.2048778,-52.2198933",revisado,Revisar,sem contato,cadastur | google_maps | youtube | visitaltamira
atm_0369,Hotel Globo,empresa,Hospedagem,hospedagem,"Hotel Globo, classificado como Hospedagem, está localizado em Altamira/PA. O endereço completo é 338, Tv. Salim Mauad, 294 - Centro, Altamira - PA, 68371-486. O contato é (93) 3515-1690. Coordenadas: Lat -3.2075315, Lon -52.216915 (Fonte: google_maps, 2026-09-11).",Altamira,PA,"338, Tv. Salim Mauad",294,Centro,,"-3,2075315","-52,216915",(93) 3515-1690,,,,,,,,,,https://www.google.com/maps/place/Hotel+Globo/data=!4m10!3m9!1s0x9292386c248e985f:0x9b3469c7adbcda04!5m2!4m1!1i2!8m2!3d-3.2075315!4d-52.216915!16s%2Fg%2F11clwpts5h!19sChIJX5iOJGw4kpIRBNq8rcdpNJs?authuser=0&hl=pt-BR&g_ep=EgoyMDI2MDkwOC4wIJJjKgBIAVAD&rclk=1,"https://www.google.com/maps?q=-3.2075315,-52.216915",revisado,Apto para conferência final,,cadastur | google_maps | youtube | visitaltamira
atm_0370,Hotel Lisboa,empresa,Hospedagem,hospedagem,"Entidade turística consolidada: Hotel Lisboa, classificado como Hospedagem. Localizado em Altamira/PA, no Centro, com endereço na Tv. Lindolfo Aranha. Contato: (93) 99903-0310. Coordenadas e dados extraídos do Google Maps (2026-09-11).",Altamira,PA,Tv. Lindolfo Aranha,,Centro,,"-3,2055299","-52,2099327",(93) 99903-0310,,,,,,,,,,https://www.google.com/maps/place/Hotel+Lisboa/data=!4m10!3m9!1s0x929239a63e7f6015:0x73a37d61d3ff8807!5m2!4m1!1i2!8m2!3d-3.2055299!4d-52.2099327!16s%2Fg%2F11l5jkr9js!19sChIJFWB_PqY5kpIRB4j_02F9o3M?authuser=0&hl=pt-BR&g_ep=EgoyMDI2MDkwOC4wIJJjKgBIAVAD&rclk=1,"https://www.google.com/maps?q=-3.2055299,-52.2099327",revisado,Apto para conferência final,,cadastur | google_maps | youtube | visitaltamira
atm_0371,Hotel Lucas,empresa,Hospedagem,hospedagem,"Hotel Lucas, localizado em Altamira/PA, é uma hospedagem situada na Av. João Rodrigues - Premem. O contato é (93) 99186-2717. As coordenadas são -3.2067385, -52.2211367 (google_maps:63:83aba5d8ae).",Altamira,PA,Av. João Rodrigues,,Premem,,"-3,2067385","-52,2211367",(93) 99186-2717,,,,,,,,,,https://www.google.com/maps/place/Hotel+Lucas/data=!4m10!3m9!1s0x929239322d12fca5:0x31d7be5b4cce939e!5m2!4m1!1i2!8m2!3d-3.2067385!4d-52.2211367!16s%2Fg%2F11g2wkjg01!19sChIJpfwSLTI5kpIRnpPOTFu-1zE?authuser=0&hl=pt-BR&g_ep=EgoyMDI2MDkwOC4wIJJjKgBIAVAD&rclk=1,"https://www.google.com/maps?q=-3.2067385,-52.2211367",revisado,Apto para conferência final,,cadastur | google_maps | youtube | visitaltamira
atm_0372,Hotel Lucia Borges,empresa,Hospedagem,hospedagem,"Hotel Lucia Borges em Altamira/PA. Endereço: R. Humberto Trindade, 308 - Jardim Independente II. A categoria principal é Hospedagem. As coordenadas são -3.2197681, -52.2193188 (google_maps). O site menciona quartos excelentes e confortáveis.",Altamira,PA,R. Humberto Trindade,308,"Pa, 68372-270, Brasil","Jardim Independente Ii, Altamira","-3,2197681","-52,2193188",,,,,,,,,,,https://www.google.com/maps/place/Hotel+Lucia+Borges/data=!4m10!3m9!1s0x92924789bc168adb:0xcc2f28eaf88c6212!5m2!4m1!1i2!8m2!3d-3.2197681!4d-52.2193188!16s%2Fg%2F11bz0bb715!19sChIJ24oWvIlHkpIREmKM-OooL8w?authuser=0&hl=pt-BR&g_ep=EgoyMDI2MDkwOC4wIJJjKgBIAVAD&rclk=1,"https://www.google.com/maps?q=-3.2197681,-52.2193188",revisado_com_pendencias,Revisar,sem contato | pendências da fonte,cadastur | google_maps | youtube | visitaltamira | https://lemeshotel.com.br/hotel/hotel-lucia-borges/
atm_0373,Hotel Miler,empresa,Hospedagem,hospedagem,"Hotel Miler, classificado como Hospedagem, está localizado em Altamira-PA. O endereço completo é Tv. Pedro Gomes, 826 - Sudam I, Altamira - PA, 68371-970. O contato telefônico é (93) 3515-2304. As coordenadas são -3.2071978, -52.2162264 (Fonte: google_maps, 2026-09-11).",Altamira,PA,Tv. Pedro Gomes,826,Sudam I,,"-3,2071978","-52,2162264",(93) 3515-2304,,,,,,,,,,https://www.google.com/maps/place/Hotel+Miler/data=!4m10!3m9!1s0x9292386c470ab257:0x744465d31178df93!5m2!4m1!1i2!8m2!3d-3.2071978!4d-52.2162264!16s%2Fg%2F1tt8dbg6!19sChIJV7IKR2w4kpIRk994EdNlRHQ?authuser=0&hl=pt-BR&g_ep=EgoyMDI2MDkwOC4wIJJjKgBIAVAD&rclk=1,"https://www.google.com/maps?q=-3.2071978,-52.2162264",revisado_com_pendencias,Revisar,pendências da fonte,cadastur | google_maps | youtube | visitaltamira
atm_0374,Hotel Morais,empresa,Hospedagem,hospedagem,"Hotel Morais, localizado no Centro de Altamira-PA, é uma hospedagem. O endereço completo é R. Salim Mauad, 20 - Centro, Altamira - PA, 68372-120. O contato telefônico é (93) 3515-2505. As coordenadas são -3.2079761, -52.2174418 (Fonte: google_maps, 2026-09-11).",Altamira,PA,R. Salim Mauad,20,Centro,,"-3,2079761","-52,2174418",(93) 3515-2505,,,,,,,,,,https://www.google.com/maps/place/Hotel+Morais/data=!4m10!3m9!1s0x9292386d9b9c4617:0xe4d90248fa38f461!5m2!4m1!1i2!8m2!3d-3.2079761!4d-52.2174418!16s%2Fg%2F1th0cj05!19sChIJF0acm204kpIRYfQ4-kgC2eQ?authuser=0&hl=pt-BR&g_ep=EgoyMDI2MDkwOC4wIJJjKgBIAVAD&rclk=1,"https://www.google.com/maps?q=-3.2079761,-52.2174418",revisado_com_pendencias,Revisar,pendências da fonte,cadastur | google_maps | youtube | visitaltamira
atm_0375,Hotel Orinoco,empresa,Hospedagem,hospedagem,"Hotel Orinoco em Altamira, PA. Categoria: Hospedagem. Endereço: Av. Tancredo Neves, 2263 - Centro. Contato: (93) 99119-0931. Coordenadas: -3.2094114, -52.2148868 (Fonte: google_maps:64:83aba5d8ae). Foi verificada uma fonte web com telefone alternativo e informações de serviço.",Altamira,PA,Av. Tancredo Neves,2263,Centro,,"-3,2094114","-52,2148868",(93) 99119-0931,,,,,,,,,,https://www.google.com/maps/place/Hotel+Orinoco/data=!4m10!3m9!1s0x929238388237b1ad:0x9f121840598db79!5m2!4m1!1i2!8m2!3d-3.2094114!4d-52.2148868!16s%2Fg%2F1wh4gy5c!19sChIJrbE3gjg4kpIReduYBYQh8Qk?authuser=0&hl=pt-BR&g_ep=EgoyMDI2MDkwOC4wIJJjKgBIAVAD&rclk=1,"https://www.google.com/maps?q=-3.2094114,-52.2148868",revisado_com_pendencias,Revisar,pendências da fonte,cadastur | google_maps | youtube | visitaltamira | https://hotel-orinoco.ueniweb.com/
atm_0376,Hotel Palace Ii,empresa,Hospedagem,hospedagem,Hotel Palace II em Altamira/PA. Possui registro Cadastur (Regular) e informações do Google Maps. O endereço mais completo é o do Google Maps (R. Cel. Jarbas Passarinho - Jardim Uirapuru). Contato: (93)3515-2057 (Cadastur). Site: https://www.palacehotelalt.com.br. Serviços: 50 UHs | 145 leitos. Necessita reserva.,Altamira,PA,R. Cel. Jarbas Passarinho,,Jardim Uirapuru,,,,(93)3515-2057,,financeiro@palacehotelatm.com.br,https://www.palacehotelalt.com.br,,,50 UHs | 145 leitos,,Sim,Regular - Certificado: 06236230000130 (Operação) - Validade: 2027-05-16,https://cadastur.turismo.gov.br/,,revisado_com_pendencias,Revisar,sem coordenadas | pendências da fonte | possível duplicidade,cadastur | google_maps | youtube | visitaltamira
atm_0377,Hotel Rodoviario,empresa,Hospedagem,hospedagem,"Entidade turística consolidada como Hotel Rodoviario em Altamira/PA. Possui endereço completo, telefone e coordenadas geográficas verificados via Google Maps. Categoria principal é Hospedagem.",Altamira,PA,Av. João Rodrigues,1357,Jardim Uirapuru,,"-3,2064657","-52,2214965",(93) 99216-2587,,,,,,,,,,https://www.google.com/maps/place/Hotel+Rodoviario/data=!4m10!3m9!1s0x9292386e89eac763:0x882af3357b5db84b!5m2!4m1!1i2!8m2!3d-3.2064657!4d-52.2214965!16s%2Fg%2F11cjk2y8rj!19sChIJY8fqiW44kpIRS7hdezXzKog?authuser=0&hl=pt-BR&g_ep=EgoyMDI2MDkwOC4wIJJjKgBIAVAD&rclk=1,"https://www.google.com/maps?q=-3.2064657,-52.2214965",revisado,Apto para conferência final,,cadastur | google_maps | youtube | visitaltamira
atm_0378,Palace Hotel - Altamira Pa,empresa,Hospedagem,hospedagem,"Consolidado o Palace Hotel em Altamira/PA. Utiliza o nome e a categoria do Google Maps, mas prioriza o endereço e o status Cadastur. Contém telefone, site e informações de serviço (50 UHs | 145 leitos) do Cadastur. Pendência: Coordenadas e bairro são mais consistentes com a fonte Google Maps, mas o WhatsApp e Instagram vêm da Visita Altamira.",Altamira,PA,Av. Tancredo Neves,3093,Premem,,,,(93) 99146-2057,,financeiro@palacehotelatm.com.br,https://palacehotelat.com.br/?utm_source=google&utm_medium=organic&utm_campaign=google-meu-negocio,,,50 UHs | 145 leitos,,Sim,Regular - Certificado: 06236230000130 (Operação) - Validade: 2027-05-16,https://visitaltamira.com.br/pt/empresa/palace-hotel,,revisado_com_pendencias,Revisar,sem coordenadas | pendências da fonte,cadastur | google_maps | youtube | visitaltamira
atm_0379,Pamella Hotel,empresa,Hospedagem,hospedagem,"Entidade turística consolidada para Pamella Hotel em Altamira/PA. A hospedagem está localizada na Alameda Polivalente, 2655 - Jardim Uirapuru. Coordenadas e demais dados foram extraídos do Google Maps (2026-09-11).",Altamira,PA,Alameda Polivalente,2655,- Jardim Uirapuru,,"-3,2116319","-52,2179357",,,,,,,,,,,https://www.google.com/maps/place/Pamella+Hotel/data=!4m10!3m9!1s0x92923900752440b7:0x64b1289bab3811aa!5m2!4m1!1i2!8m2!3d-3.2116319!4d-52.2179357!16s%2Fg%2F11n4sn3x2y!19sChIJt0AkdQA5kpIRqhE4q5sosWQ?authuser=0&hl=pt-BR&g_ep=EgoyMDI2MDkwOC4wIJJjKgBIAVAD&rclk=1,"https://www.google.com/maps?q=-3.2116319,-52.2179357",revisado,Revisar,sem contato,cadastur | google_maps | youtube | visitaltamira | https://www.kayak.com.br/Altamira-Hoteis.51718.hotel.ksp
atm_0380,Pillo's Hotel,empresa,Hospedagem,hospedagem,"Entidade turística consolidada como Pillo's HOTEL em Altamira/PA. A categoria principal é Hospedagem, com endereço em Jardim Independente II. Coordenadas e demais dados são provenientes do Google Maps (2026-09-11). Pendências: Nenhuma.",Altamira,PA,Jardim Independente Ii,,,,"-3,2095969","-52,214551",,,,,,,,,,,https://www.google.com/maps/place/Pillo%27s+HOTEL/data=!4m10!3m9!1s0x9292386d645c4449:0x9fcb75b79a84d7c0!5m2!4m1!1i2!8m2!3d-3.2095969!4d-52.214551!16s%2Fg%2F11v9l028f5!19sChIJSURcZG04kpIRwNeEmrd1y58?authuser=0&hl=pt-BR&g_ep=EgoyMDI2MDkwOC4wIJJjKgBIAVAD&rclk=1,"https://www.google.com/maps?q=-3.2095969,-52.214551",revisado_com_pendencias,Revisar,sem contato | pendências da fonte,cadastur | google_maps | youtube | visitaltamira | https://www.kayak.com.br/Hoteis-Rillos-Hotel-Altamira.888438.ksp
atm_0381,Pousada Jardim do Sol,empresa,Hospedagem,hospedagem,"Pousada Jardim do Sol, classificada como Hospedagem, está localizada em Altamira/PA. O endereço completo é R. Humberto Trindade, 343 - Jardim Independente II, e o contato é (93) 3515-9825. As coordenadas são -3.2240275, -52.2203245 (Fonte: google_maps:322:83aba5d8ae, 2026-09-11).",Altamira,PA,R. Humberto Trindade,343,Jardim Independente Ii,,"-3,2240275","-52,2203245",(93) 3515-9825,,,,,,,,,,https://www.google.com/maps/place/Pousada+Jardim+do+Sol/data=!4m10!3m9!1s0x92924789b9f6af1b:0x4fb1711bd0970f76!5m2!4m1!1i2!8m2!3d-3.2240275!4d-52.2203245!16s%2Fg%2F11r9tw64y!19sChIJG6_2uYlHkpIRdg-X0BtxsU8?authuser=0&hl=pt-BR&g_ep=EgoyMDI2MDkwOC4wIJJjKgBIAVAD&rclk=1,"https://www.google.com/maps?q=-3.2240275,-52.2203245",revisado,Apto para conferência final,,cadastur | google_maps | youtube | visitaltamira
atm_0382,Pousada Xingu Araras,empresa,Hospedagem,"Ecoturismo, Rio Xingu, Pesca Esportiva, Preservação Ambiental","Pousada Xingu Araras em Altamira/PA. É classificada como Hospedagem (Google Maps) e oferece serviços como hospedagem, banho de rio, trilha ecológica, piscina e pesca esportiva (YouTube). O contato principal é (93) 99121-3230 (Google Maps) e o e-mail cadastrado é WITHAMAR5@GMAIL.COM (Cadastur). Recomenda-se reserva prévia.",Altamira,PA,Raimundo de Oliveira,,Jardim Independente I,,,,(93) 99121-3230,(93) 99121-3230,WITHAMAR5@GMAIL.COM,,,,"Hospedagem (3 apartamentos), banho de rio, trilha ecológica, piscina, pesca esportiva, observação de natureza e alimentação (bolo e torta salgada).",,Sim,Regular - Certificado: 61040616000180 (Operação) - Validade: 2027-06-05,https://cadastur.turismo.gov.br/,,revisado,Revisar,sem coordenadas | possível duplicidade,cadastur | google_maps | youtube | visitaltamira
atm_0383,Requinte Hotel,empresa,Hospedagem,hospedagem,"Hotel Requint em Altamira/PA. Endereço: Av. Tancredo Neves, 2229 - Centro. Contato: (93) 99656-2897. Possui site e e-mail (cadastur:97:6b7236cb4b|email). É um meio de hospedagem que necessita reserva. Coordenadas: -3.2091044, -52.2146766 (google_maps:53:83aba5d8ae).",Altamira,PA,Av. Tancredo Neves,2229,Centro,,,,(93) 99656-2897,(93) 99656-2897,gerencia@requintehotel.tur.br,http://www.requintehotel.tur.br/,,,39 UHs | 68 leitos,,Sim,Regular - Certificado: 34885970000133 (Operação) - Validade: 2027-02-25,https://cadastur.turismo.gov.br/,,revisado_com_pendencias,Revisar,sem coordenadas | pendências da fonte,cadastur | google_maps | youtube | visitaltamira
atm_0384,Rillo's Hotel,empresa,Hospedagem,hospedagem,"Rillo's Hotel em Altamira/PA. Hospedagem com 52 UHs e 93 leitos, oferecendo atendimento em Inglês. Endereço: R. 7 de Setembro, 2300 - Centro. Contato: (93) 99952-6408. Possui site e e-mail. Necessita reserva. Dados do Cadastur (válido até 2027-08-25) e localização do Google Maps foram priorizados.",Altamira,PA,R. 7 de Setembro,2300,Centro,,,,(93) 99952-6408,(93) 99952-6408,contato.hotelrillo@gmail.com,https://www.rilloshotel.com/,,,52 UHs | 93 leitos | Atendimento: Inglês,"Acomodações acessíveis disponíveis (1 UHs acessíveis, 2 leitos acessíveis)",Sim,Regular - Certificado: 12905728000141 (Operação) - Validade: 2027-08-25,https://cadastur.turismo.gov.br/,,revisado_com_pendencias,Revisar,sem coordenadas | pendências da fonte,cadastur | google_maps | youtube | visitaltamira
atm_0385,Safira Hotel,empresa,Hospedagem,hospedagem,"Safira Hotel em Altamira/PA. É um hotel com serviços de hospedagem (17 UHs | 32 leitos) e necessita de reserva. Contatos: (93) 99126-7880 e +5593991267880. Endereço: Tv. Pedro Gomes, 850 - Sudam I, Altamira - PA. Email: DIVINOBIO@HOTMAIL.COM. Fonte principal: Google Maps (2026-09-11). O cadastro no Cadastur indica regularidade até 2027-08-25.",Altamira,PA,Tv. Pedro Gomes,850,Sudam I,,,,(93) 99126-7880,(93) 99126-7880,DIVINOBIO@HOTMAIL.COM,,,,17 UHs | 32 leitos,,Sim,Regular - Certificado: 20730436000143 (Operação) - Validade: 2027-08-25,https://cadastur.turismo.gov.br/,,revisado_com_pendencias,Revisar,sem coordenadas | pendências da fonte,cadastur | google_maps | youtube | visitaltamira
atm_0386,Status Motel,empresa,Hospedagem,hospedagem,"Entidade turística consolidada: Status Motel, classificado como Hospedagem em Altamira/PA. O endereço é Rod. Ernesto Aciole, s/n - Colinas, e o contato é (94) 99136-3404. Coordenadas e dados extraídos do Google Maps (2026-09-11).",Altamira,PA,Rod. Ernesto Aciole,S/N,Colinas,,"-3,1904175","-52,192293",(94) 99136-3404,,,,,,,,,,https://www.google.com/maps/place/Status+Motel/data=!4m10!3m9!1s0x92923828f12436db:0xd01547e4c89923ab!5m2!4m1!1i2!8m2!3d-3.1904175!4d-52.192293!16s%2Fg%2F11b6hsq6fw!19sChIJ2zYk8Sg4kpIRqyOZyORHFdA?authuser=0&hl=pt-BR&g_ep=EgoyMDI2MDkwOC4wIJJjKgBIAVAD&rclk=1,"https://www.google.com/maps?q=-3.1904175,-52.192293",revisado,Apto para conferência final,,cadastur | google_maps | youtube | visitaltamira
atm_0387,Topazzio Hotel,empresa,Hospedagem,hospedagem,"Topazzio Hotel em Altamira/PA. É uma hospedagem com 1 UHs e 12 leitos, necessita reserva. Contatos: (93) 3593-0423 (Google Maps) e +5593992001984 (WhatsApp/Cadastur). Endereço: Tv. Bandeirante, 550 - Esplanada do Xingu, Altamira - PA. Possui atendimento em Português e acessibilidade disponível (Fonte: Google Maps/Cadastur). Pendência: O site da empresa consta como 'Inapta' (Fonte: Econodata).",Altamira,PA,Tv. Bandeirante,550,Esplanada do Xingu,,,,(93) 3593-0423,(93) 99200-1984,JORGIANEAZEVEDO38@GMAIL.COM,,,,1 UHs | 12 leitos | Atendimento: Português,"Acomodações acessíveis disponíveis (1 UHs acessíveis, 12 leitos acessíveis)",Sim,Regular - Certificado: 61539114000107 (Operação) - Validade: 2027-11-18,https://cadastur.turismo.gov.br/,,revisado_com_pendencias,Revisar,sem coordenadas | pendências da fonte,cadastur | google_maps | youtube | visitaltamira | https://www.econodata.com.br/consulta-empresa/16621581000119-topazzio-hotel-ltda
atm_0388,Xingu Pousada,empresa,Hospedagem,hospedagem,A Pousada Xingu em Altamira/PA é uma hospedagem com registro Cadastur (Regular) e serviços como 6 UHs e atendimento em Inglês. O contato principal é via WhatsApp (+5593991213230) e o email é WITHAMAR5@GMAIL.COM. O endereço mais completo é o do Cadastur (Humbelino José de Oliveira - de 702/703 a 1750/1751 Altamira Jardim Independente I). As coordenadas foram priorizadas da fonte google_maps:69:83aba5d8ae.,Altamira,PA,R. Primeiro de Janeiro,,"Pa, 68371","Centro, Altamira",,,(93) 99121-3230,(93) 99121-3230,WITHAMAR5@GMAIL.COM,,,,6 UHs | 22 leitos | Atendimento: Inglês,,Sim,Regular - Certificado: 61040616000180 (Operação) - Validade: 2027-06-05,https://cadastur.turismo.gov.br/,,revisado_com_pendencias,Revisar,sem coordenadas | pendências da fonte | possível duplicidade,cadastur | google_maps | youtube | visitaltamira
atm_0389,Xingu Praia Hotel,ponto_turistico,Hospedagem,hospedagem,"A entidade Xingu Praia Hotel em Altamira/PA é um hotel com registro no Cadastur (Regular - Operação). O endereço mais consistente é R. Cel. José Porfírio, 3001 - Esplanada do Xingu. Contatos incluem o WhatsApp +5593991171908 e e-mail xingupraiahotel@gmail.com. O site é http://xingupraiahotel.com/. Possui 36 UHs e 36 leitos, e é necessário fazer reserva.",Altamira,PA,R. Cel. José Porfírio,3001,Esplanada do Xingu,,,,,(93) 99117-1908,xingupraiahotel@gmail.com,http://xingupraiahotel.com/,,,36 UHs | 36 leitos | Atendimento: Inglês,,Sim,Regular - Certificado: 15579788000100 (Operação) - Validade: 2027-11-18,https://cadastur.turismo.gov.br/,,revisado_com_pendencias,Revisar,sem coordenadas | pendências da fonte,cadastur | google_maps | youtube | visitaltamira
atm_0390,Chácara Adonai,empresa,Hospedagem domiciliar,atrativos,"Consolidado para Chácara Adonai, hospedagem domiciliar em Altamira/PA. Endereço: WP4W+3C. Contato: (93) 98412-4066. Coordenadas e dados extraídos da fonte google_maps:479:83aba5d8ae (2026-09-11). Pendência: Bairro não especificado de forma clara.",Altamira,PA,,,,,"-3,0948961","-52,2540705",(93) 98412-4066,,,,,,,,,,https://www.google.com/maps/place/Ch%C3%A1cara/data=!4m7!3m6!1s0x929239006c4d5dc9:0x3cbd3eb3b0bfa80c!8m2!3d-3.1696292!4d-52.2232823!16s%2Fg%2F11z65h3qjc!19sChIJyV1NbAA5kpIRDKi_sLM-vTw?authuser=0&hl=pt-BR&g_ep=EgoyMDI2MDkwOC4wIJJjKgBIAVAD&rclk=1,"https://www.google.com/maps?q=-3.0948961,-52.2540705",revisado_com_pendencias,Revisar,pendências da fonte,cadastur | google_maps | youtube | visitaltamira
atm_0391,Centro de Apoio Em Diagnóstico,empresa,Hospital,saude,"Centro de Apoio em Diagnóstico, um hospital de saúde em Altamira/PA. Endereço: São Sebastiao, Altamira - PA. Contato: (93) 3515-1124. Coordenadas: -3.213025, -52.2140904 (Fonte: google_maps, 2026-09-11).",Altamira,PA,São Sebastiao,,,,"-3,213025","-52,2140904",(93) 3515-1124,,,,,,,,,,https://www.google.com/maps/place/Centro+de+Apoio+em+Diagn%C3%B3stico/data=!4m7!3m6!1s0x92923873139d937f:0x5957ac6c0cc3a1d4!8m2!3d-3.213025!4d-52.2140904!16s%2Fg%2F11gfh9ft0c!19sChIJf5OdE3M4kpIR1KHDDGysV1k?authuser=0&hl=pt-BR&g_ep=EgoyMDI2MDkwOC4wIJJjKgBIAVAD&rclk=1,"https://www.google.com/maps?q=-3.213025,-52.2140904",revisado_com_pendencias,Revisar,pendências da fonte,cadastur | google_maps | youtube | visitaltamira
atm_0392,Cimet Clinica de Exames Admisionais,empresa,Hospital,saude,"Entidade turística consolidada como Cimet clinica de exames admisionais, classificada como Hospital em Altamira/PA. O endereço é 306, Tv. Agrário Cavalcante, 132 - Recreio, Altamira - PA. As coordenadas e informações são provenientes do Google Maps (2026-09-11). Não foi possível confirmar um telefone atualizado para a unidade principal.",Altamira,PA,"306, Tv. Agrário Cavalcante",132,Recreio,,"-3,2081858","-52,2121888",,,,,,,,,,,https://www.google.com/maps/place/Cimet+clinica+de+exames+admisionais/data=!4m7!3m6!1s0x92923812d43b04d9:0x5f7bb5a3ac809f29!8m2!3d-3.2081858!4d-52.2121888!16s%2Fg%2F11b70hwnmy!19sChIJ2QQ71BI4kpIRKZ-ArKO1e18?authuser=0&hl=pt-BR&g_ep=EgoyMDI2MDkwOC4wIJJjKgBIAVAD&rclk=1,"https://www.google.com/maps?q=-3.2081858,-52.2121888",revisado,Revisar,sem contato,cadastur | google_maps | youtube | visitaltamira | https://cimetscientific.com/
atm_0393,H Visão Tcr,empresa,Hospital,saude,"Entidade turística consolidada: H visão TCR, um Hospital em Altamira/PA. Endereço: Av. Djalma Dutra, 2085 B - Centro. Contato: (93) 98121-9561. Coordenadas e dados obtidos via Google Maps (2026-09-11). Não é um ponto turístico, mas um serviço de saúde.",Altamira,PA,"Av. Djalma Dutra, 2085 B",,Centro,,"-3,2078095","-52,2136992",(93) 98121-9561,,,,,,,,,,https://www.google.com/maps/place/H+vis%C3%A3o+TCR/data=!4m7!3m6!1s0x9292397d5c3277ef:0x7997ff252a5cd764!8m2!3d-3.2078095!4d-52.2136992!16s%2Fg%2F11x8jk1jmp!19sChIJ73cyXH05kpIRZNdcKiX_l3k?authuser=0&hl=pt-BR&g_ep=EgoyMDI2MDkwOC4wIJJjKgBIAVAD&rclk=1,"https://www.google.com/maps?q=-3.2078095,-52.2136992",revisado,Apto para conferência final,,cadastur | google_maps | youtube | visitaltamira
atm_0394,Hospital Geral Altamira,empresa,Hospital,,"Consolidado o Hospital Geral Altamira, localizado em Altamira/PA, no bairro Mutirão. O endereço é R. 6 - Mutirão, e o telefone é (93) 3515-2350. As coordenadas e a categoria principal (Hospital) foram extraídas do Google Maps.",Altamira,PA,R.,6,Mutirão,,"-3,1860802","-52,2064369",(93) 3515-2350,,,,,,,,,,https://www.google.com/maps/place/Hospital+Geral+Altamira/data=!4m7!3m6!1s0x9292386dab62aa5d:0xafbb11f0b4630de3!8m2!3d-3.1860802!4d-52.2064369!16s%2Fg%2F1tl8lsjx!19sChIJXapiq204kpIR4w1jtPARu68?authuser=0&hl=pt-BR&g_ep=EgoyMDI2MDkwOC4wIJJjKgBIAVAD&rclk=1,"https://www.google.com/maps?q=-3.1860802,-52.2064369",revisado,Apto para conferência final,,cadastur | google_maps | youtube | visitaltamira | https://www.saude.pa.gov.br/a-secretaria/rede-de-atendimento-sob-gestao-das-oss/hospital-regional-publico-da-transamazonica-altamira/
atm_0395,Hospital Indígena,empresa,Hospital,saude,"Entidade turística consolidada: Hospital Indígena, classificado como Hospital de saúde em Altamira/PA. O endereço completo é Rod. Pres. Médice, 815 - Alberto Soares, Altamira - PA, 68376-035. Coordenadas e dados extraídos do Google Maps (2026-09-11).",Altamira,PA,Rod. Pres. Médice,815,Alberto Soares,,"-3,1963205","-52,1867217",,,,,,,,,,,https://www.google.com/maps/place/Hospital+Ind%C3%ADgena/data=!4m7!3m6!1s0x929237003687c8ed:0xbba35015bc46c6f3!8m2!3d-3.1963205!4d-52.1867217!16s%2Fg%2F11vqwz831b!19sChIJ7ciHNgA3kpIR88ZGvBVQo7s?authuser=0&hl=pt-BR&g_ep=EgoyMDI2MDkwOC4wIJJjKgBIAVAD&rclk=1,"https://www.google.com/maps?q=-3.1963205,-52.1867217",revisado,Revisar,sem contato,cadastur | google_maps | youtube | visitaltamira
atm_0396,Usf Boa Esperança,empresa,Hospital,saude,"Entidade turística consolidada: USF Boa Esperança, classificada como Hospital (Saúde). Localizada em Altamira/PA, com endereço em Tv. da Harmônia, 142-202. Coordenadas e dados extraídos do Google Maps (2026-09-11).",Altamira,PA,"Tv. da Harmônia, 142-202",,Boa Esperança,,"-3,1948296","-52,2040184",,,,,,,,,,,https://www.google.com/maps/place/USF+Boa+Esperan%C3%A7a/data=!4m7!3m6!1s0x92923924b16ca943:0x77a7a689b082bb4a!8m2!3d-3.1948296!4d-52.2040184!16s%2Fg%2F11g4blb5vk!19sChIJQ6lssSQ5kpIRSruCsImmp3c?authuser=0&hl=pt-BR&g_ep=EgoyMDI2MDkwOC4wIJJjKgBIAVAD&rclk=1,"https://www.google.com/maps?q=-3.1948296,-52.2040184",revisado_com_pendencias,Revisar,sem contato | pendências da fonte,cadastur | google_maps | youtube | visitaltamira
atm_0397,Unidade Basica de Saúde Sudam Ii - Upa,empresa,Hospital,saude,"Unidade Basica de Saúde Sudam II - UPA em Altamira/PA. Endereço: Av. Jader Barbalho - Sudam II, Altamira - PA, 68374-276. Categoria principal: Hospital. Coordenadas: Lat -3.2079028, Lon -52.2253792. Fonte principal: Google Maps (2026-09-11). Pendência: Não há pendências de informação crítica para consolidação.",Altamira,PA,Av. Jader Barbalho,,Sudam Ii,,"-3,2079028","-52,2253792",,,,,,,,,,,https://www.google.com/maps/place/Unidade+Basica+de+Sa%C3%BAde+Sudam+II+-+UPA/data=!4m7!3m6!1s0x9292392afff3dda1:0xda46061e9e382340!8m2!3d-3.2079028!4d-52.2253792!16s%2Fg%2F11hynlhsrs!19sChIJod3z_yo5kpIRQCM4nh4GRto?authuser=0&hl=pt-BR&g_ep=EgoyMDI2MDkwOC4wIJJjKgBIAVAD&rclk=1,"https://www.google.com/maps?q=-3.2079028,-52.2253792",revisado,Revisar,sem contato,cadastur | google_maps | youtube | visitaltamira | https://altamira.pa.gov.br/atendimento-24h-na-ubs-do-sudam-ii-sera-encerrado-nesta-terca-feira-3-de-marco/
atm_0398,Hospital Das Clínicas de Altamira,empresa,Hospital Geral,saude,"Consolidado o Hospital das Clínicas de Altamira, utilizando os dados da primeira ocorrência do Google Maps (287:83aba5d8ae). O local é classificado como Hospital Geral, situado em Altamira/PA, com endereço na Av. Djalma Dutra, 1670 - Jardim Independente II. Telefone: (93) 3515-1577.",Altamira,PA,Av. Djalma Dutra,1670,Jardim Independente Ii,,"-3,2247933","-52,22575",(93) 3515-1577,,,,,,,,,,https://www.google.com/maps/place/Hospital+das+Cl%C3%ADnicas+de+Altamira/data=!4m7!3m6!1s0x929238388237b1ad:0x82049a5a275d005b!8m2!3d-3.2247933!4d-52.22575!16s%2Fg%2F1thvzbrt!19sChIJrbE3gjg4kpIRWwBdJ1qaBII?authuser=0&hl=pt-BR&g_ep=EgoyMDI2MDkwOC4wIJJjKgBIAVAD&rclk=1,"https://www.google.com/maps?q=-3.2247933,-52.22575",revisado,Apto para conferência final,,cadastur | google_maps | youtube | visitaltamira
atm_0399,Hospital Regional Público da Transamazônica,empresa,Hospital Público,saude,"Hospital Regional Público da Transamazônica em Altamira/PA. Endereço: Av. Brg. Eduardo Gomes, s/n – Esplanada do Xingu, Altamira – PA, 68372-005. Oferece serviços como Ambulatorial, Urgência, Internação e Apoio Diagnóstico, com site em https://hrpt.org.br/.",Altamira,PA,"Av. Brg. Eduardo Gomes, S/N – Esplanada do Xingu, Altamira – Pa",,Esplanada do Xingu,,"-3,2102563","-52,2132503",,,,https://hrpt.org.br/,,,Ambulatorial; – Urgência; – Apoio Diagnóstico Externo – Laboratorial; – Apoio Diagnóstico Interno; – Internação; – Atendimento a Urgência (âmbito hospitalar),,,,https://www.google.com/maps/place/Hospital+Regional+P%C3%BAblico+da+Transamaz%C3%B4nica/data=!4m7!3m6!1s0x92923872a8890ed5:0xabc7471ef67b328f!8m2!3d-3.2102563!4d-52.2132503!16s%2Fg%2F11b6g8lp79!19sChIJ1Q6JqHI4kpIRjzJ79h5Hx6s?authuser=0&hl=pt-BR&g_ep=EgoyMDI2MDkwOC4wIJJjKgBIAVAD&rclk=1,"https://www.google.com/maps?q=-3.2102563,-52.2132503",revisado_com_pendencias,Revisar,pendências da fonte,cadastur | google_maps | youtube | visitaltamira | https://www.saude.pa.gov.br/a-secretaria/rede-de-atendimento-sob-gestao-das-oss/hospital-regional-publico-da-transamazonica-altamira/
atm_0400,Policlínica de Altamira,empresa,Hospital Público,saude,"Policlínica de Altamira, classificada como Hospital Público em Altamira/PA. O endereço principal registrado é R. Uberlândia, 19 - Jardim Uirapuru. O site fornecido é http://www.saude.pa.gov.br/. As coordenadas são -3.2093126, -52.2247255 (google_maps:288:83aba5d8ae). Não há informações de contato adicionais ou serviços detalhados confirmados para esta unidade.",Altamira,PA,R. Uberlândia,19,Jardim Uirapuru,,"-3,2093126","-52,2247255",,,,http://www.saude.pa.gov.br/,,,,,,,https://www.google.com/maps/place/Policl%C3%ADnica+de+Altamira/data=!4m7!3m6!1s0x92923947029ee3d1:0x754950dd8eeed6dc!8m2!3d-3.2093126!4d-52.2247255!16s%2Fg%2F11l5np_x35!19sChIJ0eOeAkc5kpIR3Nbujt1QSXU?authuser=0&hl=pt-BR&g_ep=EgoyMDI2MDkwOC4wIJJjKgBIAVAD&rclk=1,"https://www.google.com/maps?q=-3.2093126,-52.2247255",revisado_com_pendencias,Revisar,pendências da fonte,cadastur | google_maps | youtube | visitaltamira | https://www.saude.pa.gov.br/a-secretaria/rede-de-atendimento-sob-gestao-das-oss/hospital-regional-publico-da-transamazonica-altamira/
atm_0401,Upa - Unidade de Pronto Atendimento,empresa,Hospital Público,saude,"UPA - Unidade de Pronto Atendimento, classificada como Hospital Público e saúde, está localizada em Altamira/PA. O endereço é Tv. Campinas - Jardim Uirapuru, e as coordenadas são -3.2090207, -52.2243506 (Fonte: google_maps, 2026-09-11).",Altamira,PA,Tv. Campinas,,Jardim Uirapuru,,"-3,2090207","-52,2243506",,,,,,,,,,,https://www.google.com/maps/place/UPA+-+Unidade+de+Pronto+Atendimento/data=!4m7!3m6!1s0x929238650d2cb45f:0x8a64b53ccc717a1c!8m2!3d-3.2090207!4d-52.2243506!16s%2Fg%2F11cn6frlwq!19sChIJX7QsDWU4kpIRHHpxzDy1ZIo?authuser=0&hl=pt-BR&g_ep=EgoyMDI2MDkwOC4wIJJjKgBIAVAD&rclk=1,"https://www.google.com/maps?q=-3.2090207,-52.2243506",revisado,Revisar,sem contato,cadastur | google_maps | youtube | visitaltamira
atm_0402,Unidade Básica de Saúde do Nova Altamira,empresa,Hospital Público,saude,"Unidade Básica de Saúde do Nova Altamira, classificada como Hospital Público, está localizada em Altamira, PA. O endereço é Nova Altamira, Altamira - PA, 68371-604. Contato: (93) 3515-3929. Coordenadas: -3.174973, -52.1920804. (Fonte: google_maps, 2026-09-11)",Altamira,PA,Nova Altamira,,Pa,,"-3,174973","-52,1920804",(93) 3515-3929,,,,,,,,,,https://www.google.com/maps/place/Unidade+B%C3%A1sica+de+Sa%C3%BAde+do+Nova+Altamira/data=!4m7!3m6!1s0x9292394908cdf73b:0x5c4eb2fe8518aa35!8m2!3d-3.174973!4d-52.1920804!16s%2Fg%2F11lkhsf3k7!19sChIJO_fNCEk5kpIRNaoYhf6yTlw?authuser=0&hl=pt-BR&g_ep=EgoyMDI2MDkwOC4wIJJjKgBIAVAD&rclk=1,"https://www.google.com/maps?q=-3.174973,-52.1920804",revisado_com_pendencias,Revisar,pendências da fonte,cadastur | google_maps | youtube | visitaltamira
atm_0403,Hospital Materno Infantil de Altamira,empresa,Hospital infantil,saude,"Entidade turística consolidada: Hospital Materno Infantil de Altamira, classificado como Hospital infantil/saúde. Localizado em Altamira/PA, no bairro Jardim Independente I. Endereço: Av. Alacid Nunes, 932. Coordenadas e site disponíveis (Fonte: google_maps:298:83aba5d8ae, 2026-09-11). Necessita de confirmação de se é um ponto turístico.",Altamira,PA,Av. Alacid Nunes,932,Jardim Independente I,,"-3,2106526","-52,2235609",,,,http://altamira.pa.gov.br/,,,,,,,https://www.google.com/maps/place/Hospital+Materno+Infantil+de+Altamira/data=!4m7!3m6!1s0x929239b82d924db7:0x4ec0c91367291612!8m2!3d-3.2106526!4d-52.2235609!16s%2Fg%2F11l5fbst6b!19sChIJt02SLbg5kpIREhYpZxPJwE4?authuser=0&hl=pt-BR&g_ep=EgoyMDI2MDkwOC4wIJJjKgBIAVAD&rclk=1,"https://www.google.com/maps?q=-3.2106526,-52.2235609",revisado_com_pendencias,Revisar,pendências da fonte,cadastur | google_maps | youtube | visitaltamira
atm_0404,Hospital Cirúrgico de Altamira - Hca,empresa,Hospital particular,saude,"Consolidado o Hospital Cirúrgico de Altamira - HCA, localizado em Altamira/PA. O endereço é Av. Brg. Eduardo Gomes, 1653 - Esplanada do Xingu. Telefone: (93) 99165-7406. Categoria: Hospital particular. Coordenadas: Lat -3.2137352, Lon -52.2146421 (Fonte: google_maps, 2026-09-11). Pendências: Nenhuma.",Altamira,PA,Av. Brg. Eduardo Gomes,1653,Esplanada do Xingu,,"-3,2137352","-52,2146421",(93) 99165-7406,,,,,,,,,,https://www.google.com/maps/place/Hospital+Cir%C3%BArgico+de+Altamira+-+HCA/data=!4m7!3m6!1s0x929247007244789f:0xa1f3e5c7d51a8738!8m2!3d-3.2137352!4d-52.2146421!16s%2Fg%2F11w4c2yfxq!19sChIJn3hEcgBHkpIROIca1cfl86E?authuser=0&hl=pt-BR&g_ep=EgoyMDI2MDkwOC4wIJJjKgBIAVAD&rclk=1,"https://www.google.com/maps?q=-3.2137352,-52.2146421",revisado_com_pendencias,Revisar,pendências da fonte,cadastur | google_maps | youtube | visitaltamira | https://business.seminolebusiness.org/list/member/hca-florida-lake-monroe-hospital-150
atm_0405,Hospital Santo Agostinho,empresa,Hospital particular,saude,"Hospital Santo Agostinho, localizado em Altamira/PA, no bairro Jardim Iracema. O endereço é Alameda Polivalente, 2498. O contato é (93) 3515-1440. A fonte principal é o Google Maps, que também aponta um serviço de aquisição de leitos em notícia de fonte governamental.",Altamira,PA,Alameda Polivalente,2498,- Jardim Iracema,,"-3,210281","-52,2174178",(93) 3515-1440,,,,,,,,,,https://www.google.com/maps/place/Hospital+Santo+Agostinho/data=!4m7!3m6!1s0x929238721cc9e7f3:0xe26339ab927437c7!8m2!3d-3.210281!4d-52.2174178!16s%2Fg%2F11b6hnvmds!19sChIJ8-fJHHI4kpIRxzd0kqs5Y-I?authuser=0&hl=pt-BR&g_ep=EgoyMDI2MDkwOC4wIJJjKgBIAVAD&rclk=1,"https://www.google.com/maps?q=-3.210281,-52.2174178",revisado_com_pendencias,Revisar,pendências da fonte,cadastur | google_maps | youtube | visitaltamira | https://altamira.pa.gov.br/prefeitura-municipal-de-altamira-mpf-e-mppa-firmam-compromisso-para-combate-conjunto-a-covid-19/
atm_0406,Amazon Xingu Hotel,empresa,Hotéis,"Hotel, Sociedade Empresária Limitada","Amazon Xingu Hotel em Altamira/PA. É um hotel registrado no Cadastur, com serviços como 50 UHs e atendimento em Inglês. O endereço mais completo é da fonte Google Maps (Av. Djalma Dutra, 2081 - Centro). Contatos incluem telefone (93) 99147-6499 (Google Maps) e WhatsApp (visitaltamira). Possui informações de acessibilidade e necessita de reserva.",Altamira,PA,Av. Djalma Dutra,2081,Centro,,,,(93) 99147-6499,(93) 99147-6499,financeiro.axhotel@gmail.com,https://AMAZONXINGUHOTEL.COM.BR,,,50 UHs | 50 leitos | Atendimento: Inglês,"Acomodações acessíveis disponíveis (40 UHs acessíveis, 40 leitos acessíveis)",Sim,Regular - Certificado: 05215027000115 (Operação) - Validade: 2028-05-11,https://visitaltamira.com.br/pt/empresa/amazon-xingu-hotel,,revisado,Revisar,sem coordenadas,cadastur | google_maps | youtube | visitaltamira
atm_0407,Augustu's Hotel,empresa,Hotéis,,"Augustu's Hotel em Altamira/PA. Categoria: Hotéis. Endereço: Av. João Rodrigues, 555 - Esplanada do Xingu. Contato: (93) 99181-4505 (WhatsApp: https://wa.me/5593991814505). Possui 69 UHs e 108 leitos, necessita reserva. Fonte principal: VisitaAltamira (2026-09-11). Coordenadas de Google Maps usadas para endereço/telefone.",Altamira,PA,Av. João Rodrigues,555,Esplanada do Xingu,,,,(93) 99181-4505,(93) 99181-4505,augustuhotel4505@yahoo.com.br,,,,69 UHs | 108 leitos,,Sim,Regular - Certificado: 03222826000193 (Operação) - Validade: 2027-08-25,https://visitaltamira.com.br/pt/empresa/augustus-hotel,,revisado_com_pendencias,Revisar,sem coordenadas | pendências da fonte,cadastur | google_maps | youtube | visitaltamira
atm_0408,Bellonorte Hotel,empresa,Hotéis,"Hotel, Sociedade Empresária Limitada",Bellonorte Hotel em Altamira/PA. É um hotel registrado no Cadastur (Regular) com 20 UHs e 49 leitos. Contatos: Tel: (93)3515-7703; WhatsApp: +5593991964798. Possui site e e-mail. Oferece acomodações acessíveis e necessita de reserva. Coordenadas e endereço priorizados do cadastur/visitaltamira.,Altamira,PA,Dez de Novembro 530 Altamira Recreio Cep: 68371157 Pa,,,,,,(93)3515-7703,(93) 99196-4798,bellonortehotel@gmail.com,https://WWW.BELLONORTEHOTEL.COM.BR,,,20 UHs | 49 leitos | Atendimento: Português,"Acomodações acessíveis disponíveis (1 UHs acessíveis, 2 leitos acessíveis)",Sim,Regular - Certificado: 15710029000134 (Operação) - Validade: 2027-08-25,https://visitaltamira.com.br/pt/empresa/bellonorte-hotel,,revisado,Revisar,sem coordenadas,cadastur | google_maps | youtube | visitaltamira
atm_0409,Dallas Hotel Ii,empresa,Hotéis,,"Dallas Hotel II é um hotel em Altamira, PA. Possui contato via WhatsApp (https://wa.me/5593992085968) e Instagram (https://instagram.com/dallashotelpara). As coordenadas e imagens foram obtidas da fonte visitaltamira (2026-09-11). É descrito como uma hospedagem acolhedora e prática.",Altamira,PA,,,,,"-3,203748","-52,216935",,(93) 99208-5968,,,https://instagram.com/dallashotelpara,,,,,,https://visitaltamira.com.br/pt/empresa/dallas-hotel-ii,"https://www.google.com/maps?q=-3.203748,-52.216935",revisado,Revisar,sem endereço,cadastur | google_maps | youtube | visitaltamira
atm_0410,Dallas Hotel Premium,empresa,Hotéis,hospedagem,"Dallas Hotel Premium em Altamira/PA. Hospedagem elegante com foco em conforto e sofisticação. Endereço: Ac. Três, 1238 - Sudam I. Contatos: Tel (93) 99221-4232, WhatsApp e Instagram disponíveis. Site: http://www.dallashotelpa.com.br/. Coordenadas e fotos fornecidas por fontes distintas.",Altamira,PA,Ac. Três,1238,Sudam I,,"-3,20573","-52,219818",(93) 99221-4232,,,http://www.dallashotelpa.com.br/,https://instagram.com/dallashotelpara,,,,,,https://visitaltamira.com.br/pt/empresa/dallas-hotel-premium,"https://www.google.com/maps?q=-3.20573,-52.219818",revisado,Apto para conferência final,,cadastur | google_maps | youtube | visitaltamira
atm_0411,Garden Hotel,empresa,Hotéis,"Hotel, Sociedade Empresária Limitada","O GARDEN HOTEL é um hotel em Altamira/PA, registrado no Cadastur (Fonte: cadastur, Data: 2026-09-11). Possui 23 UHs e 50 leitos, com atendimento em Português. O endereço é RUA CASTELO S/N Castelo dos Sonhos. Contato: (93)9115-5358. Necessita reserva e está ativo (Regular). Email: GARDEN2023GARDEN@GMAIL.COM.",Altamira,PA,Rua Castelo,S/N,Castelo Dos Sonhos,,,,(93)9115-5358,,GARDEN2023GARDEN@GMAIL.COM,,,,23 UHs | 50 leitos | Atendimento: Português,,Sim,Regular - Certificado: 47323823000111 (Operação) - Validade: 2027-05-05,https://cadastur.turismo.gov.br/,,revisado_com_pendencias,Revisar,sem coordenadas | pendências da fonte,cadastur | google_maps | youtube | visitaltamira
atm_0412,Hotel Amazonas,empresa,Hotéis,"Hotel, Sociedade Empresária Limitada","Consolidado o HOTEL AMAZONAS de Altamira/PA, com dados do Cadastur (Fonte: cadastur:77:6b7236cb4b). É um hotel regular, com 25 UHs e 48 leitos. Endereço: Sete de Setembro - de 1351/1352 a 2189/2190 Altamira Centro. Contato: (93)3502-2379. Necessita reserva e possui e-mail cadastrado.",Altamira,PA,Sete de Setembro,,de 1351/1352 A 2189/2190 Altamira Centro Cep: 68371000 Pa,,,,(93)3502-2379,,jorgerodriguesjedlicka@hotmail.com,,,,25 UHs | 48 leitos,,Sim,Regular - Certificado: 05335897000128 (Operação) - Validade: 2027-04-28,https://cadastur.turismo.gov.br/,,revisado_com_pendencias,Revisar,sem coordenadas | pendências da fonte,cadastur | google_maps | youtube | visitaltamira
atm_0413,Hotel Niteroi,empresa,Hotéis,"Hotel, Sociedade Empresária Limitada",Hotel Niterói em Altamira/PA. É um prestador turístico formal (Cadastur) com 24 UHs e 28 leitos. Contato: (93) 99187-6778. Email: hotelniteroi.altamira@hotmail.com. Necessita reserva. (Fonte: cadastur:78:6b7236cb4b),Altamira,PA,João Rodrigues 1355 Altamira Premem Cep: 68372572 Pa,,,,,,(93)99187-6778,(93) 99187-6778,hotelniteroi.altamira@hotmail.com,,,,24 UHs | 28 leitos | Atendimento: Português,,Sim,Regular - Certificado: 05499092000110 (Operação) - Validade: 2027-09-29,https://cadastur.turismo.gov.br/,,revisado,Revisar,sem coordenadas,cadastur | google_maps | youtube | visitaltamira | https://icaraisuites.com.br/
atm_0414,Hotel Rillu's,empresa,Hotéis,"Flat/Apart-Hotel, Sociedade Empresária Limitada","HOTEL RILLU'S em Altamira/PA. É um hotel registrado no Cadastur (Regular) com 52 UHs e 93 leitos. O endereço é Sete de Setembro - de 1351/1352 a 2189/2190, Centro. Contato: (93)99952-6408. Possui site e e-mail. Acomodações acessíveis disponíveis. Necessita reserva.",Altamira,PA,Sete de Setembro,,de 1351/1352 A 2189/2190 Altamira Centro Cep: 68371000 Pa,,,,(93)99952-6408,(93) 99952-6408,contato.hotelrillo@gmail.com,https://www.rilloshotel.com.br,,,52 UHs | 93 leitos | Atendimento: Inglês,"Acomodações acessíveis disponíveis (1 UHs acessíveis, 2 leitos acessíveis)",Sim,Regular - Certificado: 12905728000141 (Operação) - Validade: 2027-08-25,https://cadastur.turismo.gov.br/,,revisado_com_pendencias,Revisar,sem coordenadas | pendências da fonte,cadastur | google_maps | youtube | visitaltamira
atm_0415,Hamara Soft Hotel I,empresa,Hotéis,,"HAMARA SOFT HOTEL em Altamira/PA. É um hotel registrado no Cadastur (ID: cadastur:105:6b7236cb4b) e possui informações detalhadas no Visitaltamira (ID: visitaltamira:94:320ea3a512). O endereço cadastrado é Av. Brigadeiro Eduardo Gomes De 2675 Até 3507. Contato: (93)9209-8172. Oferece 42 UHs e 64 leitos, e é necessário fazer reserva. Possui links de redes sociais e WhatsApp verificados.",Altamira,PA,Avenida Brigadeiro Eduardo Gomes de,2675,Até 3507 Altamira Esplanada do Xingú Cep: 68372005 Pa,,,,(93)9209-8172,,HAMARASOFTHOTEL2@GMAIL.COM,,,,42 UHs | 64 leitos | Atendimento: Português,,Sim,Regular - Certificado: 61349305000106 (Operação) - Validade: 2028-03-24,https://visitaltamira.com.br/pt/empresa/hamara-soft-hotel-i,,revisado_com_pendencias,Revisar,sem coordenadas | pendências da fonte,cadastur | google_maps | youtube | visitaltamira | https://www.solutudo.com.br/empresas/pa/altamira/hoteis/hamara-soft-hotel-2-22961807
atm_0416,Hamara Soft Hotel Ii,empresa,Hotéis,,"Hamara Soft Hotel II em Altamira/PA. A unidade é classificada como Hotel (visitaltamira:95:320ea3a512|categoria_principal) e possui contato via WhatsApp (visitaltamira:95:320ea3a512|whatsapp) e Instagram (visitaltamira:95:320ea3a512|instagram). O endereço mais completo encontrado é o de Google Maps (google_maps:60:83aba5d8ae|endereco). Foi priorizada a fonte 'visitaltamira' para nome e redes sociais, e 'google_maps' para endereço, devido à especificidade.",Altamira,PA,Av. Brg. Eduardo Gomes,2933,São Sebastiao,,,,,(93) 99209-8172,,,https://instagram.com/hamarahoteloficial,,,,,,https://visitaltamira.com.br/pt/empresa/hamara-soft-hotel-ii,,revisado,Revisar,sem coordenadas,cadastur | google_maps | youtube | visitaltamira | https://www.solutudo.com.br/empresas/pa/altamira/hoteis/hamara-soft-hotel-2-22961807
atm_0417,Hotel Castelo (Altamira),empresa,Hotéis,Luxo,"Hotel Castelo (Altamira) é um hotel de luxo em Altamira, PA, focado em turistas. O endereço registrado é Altamira, PA. A fonte é um vídeo do YouTube (2026-09-11).",Altamira,PA,,,,,,,,,,,,,Hospedagem,,,,https://www.youtube.com/watch?v=jrRdJw3TgLU,,revisado,Revisar,sem coordenadas | sem contato,cadastur | google_maps | youtube | visitaltamira
atm_0418,Hotel Rodoviária,empresa,Hotéis,Hospedagem,"Consolidado o Hotel Rodoviária em Altamira/PA. Utiliza o endereço completo e o telefone do Google Maps (Av. João Rodrigues, 1357 - Jardim Uirapuru, Altamira - PA, (93) 99216-2587). As coordenadas e o bairro foram priorizados da fonte do Google Maps, enquanto o nome e a categoria principal foram priorizados do YouTube, mantendo a coerência de dados entre fontes distintas.",Altamira,PA,Av. João Rodrigues,1357,Jardim Uirapuru,,"-3,2064657","-52,2214965",(93) 99216-2587,,,,,,,,,,https://www.google.com/maps/place/Hotel+Rodoviario/data=!4m10!3m9!1s0x9292386e89eac763:0x882af3357b5db84b!5m2!4m1!1i2!8m2!3d-3.2064657!4d-52.2214965!16s%2Fg%2F11cjk2y8rj!19sChIJY8fqiW44kpIRS7hdezXzKog?authuser=0&hl=pt-BR&g_ep=EgoyMDI2MDkwOC4wIJJjKgBIAVAD&rclk=1,"https://www.google.com/maps?q=-3.2064657,-52.2214965",revisado_com_pendencias,Revisar,pendências da fonte,cadastur | google_maps | youtube | visitaltamira
atm_0419,Hotel Xingu,empresa,Hotéis,hospedagem,"Hotel Xingu em Altamira/PA. É uma hospedagem tradicional, ideal para lazer e negócios. Possui endereço na Av. João Pessoa, Centro, e pode ser contatado via (93) 99152-0067. O site é http://xingu-hotel.webnode.com/. Possui WhatsApp e Instagram verificados pela fonte Visita Altamira.",Altamira,PA,Av. João Pessoa,1432,Centro,,"-3,206991","-52,206955",(93) 99152-0067,,,http://xingu-hotel.webnode.com/,,,Hospedagem,,,,https://visitaltamira.com.br/pt/empresa/hotel-xingu,"https://www.google.com/maps?q=-3.206991,-52.206955",revisado_com_pendencias,Revisar,pendências da fonte,cadastur | google_maps | youtube | visitaltamira
atm_0420,Pousada Paraiso Verde,empresa,Hotéis,"Hotel, Empresário Individual","Pousada Paraíso Verde, em Altamira/PA, é um hotel registrado no Cadastur (Regular). Endereço: RUA PADRE AURELIO CANZER 1000 Castelo dos Sonhos. Contato: (93)9201-7749. Oferece 40 UHs e 80 leitos, com atendimento em Português. Necessita reserva.",Altamira,PA,Rua Padre Aurelio Canzer,1000,Castelo Dos Sonhos,,,,(93)9201-7749,,CLEBERAUGUSTOBECKER@HOTMAIL.COM,,,,40 UHs | 80 leitos | Atendimento: Português,,Sim,Regular - Certificado: 34878249000116 (Operação) - Validade: 2027-05-05,https://cadastur.turismo.gov.br/,,revisado,Revisar,sem coordenadas,cadastur | google_maps | youtube | visitaltamira
atm_0421,Palace Hotel,empresa,Hotéis,,"Palace Hotel em Altamira/PA. É um hotel com 50 UHs e 145 leitos, necessitando reserva. Contatos incluem telefone (93)3515-2057 e email financeiro@palacehotelatm.com.br. O endereço mais completo é o de cadastur, e há links para WhatsApp e Instagram via visitaaltamira.",Altamira,PA,Av. Tancredo Neves,3093,Premem,,,,(93)3515-2057,,financeiro@palacehotelatm.com.br,https://www.palacehotelalt.com.br,,,50 UHs | 145 leitos,,Sim,Regular - Certificado: 06236230000130 (Operação) - Validade: 2027-05-16,https://visitaltamira.com.br/pt/empresa/palace-hotel,,revisado_com_pendencias,Revisar,sem coordenadas | pendências da fonte | possível duplicidade,cadastur | google_maps | youtube | visitaltamira
atm_0422,Recanto Analu Pousada,empresa,Hotéis,,"Recanto Analu Pousada é um hotel em Altamira, PA. Oferece um refúgio aconchegante com atendimento caloroso. Contatos e localização verificados pela fonte visitaltamira (2026-09-11). Coordenadas: -3.220215, -52.229435.",Altamira,PA,,,,,"-3,220215","-52,229435",,(93) 98812-3782,,,,,,,,,https://visitaltamira.com.br/pt/empresa/recanto-analu-pousada,"https://www.google.com/maps?q=-3.220215,-52.229435",revisado,Revisar,sem endereço,cadastur | google_maps | youtube | visitaltamira
atm_0423,Tropical Hotel,empresa,Hotéis,"Hotel, Empresário Individual","TROPICAL HOTEL é um hotel em Altamira/PA, registrado no Cadastur (Fonte: cadastur, Data: 2026-09-11). O endereço é Luís Né da Silva 3238 Altamira Sudam I. Possui 13 UHs e 13 leitos, sendo acessível. Contato: (93)9230-0797. Necessita reserva. Status Cadastur: Regular (Operação).",Altamira,PA,Luís Né da Silva 3238 Altamira Sudam I Cep: 68371363 Pa,,,,,,(93)9230-0797,,MCSANTOS.6797@GMAIL.COM,,,,13 UHs | 13 leitos,"Acomodações acessíveis disponíveis (13 UHs acessíveis, 13 leitos acessíveis)",Sim,Regular - Certificado: 47786606000168 (Operação) - Validade: 2026-07-30,https://cadastur.turismo.gov.br/,,revisado_com_pendencias,Revisar,sem coordenadas | pendências da fonte,cadastur | google_maps | youtube | visitaltamira
atm_0424,Vale do Xingu Hotel,empresa,Hotéis,,"Vale do Xingu Hotel em Altamira/PA. É um hotel com serviços de hospedagem, atende em Inglês e Português. Possui registro Cadastur (Regular) e oferece acomodações acessíveis. Contato via WhatsApp e site disponíveis. Endereço aproximado: Av. João Pessoa, 1360. Necessita reserva.",Altamira,PA,"Av. João Pessoa, 1360 -",,Centro,,,,(93) 99168-5252,(93) 99168-5252,administrativo@hotelvaledoxingu.com,https://www.hotelvaledoxingu.com,,,42 UHs | 65 leitos | Atendimento: Inglês|Português,"Acomodações acessíveis disponíveis (2 UHs acessíveis, 4 leitos acessíveis)",Sim,Regular - Certificado: 02989868000191 (Operação) - Validade: 2027-08-08,https://visitaltamira.com.br/pt/empresa/vale-do-xingu-hotel,,revisado_com_pendencias,Revisar,sem coordenadas | pendências da fonte,cadastur | google_maps | youtube | visitaltamira
atm_0425,Ilha do Maracujá,empresa,Ilhas,"Ecoturismo, Baía, Rio Xingu","Ilha do Maracujá é uma atração turística classificada como Ilha, localizada em Altamira/PA. É possível realizar passeios de barco e observação da natureza. O acesso é sugerido próximo ao Rio Xingu, em frente à orla de Altamira. Atrai turistas e aventureiros, com foco em Ecoturismo e Baía. (Fonte: youtube:252:1dcfa867f9, 2026-09-11)",Altamira,PA,"Rio Xingu, Em Frente À Orla de Altamira",,,,,,,,,,,,"Passeio de barco, observação da natureza",,,,https://www.youtube.com/watch?v=1jbwa6EXDT8,,revisado,Revisar,sem coordenadas | sem contato,cadastur | google_maps | youtube | visitaltamira
atm_0426,Rodoviária de Eldorado Dos Carajás,empresa,Infraestrutura de Transporte,Parada de Ônibus,"A Rodoviária de Eldorado dos Carajás, em Altamira/PA, é um ponto de infraestrutura de transporte para embarque e desembarque. O custo de passagem para Eldorado dos Carajás foi verificado em R$ 264 (Fonte: buson.com.br).",Altamira,PA,"Eldorado Dos Carajás, Pa",,,,,,,,,,,,Embarque e desembarque,,,,https://www.youtube.com/watch?v=t0RubEswseE,,revisado_com_pendencias,Revisar,sem coordenadas | sem contato | pendências da fonte,cadastur | google_maps | youtube | visitaltamira | https://www.buson.com.br/passagem-de-onibus/eldorado-dos-carajas-pa
atm_0427,Rodovia Transamazônica (Br-230),empresa,Infraestrutura/Rota de Acesso,"História, Desenvolvimento","A Rodovia Transamazônica (BR-230) é um roteiro de acesso e infraestrutura histórica em Altamira, PA. É ideal para viajantes e transportadores interessados em ecoturismo e história do Brasil. O acesso é possível, mas é recomendado verificar as condições da estrada. Não é necessário reserva prévia.",Altamira,PA,Sudoeste do Pará,,,,,,,,,,,,Acesso à região,,Não,,https://www.youtube.com/watch?v=t0RubEswseE,,revisado,Revisar,sem coordenadas | sem contato,cadastur | google_maps | youtube | visitaltamira | https://casalnaestrada.com.br/cidade-de-altamira-motivos-visitar-no-para/
atm_0428,Prédio da Funai Altamira,empresa,Institucional,"Cultura Indígena, Órgão Governamental","Prédio da FUNAI Altamira, localizado em Altamira/PA, é um órgão institucional focado em cultura indígena e questões fundiárias. Oferece atendimento institucional e é visível em vídeos do YouTube (fonte: youtube:122:1dcfa867f9, data: 2026-09-11). O endereço é geral para Altamira, Pará.",Altamira,PA,,,,"Altamira, Pará",,,,,,,,,Atendimento institucional,,,,https://www.youtube.com/watch?v=9fyjmOPYT0k,,revisado_com_pendencias,Revisar,sem coordenadas | sem contato | pendências da fonte,cadastur | google_maps | youtube | visitaltamira
atm_0429,Casa da Divina Providência,empresa,Instituição de Caridade,"Assistência Social, Apoio Comunitário","Casa da Divina Providência é uma instituição de caridade em Altamira, PA. Oferece acolhimento social para mulheres grávidas e doentes da zona rural, além de receber doações da comunidade. (Fonte: youtube:159:1dcfa867f9, 2026-09-11)",Altamira,PA,,,,,,,,,,,,,Acolhimento social e recepção de doações da comunidade.,,,,https://www.youtube.com/watch?v=xXCsODfw2Z8,,revisado,Revisar,sem coordenadas | sem contato,cadastur | google_maps | youtube | visitaltamira
atm_0430,Universidade Federal (Ufpa),empresa,Instituição de Ensino,"Educação, Campus Universitário","A Universidade Federal (UFPA) em Altamira/PA é uma instituição de ensino superior, focada em educação e acadêmicos. A informação foi extraída do YouTube (youtube:183:1dcfa867f9) em 2026-09-11.",Altamira,PA,,,,Altamira,,,,,,,,,"Ensino superior, educação",,,,https://www.youtube.com/watch?v=zKFg1IkNjZw,,revisado,Revisar,sem coordenadas | sem contato,cadastur | google_maps | youtube | visitaltamira
atm_0431,Chácara Paulista,empresa,Jardim,atrativos,"Chácara Paulista é um Jardim e atrativo localizado em Altamira, PA. O endereço é Av. Perimetral, 1469 - Jardim independente 1, Altamira - PA, 68371-286. As coordenadas são -3.2073205, -52.2237998 (Fonte: google_maps, 2026-09-11).",Altamira,PA,Av. Perimetral,1469,Jardim Independente 1,,"-3,2073205","-52,2237998",,,,,,,,,,,https://www.google.com/maps/place/Ch%C3%A1cara+Paulista/data=!4m7!3m6!1s0x9292390022a40b01:0x402af48969a0571f!8m2!3d-3.2073205!4d-52.2237998!16s%2Fg%2F11xrm2zl5p!19sChIJAQukIgA5kpIRH1egaYn0KkA?authuser=0&hl=pt-BR&g_ep=EgoyMDI2MDkwOC4wIJJjKgBIAVAD&rclk=1,"https://www.google.com/maps?q=-3.2073205,-52.2237998",revisado_com_pendencias,Revisar,sem contato | pendências da fonte,cadastur | google_maps | youtube | visitaltamira
atm_0432,Laboratório Popular de Altamira,empresa,Laboratório médico,farmacias,"Laboratório Popular de Altamira, um laboratório médico e farmácia localizado na Av. Djalma Dutra, 2347 - Centro, Altamira - PA. Contatos: (93) 99221-7653 e site http://www.laboratorioaltamira.com.br/. Coordenadas: -3.2086633, -52.2143113 (Fonte: google_maps, 2026-09-11).",Altamira,PA,Av. Djalma Dutra,2347,Centro,,"-3,2086633","-52,2143113",(93) 99221-7653,,,http://www.laboratorioaltamira.com.br/,,,,,,,https://www.google.com/maps/place/LABORAT%C3%93RIO+POPULAR+DE+ALTAMIRA/data=!4m7!3m6!1s0x9292478b5f575c7b:0xada5dc224b43c9f1!8m2!3d-3.2086633!4d-52.2143113!16s%2Fg%2F11h89hf1d0!19sChIJe1xXX4tHkpIR8clDSyLcpa0?authuser=0&hl=pt-BR&g_ep=EgoyMDI2MDkwOC4wIJJjKgBIAVAD&rclk=1,"https://www.google.com/maps?q=-3.2086633,-52.2143113",revisado,Apto para conferência final,,cadastur | google_maps | youtube | visitaltamira
atm_0433,Lagoa do Jabuté,empresa,Lagoas,"Ecoturismo, Águas Cristalinas, Natureza","Lagoa do Jabuté é uma atração de natureza em Altamira/PA, classificada como Lagoa. Oferece banho e contemplação, sendo ideal para aventureiros e amantes da natureza. A beleza da água é um destaque, conforme evidenciado em vídeo de 11/09/2026.",Altamira,PA,,,,,,,,,,,,,"Banho de lagoa, contemplação de natureza",,,,https://www.youtube.com/watch?v=XyvU3rm_vYY,,revisado,Revisar,sem coordenadas | sem contato,cadastur | google_maps | youtube | visitaltamira
atm_0434,Lago de Belo Monte,empresa,Lagos e Represas,"Hidrelétrica de Belo Monte, Esportes Aquáticos","Entidade turística: Lago de Belo Monte, localizado em Altamira/PA. É classificado como Lagos e Represas, com atividades secundárias em Hidrelétrica de Belo Monte e Esportes Aquáticos. O local oferece atividades esportivas, conforme evidenciado por um vídeo do YouTube (2026-09-11). O endereço é na Região de Altamira.",Altamira,PA,Região de Altamira,,,,,,,,,,,,Atividades esportivas,,,,https://www.youtube.com/watch?v=8uF_f4Ztp5A,,revisado,Revisar,sem coordenadas | sem contato,cadastur | google_maps | youtube | visitaltamira
atm_0435,Dia E Noite,empresa,Lanchonete,alimentacao,"Entidade turística 'Dia e Noite', classificada como Lanchonete/alimentação, localizada em Altamira/PA. O endereço completo é R. Luís Né da Silva, 724-782 - Perpétuo Socorro, Altamira - PA, 68371-363. Coordenadas e dados extraídos do Google Maps (2026-09-11).",Altamira,PA,"R. Luís Né da Silva, 724-782",,Perpétuo Socorro,,"-3,2060118","-52,2209282",,,,,,,,,,,https://www.google.com/maps/place/Dia+e+Noite/data=!4m7!3m6!1s0x92923868d1731937:0x86ea15bee089be74!8m2!3d-3.2060118!4d-52.2209282!16s%2Fg%2F11bz0st1tg!19sChIJNxlz0Wg4kpIRdL6J4L4V6oY?authuser=0&hl=pt-BR&g_ep=EgoyMDI2MDkwOC4wIJJjKgBIAVAD&rclk=1,"https://www.google.com/maps?q=-3.2060118,-52.2209282",revisado_com_pendencias,Revisar,sem contato | pendências da fonte,cadastur | google_maps | youtube | visitaltamira
atm_0436,Heróis Hamburgueria,empresa,Lanchonete,alimentacao,"Entidade turística consolidada: Heróis hamburgueria, uma lanchonete de alimentação em Altamira/PA, localizada no Centro. O endereço é Av. Djalma Dutra - Centro, e o contato é (93) 98424-9508. Coordenadas e site (iFood) foram obtidos via Google Maps (2026-09-11).",Altamira,PA,Av. Djalma Dutra,,Centro,,"-3,2040966","-52,211083",(93) 98424-9508,,,https://www.ifood.com.br/delivery/altamira-pa/heros-burguer-centro/15cb80a4-e600-40e0-acf1-ea47d517bfd3?utm_medium=share,,,,,,,https://www.google.com/maps/place/Her%C3%B3is+hamburgueria/data=!4m7!3m6!1s0x9292395b041aba3f:0x872d41b06b6273dd!8m2!3d-3.2040966!4d-52.211083!16s%2Fg%2F11mlqmd4f3!19sChIJP7oaBFs5kpIR3XNia7BBLYc?authuser=0&hl=pt-BR&g_ep=EgoyMDI2MDkwOC4wIJJjKgBIAVAD&rclk=1,"https://www.google.com/maps?q=-3.2040966,-52.211083",revisado,Apto para conferência final,,cadastur | google_maps | youtube | visitaltamira
atm_0437,Ki-Sabor,empresa,Lanchonete,alimentacao,"KI-SABOR é uma lanchonete de alimentação localizada na Tv. Agrário Cavalcante, 479 - Centro, Altamira - PA, 68371-159. O contato é (93) 99205-9475. As coordenadas são -3.2076549, -52.2130216 (Fonte: google_maps, 2026-09-11).",Altamira,PA,Tv. Agrário Cavalcante,479,Centro,,"-3,2076549","-52,2130216",(93) 99205-9475,,,,,,,,,,https://www.google.com/maps/place/KI-SABOR/data=!4m7!3m6!1s0x929239007b612f0f:0xecb8306d7c6c7dfc!8m2!3d-3.2076549!4d-52.2130216!16s%2Fg%2F11w20pz4w7!19sChIJDy9hewA5kpIR_H1sfG0wuOw?authuser=0&hl=pt-BR&g_ep=EgoyMDI2MDkwOC4wIJJjKgBIAVAD&rclk=1,"https://www.google.com/maps?q=-3.2076549,-52.2130216",revisado_com_pendencias,Revisar,pendências da fonte,cadastur | google_maps | youtube | visitaltamira
atm_0438,Lanchonete Pérola Negra,empresa,Lanchonete,alimentacao,"A entidade Lanchonete Pérola Negra foi consolidada usando dados do Google Maps. O endereço é Tv. Agrário Cavalcante, 2-126 - Recreio, Altamira - PA, CEP 68371-025. A categoria principal é Lanchonete, e as coordenadas são -3.2074343, -52.2133526. Não foi possível confirmar telefone ou e-mail com maior confiança.",Altamira,PA,"Tv. Agrário Cavalcante, 2-126",,Recreio,,"-3,2074343","-52,2133526",,,,,,,,,,,https://www.google.com/maps/place/Lanchonete+P%C3%A9rola+Negra/data=!4m7!3m6!1s0x92923912c2998209:0x6898c0cb42ac01f4!8m2!3d-3.2074343!4d-52.2133526!16s%2Fg%2F11fnqw8mt5!19sChIJCYKZwhI5kpIR9AGsQsvAmGg?authuser=0&hl=pt-BR&g_ep=EgoyMDI2MDkwOC4wIJJjKgBIAVAD&rclk=1,"https://www.google.com/maps?q=-3.2074343,-52.2133526",revisado_com_pendencias,Revisar,sem contato | pendências da fonte,cadastur | google_maps | youtube | visitaltamira | https://www.solutudo.com.br/empresas/pa/altamira/lanches-lanchonetes/maria-do-socorro-rodrigues-gomes-9843904
atm_0439,Na Chapa A Arte de Fazer O Melhor,empresa,Lanchonete,alimentacao,"Entidade turística consolidada: NA CHAPA A ARTE DE FAZER O MELHOR, classificada como Lanchonete/alimentação. Localizada em Altamira/PA, no bairro Sudam I. Endereço: Tv. Pedro Gomes, 1350 - Sudam I, Altamira - PA, 68371-105. Contato: (93) 99137-6170. Coordenadas e dados obtidos via Google Maps (2026-09-11).",Altamira,PA,Tv. Pedro Gomes,1350,Sudam I,,"-3,2056034","-52,2186427",(93) 99137-6170,,,,,,,,,,https://www.google.com/maps/place/NA+CHAPA+A+ARTE+DE+FAZER+O+MELHOR/data=!4m7!3m6!1s0x9292396f720984ab:0x90ef7f719e7eecf3!8m2!3d-3.2056034!4d-52.2186427!16s%2Fg%2F11n5qs5ktq!19sChIJq4QJcm85kpIR8-x-nnF_75A?authuser=0&hl=pt-BR&g_ep=EgoyMDI2MDkwOC4wIJJjKgBIAVAD&rclk=1,"https://www.google.com/maps?q=-3.2056034,-52.2186427",revisado,Apto para conferência final,,cadastur | google_maps | youtube | visitaltamira
atm_0440,Pizzaria Sabores,empresa,Lanchonete,alimentacao,"Pizzaria sabores é uma lanchonete de alimentação localizada em São Joaquim, Altamira - PA. O endereço é R. Erva Doce, e o contato é (93) 99180-8314. As coordenadas são -3.1986013, -52.2299583 (Fonte: google_maps, 2026-09-11).",Altamira,PA,R. Erva Doce,,São Joaquim,,"-3,1986013","-52,2299583",(93) 99180-8314,,,,,,,,,,https://www.google.com/maps/place/Pizzaria+sabores/data=!4m7!3m6!1s0x929239de55cbe193:0x2da0bc5e579655fa!8m2!3d-3.1986013!4d-52.2299583!16s%2Fg%2F11fpsnjp3x!19sChIJk-HLVd45kpIR-lWWV168oC0?authuser=0&hl=pt-BR&g_ep=EgoyMDI2MDkwOC4wIJJjKgBIAVAD&rclk=1,"https://www.google.com/maps?q=-3.1986013,-52.2299583",revisado_com_pendencias,Revisar,pendências da fonte,cadastur | google_maps | youtube | visitaltamira
atm_0441,Pizzas E Lanches Mano A Mano,empresa,Lanchonete,alimentacao,"Entidade turística consolidada: Pizzas e Lanches Mano a Mano, classificada como Lanchonete/alimentação em Altamira/PA. O endereço é R. Joaquim Avelino, 447-537 - Brasília, Altamira - PA, 68375-049. Contato: (93) 99115-4931. Coordenadas e dados extraídos do Google Maps (2026-09-11). Pendência: O bairro registrado é '537', que pode ser um erro de digitação ou identificação do CEP/número.",Altamira,PA,"R. Joaquim Avelino, 447-537",,Brasília,,"-3,1942549","-52,2131518",(93) 99115-4931,,,,,,,,,,https://www.google.com/maps/place/Pizzas+e+Lanches+Mano+a+Mano/data=!4m7!3m6!1s0x92923847fad46e91:0xf4fc05ce9272928c!8m2!3d-3.1942549!4d-52.2131518!16s%2Fg%2F11csrrvv2t!19sChIJkW7U-kc4kpIRjJJyks4F_PQ?authuser=0&hl=pt-BR&g_ep=EgoyMDI2MDkwOC4wIJJjKgBIAVAD&rclk=1,"https://www.google.com/maps?q=-3.1942549,-52.2131518",revisado_com_pendencias,Revisar,pendências da fonte,cadastur | google_maps | youtube | visitaltamira
atm_0442,Revenda Pamonha A Mió do Goiás,empresa,Lanchonete,alimentacao,"Revenda Pamonha a mió do Goiás é uma lanchonete de alimentação localizada em Altamira, PA. O endereço é Av. Perimetral - Altamira, PA, 68372-185. Contato: (93) 99160-2593. Coordenadas: -3.2060809, -52.222311 (Fonte: google_maps:353:83aba5d8ae, 2026-09-11).",Altamira,PA,Av. Perimetral -,,,,"-3,2060809","-52,222311",(93) 99160-2593,,,,,,,,,,https://www.google.com/maps/place/Revenda+Pamonha+a+mi%C3%B3+do+Goi%C3%A1s/data=!4m7!3m6!1s0x92923994a132178d:0x9318ff490944d119!8m2!3d-3.2060809!4d-52.222311!16s%2Fg%2F11zh2hds79!19sChIJjRcyoZQ5kpIRGdFECUn_GJM?authuser=0&hl=pt-BR&g_ep=EgoyMDI2MDkwOC4wIJJjKgBIAVAD&rclk=1,"https://www.google.com/maps?q=-3.2060809,-52.222311",revisado,Apto para conferência final,,cadastur | google_maps | youtube | visitaltamira
atm_0443,Saborear Restaurante E Lanchonete,empresa,Lanchonete,alimentacao,"Entidade turística consolidada: Saborear Restaurante e lanchonete, classificada como Lanchonete/alimentação. Localizada no Centro, Altamira - PA. Endereço: R. Manoel Umbuzeiro - Centro, Altamira - PA, 68371-000. Coordenadas: Lat -3.2067333, Lon -52.2144916 (Fonte: google_maps, 2026-09-11).",Altamira,PA,R. Manoel Umbuzeiro,,Centro,,"-3,2067333","-52,2144916",,,,,,,,,,,https://www.google.com/maps/place/Saborear+Restaurante+e+lanchonete/data=!4m7!3m6!1s0x9292390069c0636d:0x8707c9d08eb2fae1!8m2!3d-3.2067333!4d-52.2144916!16s%2Fg%2F11vwgm6y50!19sChIJbWPAaQA5kpIR4fqyjtDJB4c?authuser=0&hl=pt-BR&g_ep=EgoyMDI2MDkwOC4wIJJjKgBIAVAD&rclk=1,"https://www.google.com/maps?q=-3.2067333,-52.2144916",revisado_com_pendencias,Revisar,sem contato | pendências da fonte,cadastur | google_maps | youtube | visitaltamira
atm_0444,Salgado do Abençoado,empresa,Lanchonete,alimentacao,"Entidade turística 'Salgado do Abençoado' identificada como Lanchonete em Altamira/PA. O endereço é Av. Alacid Nunes, e as coordenadas foram obtidas via Google Maps (2026-09-11). Todas as informações são consistentes com a fonte única disponível.",Altamira,PA,Av. Alacid Nunes -,,Av. Alacid Nunes,,"-3,2082482","-52,2159375",,,,,,,,,,,https://www.google.com/maps/place/Salgado+do+Aben%C3%A7oado/data=!4m7!3m6!1s0x929239e253584333:0xeeaa58d361ed1a4e!8m2!3d-3.2082482!4d-52.2159375!16s%2Fg%2F11rnxzn8kc!19sChIJM0NYU-I5kpIRThrtYdNYqu4?authuser=0&hl=pt-BR&g_ep=EgoyMDI2MDkwOC4wIJJjKgBIAVAD&rclk=1,"https://www.google.com/maps?q=-3.2082482,-52.2159375",revisado,Revisar,sem contato,cadastur | google_maps | youtube | visitaltamira
atm_0445,Alfa Lava Jato,empresa,Lava-rápido,combustivel,"A entidade ""Alfa Lava Jato"" foi consolidada usando os dados da ocorrência mais específica (google_maps:590:83aba5d8ae). O local é um lava-rápido em Altamira-PA, localizado na Av. João Rodrigues, 950, com telefone (93) 99137-3897. As coordenadas e o endereço são específicos desta fonte.",Altamira,PA,Av. João Rodrigues,950,Perpétuo Socorro,,"-3,2084279","-52,2189246",(93) 99137-3897,,,,,,,,,,https://www.google.com/maps/place/LAVA+JATO+TOCANTINS/data=!4m7!3m6!1s0x9292397949d556d1:0x9229391b7bb8c84d!8m2!3d-3.2058572!4d-52.2201881!16s%2Fg%2F11swl_rkj9!19sChIJ0VbVSXk5kpIRTci4exs5KZI?authuser=0&hl=pt-BR&g_ep=EgoyMDI2MDkwOC4wIJJjKgBIAVAD&rclk=1,"https://www.google.com/maps?q=-3.2084279,-52.2189246",revisado_com_pendencias,Revisar,pendências da fonte,cadastur | google_maps | youtube | visitaltamira
atm_0446,Harley Centro de Estética Automotiva,empresa,Lava-rápido,,"Entidade turística consolidada como HARLEY Centro de Estética Automotiva, um lava-rápido em Altamira-PA. O endereço é Trav. Indentende - R. Intendente Floriano, N° 2182 - Perpétuo Socorro. Contato: (93) 99243-3712. Coordenadas e dados de fonte única (google_maps:591:83aba5d8ae) foram priorizados.",Altamira,PA,R. Intendente Floriano,2182,Perpétuo Socorro,,"-3,2062821","-52,2172966",(93) 99243-3712,,,,,,,,,,https://www.google.com/maps/place/HARLEY+Centro+de+Est%C3%A9tica+Automotiva/data=!4m7!3m6!1s0x929239628ab506f7:0x67fa968090c3d16c!8m2!3d-3.2062821!4d-52.2172966!16s%2Fg%2F11hn6c2jr_!19sChIJ9wa1imI5kpIRbNHDkICW-mc?authuser=0&hl=pt-BR&g_ep=EgoyMDI2MDkwOC4wIJJjKgBIAVAD&rclk=1,"https://www.google.com/maps?q=-3.2062821,-52.2172966",revisado_com_pendencias,Revisar,pendências da fonte,cadastur | google_maps | youtube | visitaltamira | https://avaliacoesbrasil.com/agencia-de-aluguel-de-carros/boa-vista/lava-jato-new-prime-estetica-a/
atm_0447,Lava Jato Tocantins,empresa,Lava-rápido,combustivel,"Consolidado o registro 'LAVA JATO TOCANTINS' (google_maps:582:83aba5d8ae) como a entidade principal, utilizando seu nome, categoria, endereço e coordenadas. O telefone e site foram extraídos de uma ocorrência secundária (google_maps:594:83aba5d8ae) por serem os únicos disponíveis para esses campos. A unidade está localizada em Altamira-PA.",Altamira,PA,Perpétuo Socorro,,Pa,,"-3,2058572","-52,2201881",(93) 99126-5666,,,http://wa.me/5593991265666,,,,,,,https://www.google.com/maps/place/LAVA+JATO+TOCANTINS/data=!4m7!3m6!1s0x9292397949d556d1:0x9229391b7bb8c84d!8m2!3d-3.2058572!4d-52.2201881!16s%2Fg%2F11swl_rkj9!19sChIJ0VbVSXk5kpIRTci4exs5KZI?authuser=0&hl=pt-BR&g_ep=EgoyMDI2MDkwOC4wIJJjKgBIAVAD&rclk=1,"https://www.google.com/maps?q=-3.2058572,-52.2201881",revisado_com_pendencias,Revisar,pendências da fonte,cadastur | google_maps | youtube | visitaltamira
atm_0448,Lava Jato Perimentral | Lavagem Automotiva,empresa,Lava-rápido,,"Entidade turística consolidada: Lava Jato Perimentral | Lavagem Automotiva. Localizada em Altamira, PA. Categoria principal: Lava-rápido. Endereço: Jardim independente 1, Altamira - PA, 68374-276. Contato: (93) 99126-5666. Coordenadas: Lat -3.2077795, Lon -52.2246101. Fonte principal: Google Maps (2026-09-11).",Altamira,PA,Jardim Independente,1,,,"-3,2077795","-52,2246101",(93) 99126-5666,,,http://wa.me/5593991265666,,,,,,,https://www.google.com/maps/place/Lava+Jato+Perimentral+%7C+Lavagem+Automotiva/data=!4m7!3m6!1s0x929239fceecf67b3:0x6826221154d28e69!8m2!3d-3.2077795!4d-52.2246101!16s%2Fg%2F11pvmt4g6z!19sChIJs2fP7vw5kpIRaY7SVBEiJmg?authuser=0&hl=pt-BR&g_ep=EgoyMDI2MDkwOC4wIJJjKgBIAVAD&rclk=1,"https://www.google.com/maps?q=-3.2077795,-52.2246101",revisado_com_pendencias,Revisar,pendências da fonte,cadastur | google_maps | youtube | visitaltamira | https://magicpin.com/brazil/Altamira/Altamira/Autocare/Lava-Jato-Perimentral-%7C-Lavagem-Automotiva/store/2a03719
atm_0449,Lava Jato Vipcar,empresa,Lava-rápido,combustivel,"A entidade ""Lava Jato Vipcar"" foi consolidada usando os dados da ocorrência mais específica (ID: google_maps:592:83aba5d8ae). O local é um lava-rápido em Altamira-PA, com endereço em R. Manoel Umbuzeiro, 856-1054 - Centro. Contatos e coordenadas foram extraídos desta fonte, que também fornece um site específico.",Altamira,PA,"R. Manoel Umbuzeiro, 856-1054",,Centro,,"-3,2065777","-52,2143965",(93) 99153-9611,,,https://lavajatovipcar.negocio.site/?utm_source=gmb&utm_medium=referral,,,,,,,https://www.google.com/maps/place/LAVA+JATO+TOCANTINS/data=!4m7!3m6!1s0x9292397949d556d1:0x9229391b7bb8c84d!8m2!3d-3.2058572!4d-52.2201881!16s%2Fg%2F11swl_rkj9!19sChIJ0VbVSXk5kpIRTci4exs5KZI?authuser=0&hl=pt-BR&g_ep=EgoyMDI2MDkwOC4wIJJjKgBIAVAD&rclk=1,"https://www.google.com/maps?q=-3.2065777,-52.2143965",revisado_com_pendencias,Revisar,pendências da fonte,cadastur | google_maps | youtube | visitaltamira
atm_0450,Lavacarr,empresa,Lava-rápido,combustivel,"LavaCarr é um lava-rápido localizado em Altamira, PA, no bairro Mutirão. O endereço é Av. Um - Mutirão, e o contato é (93) 99125-8306. As informações foram extraídas do Google Maps em 11/09/2026.",Altamira,PA,Av. Um,,Mutirão,,"-3,2044955","-52,2127944",(93) 99125-8306,,,,,,,,,,https://www.google.com/maps/place/LavaCarr/data=!4m7!3m6!1s0x9292386b2dfe50bf:0x41af243110e8980e!8m2!3d-3.2044955!4d-52.2127944!16s%2Fg%2F11f3f99zcr!19sChIJv1D-LWs4kpIRDpjoEDEkr0E?authuser=0&hl=pt-BR&g_ep=EgoyMDI2MDkwOC4wIJJjKgBIAVAD&rclk=1,"https://www.google.com/maps?q=-3.2044955,-52.2127944",revisado,Apto para conferência final,,cadastur | google_maps | youtube | visitaltamira
atm_0451,Quadras de Esportes da Orla,ponto_turistico,Lazer,"Esportes, Futebol de Areia, Basquete, Futsal","Quadras de Esportes da Orla em Altamira/PA, local de lazer com quadras para futebol, futsal, basquete e futebol de areia. O endereço é na Orla de Altamira, PA. A fonte primária é um vídeo do YouTube (2026-09-11).",Altamira,PA,"Orla de Altamira, Pará",,,,,,,,,,,,Prática de esportes,,,,https://www.youtube.com/watch?v=RkgTeXobqGU,,revisado,Revisar,sem coordenadas | sem contato,cadastur | google_maps | youtube | visitaltamira | https://orlasportsbar.webquadras.com.br/ | https://www.locaisdobrasil.com.br/encontre/quadra-de-esportes-perto-de-mim-em-altamira-pa
atm_0452,Aabb - Assosiaçao Altletica Banco do Brasil,empresa,Local para eventos,atrativos,"A AABB - Assosiaçao Altletica Banco do Brasil é um local para eventos e atrativo em Altamira/PA. O endereço é Rod. Ernesto Aciole - Boa Esperança, e o contato é (93) 99189-5088. Coordenadas: -3.191495, -52.1938948 (Fonte: google_maps, 2026-09-11).",Altamira,PA,Rod. Ernesto Aciole,,Boa Esperança,,"-3,191495","-52,1938948",(93) 99189-5088,,,,,,,,,,https://www.google.com/maps/place/AABB+-+Assosia%C3%A7ao+Altletica+Banco+do+Brasil/data=!4m7!3m6!1s0x9292382857ec18bb:0x79df4059d98fa305!8m2!3d-3.191495!4d-52.1938948!16s%2Fg%2F11bztg1rqh!19sChIJuxjsVyg4kpIRBaOP2VlA33k?authuser=0&hl=pt-BR&g_ep=EgoyMDI2MDkwOC4wIJJjKgBIAVAD&rclk=1,"https://www.google.com/maps?q=-3.191495,-52.1938948",revisado_com_pendencias,Revisar,pendências da fonte,cadastur | google_maps | youtube | visitaltamira
atm_0453,Chácara Barraws,empresa,Local para eventos,atrativos,"A entidade turística Chácara Barraws foi consolidada com dados de Google Maps (ID: 466:83aba5d8ae). A categoria principal é 'Local para eventos', localizada em Altamira/PA, no bairro Liberdade. O endereço é Rod. Transamazônica, 100, e o telefone é (93) 99184-8222. Coordenadas e informações de contato são consistentes com esta fonte.",Altamira,PA,Rod. Transamazônica,100,Liberdade,,"-3,1902351","-52,223728",(93) 99184-8222,,,,,,,,,,https://www.google.com/maps/place/Ch%C3%A1cara+Barraws/data=!4m7!3m6!1s0x929239e9c02d87bf:0xb21f244b06621c5b!8m2!3d-3.1902351!4d-52.223728!16s%2Fg%2F11s75qg5kd!19sChIJv4ctwOk5kpIRWxxiBkskH7I?authuser=0&hl=pt-BR&g_ep=EgoyMDI2MDkwOC4wIJJjKgBIAVAD&rclk=1,"https://www.google.com/maps?q=-3.1902351,-52.223728",revisado,Apto para conferência final,,cadastur | google_maps | youtube | visitaltamira
atm_0454,Chácara Kayçara,empresa,Local para eventos,atrativos,"Chácara Kayçara é um local para eventos em Altamira, PA. O endereço é Estr. da Cachoeirinha - Montes Santos, e pode ser contatado pelo telefone (93) 99187-4848. O site oficial é via Instagram (google_maps:501:83aba5d8ae|site). As coordenadas são -3.1561233, -52.2608408 (google_maps:501:83aba5d8ae|latitude, google_maps:501:83aba5d8ae|longitude).",Altamira,PA,Estr. da Cachoeirinha,,Montes Santos,,"-3,1561233","-52,2608408",(93) 99187-4848,,,https://www.instagram.com/chacarakaycara,,,,,,,https://www.google.com/maps/place/Ch%C3%A1cara+Kay%C3%A7ara/data=!4m7!3m6!1s0x929239b90a9d9b75:0xeabfee1ed121a1ff!8m2!3d-3.1561233!4d-52.2608408!16s%2Fg%2F11fqc5jg70!19sChIJdZudCrk5kpIR_6Eh0R7uv-o?authuser=0&hl=pt-BR&g_ep=EgoyMDI2MDkwOC4wIJJjKgBIAVAD&rclk=1,"https://www.google.com/maps?q=-3.1561233,-52.2608408",revisado_com_pendencias,Revisar,pendências da fonte,cadastur | google_maps | youtube | visitaltamira
atm_0455,Chácara Maná,empresa,Local para eventos,atrativos,"Chácara Maná é um local para eventos e atrativo em Altamira, PA. O endereço é Rua Curimatá, 84, e o contato é (93) 99190-3431. As coordenadas são -3.1554486, -52.1593536 (Fonte: google_maps, 2026-09-11).",Altamira,PA,Rua Curimatá,84,-,,"-3,1554486","-52,1593536",(93) 99190-3431,,,,,,,,,,https://www.google.com/maps/place/Ch%C3%A1cara+Man%C3%A1/data=!4m7!3m6!1s0x9292472da6f8800f:0xd038904c22422761!8m2!3d-3.1554486!4d-52.1593536!16s%2Fg%2F11vrc5jwsb!19sChIJD4D4pi1HkpIRYSdCIkyQONA?authuser=0&hl=pt-BR&g_ep=EgoyMDI2MDkwOC4wIJJjKgBIAVAD&rclk=1,"https://www.google.com/maps?q=-3.1554486,-52.1593536",revisado_com_pendencias,Revisar,pendências da fonte,cadastur | google_maps | youtube | visitaltamira
atm_0456,Chácara Recanto da Família,empresa,Local para eventos,atrativos,"Chácara Recanto da Família é um local para eventos e atrativo em Altamira, PA. O endereço é Altamira, PA, com coordenadas -3.156022, -52.1586633 (Fonte: google_maps, 2026-09-11).",Altamira,PA,,,,,"-3,156022","-52,1586633",,,,,,,,,,,https://www.google.com/maps/place/Ch%C3%A1cara+Recanto+da+Fam%C3%ADlia/data=!4m7!3m6!1s0x929237000e4ba625:0xf9a589c9246f3423!8m2!3d-3.156022!4d-52.1586633!16s%2Fg%2F11mm1ng2g7!19sChIJJaZLDgA3kpIRIzRvJMmJpfk?authuser=0&hl=pt-BR&g_ep=EgoyMDI2MDkwOC4wIJJjKgBIAVAD&rclk=1,"https://www.google.com/maps?q=-3.156022,-52.1586633",revisado_com_pendencias,Revisar,sem contato | pendências da fonte,cadastur | google_maps | youtube | visitaltamira
atm_0457,Chácara Silva,empresa,Local para eventos,atrativos,"Chácara Silva é um local para eventos em Altamira, PA. O endereço é Nova Altamira, Altamira - PA. As coordenadas são -3.1750681, -52.1829299 (Fonte: google_maps, 2026-09-11). A categoria secundária é 'atrativos'.",Altamira,PA,Nova Altamira,,Pa,,"-3,1750681","-52,1829299",,,,,,,,,,,https://www.google.com/maps/place/Ch%C3%A1cara+Silva/data=!4m7!3m6!1s0x92923739c186c73b:0xb2f1c80fb851f526!8m2!3d-3.1750681!4d-52.1829299!16s%2Fg%2F11s8hm31hn!19sChIJO8eGwTk3kpIRJvVRuA_I8bI?authuser=0&hl=pt-BR&g_ep=EgoyMDI2MDkwOC4wIJJjKgBIAVAD&rclk=1,"https://www.google.com/maps?q=-3.1750681,-52.1829299",revisado_com_pendencias,Revisar,sem contato | pendências da fonte,cadastur | google_maps | youtube | visitaltamira
atm_0458,Clube Kalhambeque Maluco,empresa,Local para eventos,atrativos,"Clube Kalhambeque Maluco, um local para eventos e atrativo, está localizado em Altamira/PA. O endereço é Travessa Camila - Mexicano, e o contato é (93) 99171-1834. Coordenadas e dados extraídos do Google Maps (2026-09-11).",Altamira,PA,Travessa Camila,,Mexicano,,"-3,2645895","-52,241097",(93) 99171-1834,,,,,,,,,,https://www.google.com/maps/place/Clube+Kalhambeque+Maluco/data=!4m7!3m6!1s0x929247a08702e055:0x8b174bb8496977c1!8m2!3d-3.2645895!4d-52.241097!16s%2Fg%2F11z94pmq17!19sChIJVeACh6BHkpIRwXdpSbhLF4s?authuser=0&hl=pt-BR&g_ep=EgoyMDI2MDkwOC4wIJJjKgBIAVAD&rclk=1,"https://www.google.com/maps?q=-3.2645895,-52.241097",revisado,Apto para conferência final,,cadastur | google_maps | youtube | visitaltamira
atm_0459,Espaço Cabana,empresa,Local para eventos,atrativos,"Entidade consolidada como Espaço Cabana, um local para eventos em Altamira-PA, situado no bairro Buriti. O endereço é R. C29 - Buriti, Altamira - PA, e o contato telefônico é (93) 99240-5175. As coordenadas são -3.2395448, -52.2715975. A fonte primária é o Google Maps.",Altamira,PA,R. C29,,Buriti,,"-3,2395448","-52,2715975",(93) 99240-5175,,,,,,,,,,https://www.google.com/maps/place/Espa%C3%A7o+Cabana/data=!4m7!3m6!1s0x929247342fb554e5:0x8b557c7038e3eee4!8m2!3d-3.2395448!4d-52.2715975!16s%2Fg%2F11f0kxr46x!19sChIJ5VS1LzRHkpIR5O7jOHB8VYs?authuser=0&hl=pt-BR&g_ep=EgoyMDI2MDkwOC4wIJJjKgBIAVAD&rclk=1,"https://www.google.com/maps?q=-3.2395448,-52.2715975",revisado,Apto para conferência final,,cadastur | google_maps | youtube | visitaltamira | https://www.airbnb.pt/altamira-colombia/stays
atm_0460,Rancho Sebastião Lúcio de Oliveira,empresa,Local para eventos,atrativos,"Rancho Sebastião Lúcio De Oliveira é um local para eventos e atrativo em Altamira, PA. O endereço é Perpétuo Socorro, e pode ser contatado pelo telefone (93) 99171-0563. As coordenadas são -3.1971244, -52.225714. O site fornecido é um link do Facebook (google_maps:460:83aba5d8ae|site).",Altamira,PA,Perpétuo Socorro,,Pa,,"-3,1971244","-52,225714",(93) 99171-0563,,,https://m.facebook.com/darlemssilva/,,,,,,,https://www.google.com/maps/place/Rancho+Sebasti%C3%A3o+L%C3%BAcio+De+Oliveira/data=!4m7!3m6!1s0x9292385b739b44e3:0x29a7c840ee2e5e8d!8m2!3d-3.1971244!4d-52.225714!16s%2Fg%2F11ggrnffy8!19sChIJ40Sbc1s4kpIRjV4u7kDIpyk?authuser=0&hl=pt-BR&g_ep=EgoyMDI2MDkwOC4wIJJjKgBIAVAD&rclk=1,"https://www.google.com/maps?q=-3.1971244,-52.225714",revisado_com_pendencias,Revisar,pendências da fonte,cadastur | google_maps | youtube | visitaltamira
atm_0461,Arraial,empresa,Local público de banho,atrativos,"Entidade turística 'Arraial' em Altamira/PA. É classificado como Local público de banho e atrativo. O endereço é BR-230 - Altamira, PA, com coordenadas -3.267038, -52.379217 (Fonte: google_maps, 2026-09-11).",Altamira,PA,Br-230 -,,230,,"-3,267038","-52,379217",,,,,,,,,,,https://www.google.com/maps/place/Arraial/data=!4m7!3m6!1s0x92926bb55bdcc3bd:0xb4c962cb198d501e!8m2!3d-3.267038!4d-52.379217!16s%2Fg%2F11h_c6q7gt!19sChIJvcPcW7VrkpIRHlCNGctiybQ?authuser=0&hl=pt-BR&g_ep=EgoyMDI2MDkwOC4wIJJjKgBIAVAD&rclk=1,"https://www.google.com/maps?q=-3.267038,-52.379217",revisado,Revisar,sem contato,cadastur | google_maps | youtube | visitaltamira
atm_0462,Capecom,empresa,Loja,atrativos,"Capecom é uma loja e atrativo localizado em Altamira, PA. O endereço é Tv. Pedro Gomes, 787 - Sudam I, e o telefone é (93) 3515-2750. As coordenadas são -3.2077642, -52.216112 (Fonte: google_maps, 2026-09-11).",Altamira,PA,Tv. Pedro Gomes,787,Sudam I,,"-3,2077642","-52,216112",(93) 3515-2750,,,,,,,,,,https://www.google.com/maps/place/Capecom/data=!4m7!3m6!1s0x9292386c4f2b5395:0x3f644ed88b674f54!8m2!3d-3.2077642!4d-52.216112!16s%2Fg%2F1tg_h3nv!19sChIJlVMrT2w4kpIRVE9ni9hOZD8?authuser=0&hl=pt-BR&g_ep=EgoyMDI2MDkwOC4wIJJjKgBIAVAD&rclk=1,"https://www.google.com/maps?q=-3.2077642,-52.216112",revisado,Apto para conferência final,,cadastur | google_maps | youtube | visitaltamira
atm_0463,Estação Das Ervas & Cia,empresa,Loja,farmacias,"Estação das Ervas & Cia é uma loja de farmácias em Altamira/PA, localizada na R. Manoel Umbuzeiro, 2167 - Centro. O contato é (93) 3515-5124. O horário de funcionamento, segundo fonte web, é segunda-feira de 08:00 às 18:00. Coordenadas e endereço completos vieram do Google Maps.",Altamira,PA,R. Manoel Umbuzeiro,2167,Centro,,"-3,2078929","-52,2151956",(93) 3515-5124,,,,,segunda-feira 08:00 - 18:00,,,,,https://www.google.com/maps/place/Esta%C3%A7%C3%A3o+das+Ervas+%26+Cia/data=!4m7!3m6!1s0x9292397754d42a85:0x6e3c9a58145d77ed!8m2!3d-3.2078929!4d-52.2151956!16s%2Fg%2F11k22k61bb!19sChIJhSrUVHc5kpIR7XddFFiaPG4?authuser=0&hl=pt-BR&g_ep=EgoyMDI2MDkwOC4wIJJjKgBIAVAD&rclk=1,"https://www.google.com/maps?q=-3.2078929,-52.2151956",revisado_com_pendencias,Revisar,pendências da fonte,cadastur | google_maps | youtube | visitaltamira | https://www.cylex.com.br/altamira/esta%c3%a7%c3%a3o-das-ervas---cia-13575365.html
atm_0464,Lar Brasil,empresa,Loja,passeios_agencias,"Lar Brasil é uma loja e agência de passeios localizada no Centro de Altamira, PA. O endereço é R. Tiradentes - Centro, e pode ser contatado pelo telefone (93) 3515-4370. O site é http://www.lojaslarbrasil.com.br/. As coordenadas são -3.2135185, -52.2166939 (Fonte: google_maps, 2026-09-11).",Altamira,PA,R. Tiradentes,,Centro,,"-3,2135185","-52,2166939",(93) 3515-4370,,,http://www.lojaslarbrasil.com.br/,,,,,,,https://www.google.com/maps/place/Lar+Brasil/data=!4m7!3m6!1s0x92923873ec7b00ff:0x7ce129a6a565e479!8m2!3d-3.2135185!4d-52.2166939!16s%2Fg%2F11d_8cf8ds!19sChIJ_wB77HM4kpIReeRlpaYp4Xw?authuser=0&hl=pt-BR&g_ep=EgoyMDI2MDkwOC4wIJJjKgBIAVAD&rclk=1,"https://www.google.com/maps?q=-3.2135185,-52.2166939",revisado_com_pendencias,Revisar,pendências da fonte,cadastur | google_maps | youtube | visitaltamira
atm_0465,Br Mania Conveniência,empresa,Loja de Conveniência,alimentacao,"A entidade BR Mania Conveniência foi consolidada com dados do Google Maps. É classificada como Loja de Conveniência (alimentação) em Altamira/PA. O endereço é Tv. Pedro Gomes, Sn - Centro, e possui coordenadas e um site associado.",Altamira,PA,"Tv. Pedro Gomes, S",,Centro,,"-3,2064679","-52,2179961",,,,https://www.postospetrobras.com.br/aproveite-a-parada/br-mania,,,,,,,https://www.google.com/maps/place/BR+Mania+Conveni%C3%AAncia/data=!4m7!3m6!1s0x92923997c83f2f8b:0x643e6c91228db148!8m2!3d-3.2064679!4d-52.2179961!16s%2Fg%2F11l6k_057y!19sChIJiy8_yJc5kpIRSLGNIpFsPmQ?authuser=0&hl=pt-BR&g_ep=EgoyMDI2MDkwOC4wIJJjKgBIAVAD&rclk=1,"https://www.google.com/maps?q=-3.2064679,-52.2179961",revisado,Apto para conferência final,,cadastur | google_maps | youtube | visitaltamira
atm_0466,Rústico Bar E Petiscaria,empresa,Loja de Conveniência,alimentacao,"Rústico Bar e Petiscaria, localizado no Centro de Altamira-PA, é classificado como Loja de Conveniência, com atividades secundárias em alimentação. O endereço é R. Primeiro de Janeiro e o contato é (93) 99161-0235. Coordenadas e dados obtidos via Google Maps (2026-09-11).",Altamira,PA,R. Primeiro de Janeiro,,Centro,,"-3,2062299","-52,2082764",(93) 99161-0235,,,,,,,,,,https://www.google.com/maps/place/R%C3%BAstico+Bar+e+Petiscaria/data=!4m7!3m6!1s0x9292394fa951b5f3:0x837639de84ec7930!8m2!3d-3.2062299!4d-52.2082764!16s%2Fg%2F11yrh2w792!19sChIJ87VRqU85kpIRMHnshN45doM?authuser=0&hl=pt-BR&g_ep=EgoyMDI2MDkwOC4wIJJjKgBIAVAD&rclk=1,"https://www.google.com/maps?q=-3.2062299,-52.2082764",revisado_com_pendencias,Revisar,pendências da fonte,cadastur | google_maps | youtube | visitaltamira
atm_0467,Pontal Pesca,empresa,Loja de artigos para pesca,atrativos,"Pontal Pesca é uma loja de artigos para pesca em Altamira/PA, localizada na Av. Djalma Dutra, 1896 - Centro. O contato é (93) 99131-9669 e o site é http://facebook.com/pontalpescaaltamira. Coordenadas: -3.2063253, -52.2130354. (Fonte: google_maps, 2026-09-11)",Altamira,PA,Av. Djalma Dutra,1896,Centro,,"-3,2063253","-52,2130354",(93) 99131-9669,,,http://facebook.com/pontalpescaaltamira,,,,,,,https://www.google.com/maps/place/Pontal+Pesca/data=!4m7!3m6!1s0x9292386cba977c63:0x836737893307ac39!8m2!3d-3.2063253!4d-52.2130354!16s%2Fg%2F11f3v0130s!19sChIJY3yXumw4kpIROawHM4k3Z4M?authuser=0&hl=pt-BR&g_ep=EgoyMDI2MDkwOC4wIJJjKgBIAVAD&rclk=1,"https://www.google.com/maps?q=-3.2063253,-52.2130354",revisado,Apto para conferência final,,cadastur | google_maps | youtube | visitaltamira
atm_0468,Xingu Pesca,empresa,Loja de artigos para pesca,atrativos,"A entidade XINGU PESCA é uma loja de artigos para pesca em Altamira/PA, localizada no Centro, na R. 7 de Setembro, 2050. O contato é (93) 3515-2501. As informações foram extraídas do Google Maps (2026-09-11).",Altamira,PA,R. 7 de Setembro,2050,Centro,,"-3,2083313","-52,2130239",(93) 3515-2501,,,,,,,,,,https://www.google.com/maps/place/XINGU+PESCA/data=!4m7!3m6!1s0x9292386d159d2691:0xcaf3915e2c39046e!8m2!3d-3.2083313!4d-52.2130239!16s%2Fg%2F1v2pr8mn!19sChIJkSadFW04kpIRbgQ5LF6R88o?authuser=0&hl=pt-BR&g_ep=EgoyMDI2MDkwOC4wIJJjKgBIAVAD&rclk=1,"https://www.google.com/maps?q=-3.2083313,-52.2130239",revisado_com_pendencias,Revisar,pendências da fonte,cadastur | google_maps | youtube | visitaltamira
atm_0469,Sena Auto Center,empresa,Loja de autopeças,combustivel,"Entidade turística consolidada: Sena Auto Center, loja de autopeças em Altamira-PA. Endereço: Tv. Pedro Gomes, 924 - Sudam I. Contato: (93) 99101-3896. Possui site no Instagram e está localizada em Sudam I. (Fonte: google_maps, 2026-09-11)",Altamira,PA,Tv. Pedro Gomes,924,Sudam I,,"-3,2066757","-52,2169446",(93) 99101-3896,,,https://www.instagram.com/sena.altamira/,,,,,,,https://www.google.com/maps/place/Sena+Auto+Center/data=!4m7!3m6!1s0x9292386c10df24c7:0x3744b3ae853f5a3f!8m2!3d-3.2066757!4d-52.2169446!16s%2Fg%2F11b6t7jjbs!19sChIJxyTfEGw4kpIRP1o_ha6zRDc?authuser=0&hl=pt-BR&g_ep=EgoyMDI2MDkwOC4wIJJjKgBIAVAD&rclk=1,"https://www.google.com/maps?q=-3.2066757,-52.2169446",revisado,Apto para conferência final,,cadastur | google_maps | youtube | visitaltamira
atm_0470,Fricothe Melissa,empresa,Loja de calçado,atrativos,"A entidade FRICOTHE MELISSA é uma loja de calçado e atrativo localizada em Altamira, PA. O endereço é R. Manoel Umbuzeiro, 1967 - Centro, e o contato é (93) 99231-7356. As coordenadas são -3.2063878, -52.2140235 (Fonte: google_maps, 2026-09-11).",Altamira,PA,R. Manoel Umbuzeiro,1967,Centro,,"-3,2063878","-52,2140235",(93) 99231-7356,,,,,,,,,,https://www.google.com/maps/place/FRICOTHE+MELISSA/data=!4m7!3m6!1s0x92923940ab15e525:0x3fbdc30c71fde365!8m2!3d-3.2063878!4d-52.2140235!16s%2Fg%2F11td8kxypf!19sChIJJeUVq0A5kpIRZeP9cQzDvT8?authuser=0&hl=pt-BR&g_ep=EgoyMDI2MDkwOC4wIJJjKgBIAVAD&rclk=1,"https://www.google.com/maps?q=-3.2063878,-52.2140235",revisado_com_pendencias,Revisar,pendências da fonte,cadastur | google_maps | youtube | visitaltamira
atm_0471,Norte Cosméticos,empresa,Loja de cosmético,,"Norte Cosméticos é uma loja de cosméticos localizada no Centro de Altamira, PA. O endereço é Tv. Pedro Gomes, 461 B, e pode ser contatado pelo telefone (93) 99135-7606. O site é https://nortecosmeticos.com.br/. As coordenadas e informações foram extraídas do Google Maps (2026-09-11).",Altamira,PA,"Tv. Pedro Gomes, 461 B",,Centro,,"-3,2092517","-52,2139442",(93) 99135-7606,,,https://nortecosmeticos.com.br/,,,,,,,https://www.google.com/maps/place/Norte+Cosm%C3%A9ticos/data=!4m7!3m6!1s0x9292386498b81f51:0x97e3dfc4e021e66f!8m2!3d-3.2092517!4d-52.2139442!16s%2Fg%2F1vtzj8k1!19sChIJUR-4mGQ4kpIRb-Yh4MTf45c?authuser=0&hl=pt-BR&g_ep=EgoyMDI2MDkwOC4wIJJjKgBIAVAD&rclk=1,"https://www.google.com/maps?q=-3.2092517,-52.2139442",revisado,Apto para conferência final,,cadastur | google_maps | youtube | visitaltamira
atm_0472,Agromina Comercial Ltda-Loja Autorizada Stihl,empresa,Loja de ferramentas,passeios_agencias,"Agromina Comercial Ltda-Loja Autorizada STIHL, localizada em Altamira/PA, é uma loja de ferramentas (e passeios/agências). O endereço é Tv. Dez de Novembro, 502 - Recreio. Contato: (93) 99187-9618. Coordenadas e site disponíveis (Fonte: google_maps, 2026-09-11).",Altamira,PA,Tv. Dez de Novembro,502,Recreio,,"-3,2064986","-52,2120921",(93) 99187-9618,,,https://www.stihl.com.br/,,,,,,,https://www.google.com/maps/place/Agromina+Comercial+Ltda-Loja+Autorizada+STIHL/data=!4m7!3m6!1s0x9292381352aaf07f:0xd82ba24222d9a603!8m2!3d-3.2064986!4d-52.2120921!16s%2Fg%2F1wd3x3fr!19sChIJf_CqUhM4kpIRA6bZIkKiK9g?authuser=0&hl=pt-BR&g_ep=EgoyMDI2MDkwOC4wIJJjKgBIAVAD&rclk=1,"https://www.google.com/maps?q=-3.2064986,-52.2120921",revisado_com_pendencias,Revisar,pendências da fonte,cadastur | google_maps | youtube | visitaltamira
atm_0473,Peixaria Marcos Brito,empresa,Loja de frutos do mar,alimentacao,"PEIXARIA MARCOS BRITO é uma loja de frutos do mar e alimentação localizada em Altamira, PA. O endereço é R. José Umbelino, 117 - Jardim Independente II. As coordenadas são -3.2240149, -52.2200205 (Fonte: google_maps, 2026-09-11).",Altamira,PA,R. José Umbeli,117,Jardim Independente Ii,,"-3,2240149","-52,2200205",,,,,,,,,,,https://www.google.com/maps/place/PEIXARIA+MARCOS+BRITO/data=!4m7!3m6!1s0x9292478ee4c9cd83:0xfb61e154cc9e56d9!8m2!3d-3.2240149!4d-52.2200205!16s%2Fg%2F11kpkpwymw!19sChIJg83J5I5HkpIR2VaezFThYfs?authuser=0&hl=pt-BR&g_ep=EgoyMDI2MDkwOC4wIJJjKgBIAVAD&rclk=1,"https://www.google.com/maps?q=-3.2240149,-52.2200205",revisado,Revisar,sem contato,cadastur | google_maps | youtube | visitaltamira
atm_0474,Sereia Urbana - Beachwear,empresa,Loja de roupas de praia,atrativos,"Entidade turística 'Sereia Urbana - Beachwear', classificada como Loja de roupas de praia em Altamira/PA. O endereço completo é Rua José Grafon, 3038 - Jardim dos Estados. Contato: (93) 99211-2025. Coordenadas e dados obtidos via Google Maps (2026-09-11).",Altamira,PA,Rua José Grafo,3038,- Jardim Dos Estados,,"-3,2178494","-52,2296615",(93) 99211-2025,,,,,,,,,,https://www.google.com/maps/place/Sereia+Urbana+-+Beachwear/data=!4m7!3m6!1s0x929239f34c380bf9:0xdd66f1885bd24200!8m2!3d-3.2178494!4d-52.2296615!16s%2Fg%2F11yfm27k1t!19sChIJ-Qs4TPM5kpIRAELSW4jxZt0?authuser=0&hl=pt-BR&g_ep=EgoyMDI2MDkwOC4wIJJjKgBIAVAD&rclk=1,"https://www.google.com/maps?q=-3.2178494,-52.2296615",revisado_com_pendencias,Revisar,pendências da fonte,cadastur | google_maps | youtube | visitaltamira
atm_0475,Cia da Pesca E Xingu Tour,empresa,Loja especializada em artigos para caça e pesca,atrativos,"A entidade ""CIA da Pesca"" é uma loja especializada em artigos para caça e pesca, localizada em Altamira, PA, no Centro. O endereço é Tv. Pedro Gomes, 461, e o contato é (93) 99205-4381. As coordenadas são -3.2092227, -52.2140568. A fonte mais completa é o Google Maps (2026-09-11).",Altamira,PA,Tv. Pedro Gomes,461,Centro,,"-3,2092227","-52,2140568",(93) 99205-4381,,,,,,,,,,https://www.google.com/maps/place/CIA+DA+PESCA+e+XINGU+TOUR/data=!4m7!3m6!1s0x9292386d41ea072f:0x6d0c79ab65e28123!8m2!3d-3.2092227!4d-52.2140568!16s%2Fg%2F11b6cm92m4!19sChIJLwfqQW04kpIRI4HiZat5DG0?authuser=0&hl=pt-BR&g_ep=EgoyMDI2MDkwOC4wIJJjKgBIAVAD&rclk=1,"https://www.google.com/maps?q=-3.2092227,-52.2140568",revisado_com_pendencias,Revisar,pendências da fonte,cadastur | google_maps | youtube | visitaltamira
atm_0476,Praia do Bom Jardim 1,ponto_turistico,Marco histórico,atrativos,"Entidade consolidada como Praia do bom jardim 1, localizada em Altamira, PA. A categoria principal é Marco histórico, com atrativos secundários. O endereço é GQC2+3J e as coordenadas são -3.4798615, -52.2484506, conforme dados do Google Maps (2026-09-11). Não há informações de contato ou fotos disponíveis.",Altamira,PA,,,,,"-3,4798615","-52,2484506",,,,,,,,,,,https://www.google.com/maps/place/Praia+do+bom+jardim+1/data=!4m7!3m6!1s0x9292f70064b0cce1:0xfa5e80967ec9cdd9!8m2!3d-3.4798615!4d-52.2484506!16s%2Fg%2F11ntp866jx!19sChIJ4cywZAD3kpIR2c3JfpaAXvo?authuser=0&hl=pt-BR&g_ep=EgoyMDI2MDkwOC4wIJJjKgBIAVAD&rclk=1,"https://www.google.com/maps?q=-3.4798615,-52.2484506",revisado,Revisar,sem contato,cadastur | google_maps | youtube | visitaltamira | https://altamira.pa.gov.br/prefeitura-regulamenta-horarios-de-uso-das-praias-para-garantir-seguranca-aos-banhistas/
atm_0477,Praia Dos Curicas,ponto_turistico,Marco histórico,atrativos,"Entidade turística 'Praia dos Curicas' em Altamira/PA. Classificada como Marco histórico e atrativo. Endereço: PQ2G+QW. Coordenadas: -3.2980875, -52.2227024 (Fonte: google_maps, 2026-09-11). Todas as informações vêm de uma única fonte verificada.",Altamira,PA,,,,,"-3,2980875","-52,2227024",,,,,,,,,,,https://www.google.com/maps/place/Praia+dos+Curicas/data=!4m7!3m6!1s0x929245000f319d77:0xdbb3baf1ad0926f8!8m2!3d-3.2980875!4d-52.2227024!16s%2Fg%2F11mk9lx7c9!19sChIJd50xDwBFkpIR-CYJrfG6s9s?authuser=0&hl=pt-BR&g_ep=EgoyMDI2MDkwOC4wIJJjKgBIAVAD&rclk=1,"https://www.google.com/maps?q=-3.2980875,-52.2227024",revisado,Revisar,sem contato,cadastur | google_maps | youtube | visitaltamira
atm_0478,Cipar - Centro Integrado de Pesca Artesanal,empresa,Mercado de peixes e frutos do mar,atrativos,"CIPAR - Centro Integrado de Pesca Artesanal, um mercado de peixes e frutos do mar em Altamira/PA. O endereço é Centro, Altamira - PA, 68371-030. Coordenadas: -3.2026206, -52.2034864 (Fonte: google_maps, 2026-09-11).",Altamira,PA,Centro,,,,"-3,2026206","-52,2034864",,,,,,,,,,,https://www.google.com/maps/place/CIPAR+-+Centro+Integrado+de+Pesca+Artesanal/data=!4m7!3m6!1s0x92923817b0942b69:0xd298c4398ac0a53d!8m2!3d-3.2026206!4d-52.2034864!16s%2Fg%2F11c53dc8k9!19sChIJaSuUsBc4kpIRPaXAijnEmNI?authuser=0&hl=pt-BR&g_ep=EgoyMDI2MDkwOC4wIJJjKgBIAVAD&rclk=1,"https://www.google.com/maps?q=-3.2026206,-52.2034864",revisado_com_pendencias,Revisar,sem contato | pendências da fonte,cadastur | google_maps | youtube | visitaltamira
atm_0479,Mirante de Altamira,empresa,Mirantes,"Vista Panorâmica, Rio Xingu, Ecoturismo","Mirante de Altamira é um ponto turístico em Altamira, PA, conhecido por sua vista panorâmica do Rio Xingu e da cidade. É gratuito, não necessita de reserva e oferece observação da cidade e do rio. A fonte principal é um vídeo do YouTube (youtube:10:1dcfa867f9).",Altamira,PA,,,,"Altamira, Pará",,,,,,,,,"Vista panorâmica, observação da cidade e do rio, espaço para exercícios",,Não,,https://www.youtube.com/watch?v=KeJAKYeI34Q,,revisado,Revisar,sem coordenadas | sem contato,cadastur | google_maps | youtube | visitaltamira
atm_0480,Mirante do Quartel (Bairro Roberto Soares),empresa,Mirantes,"Vista panorâmica, Observação","Mirante do Quartel (Bairro Roberto Soares) é um mirante em Altamira/PA, localizado no Bairro Roberto Soares, próximo ao quartel. É ideal para fotografia e contemplação da cidade, sendo um ponto de interesse para turistas e moradores. A fonte é um vídeo do YouTube (2026-09-11).",Altamira,PA,"Bairro Roberto Soares, Próximo Ao Quartel",,,,,,,,,,,,"Fotografia, contemplação da cidade",,,,https://www.youtube.com/watch?v=1jbwa6EXDT8,,revisado,Revisar,sem coordenadas | sem contato,cadastur | google_maps | youtube | visitaltamira
atm_0481,Monumento da Carcaça de Avião,empresa,Monumentos,"Curiosidade, Marco Urbano","Monumento da Carcaça de Avião é um monumento em Altamira/PA, localizado no Bairro Nova. É uma atração de curiosidade e marco urbano, ideal para observação e fotografia, sendo acessível a moradores e visitantes. Não necessita de reserva. (Fonte: youtube:216:1dcfa867f9, 2026-09-11)",Altamira,PA,"Bairro Nova, Altamira",,,,,,,,,,,,Observação e fotografia,,Não,,https://www.youtube.com/watch?v=9DD2niySlc4,,revisado,Revisar,sem coordenadas | sem contato,cadastur | google_maps | youtube | visitaltamira
atm_0482,Monumento do Índio Flecheiro,empresa,Monumentos,"Ancestralidade, Cultura Indígena","O Monumento do Índio Flecheiro, localizado em Altamira/PA, é um monumento que representa a ancestralidade e a força dos povos indígenas da região do Xingu. É recomendado para turistas, sendo ideal para contemplação e fotografia. O endereço é na Orla de Altamira - PA. (Fonte: youtube, 2026-09-11)",Altamira,PA,Orla de,,,,,,,,,,,,Contemplação e fotografia,,,,https://www.youtube.com/watch?v=QLyo4Ytlmo8,,revisado,Revisar,sem coordenadas | sem contato,cadastur | google_maps | youtube | visitaltamira
atm_0483,Portal de Altamira,empresa,Monumentos,"Arquitetura, Entrada da Cidade","Portal de Altamira, em Altamira/PA, é um monumento e ponto turístico com foco em fotografia e contemplação. É indicado para turistas e motoristas, não necessitando de reserva. A fonte principal é um vídeo do YouTube (youtube:39:1dcfa867f9). Pendência: Não há informações de contato ou coordenadas geográficas específicas para a entidade principal.",Altamira,PA,,,,,,,,,,,,,"Fotografia, contemplação",,Não,,https://www.youtube.com/watch?v=jrRdJw3TgLU,,revisado_com_pendencias,Revisar,sem coordenadas | sem contato | pendências da fonte,cadastur | google_maps | youtube | visitaltamira | https://altamira.pa.gov.br/prefeitura-inaugura-espaco-de-informacao-turistica-no-aeroporto-de-altamira/
atm_0484,Ubs Sao Joaquim,empresa,Médico de família,saude,"A UBS Sao Joaquim em Altamira, PA, é classificada como Médico de família. O endereço principal é Perpétuo Socorro, e as coordenadas são -3.1955772, -52.2276022 (google_maps:311:83aba5d8ae). O telefone disponível é (93)35152297 (live_83337ea18b). Foi priorizada a fonte do Google Maps para dados estruturais e o live_83337ea18b para o telefone.",Altamira,PA,Perpétuo Socorro,,Pa,,"-3,1955772","-52,2276022",(93)35152297,,,,,,,,,,https://www.google.com/maps/place/UBS+Sao+Joaquim/data=!4m7!3m6!1s0x9292385a3d70e08b:0x3e4ee16e439adb93!8m2!3d-3.1955772!4d-52.2276022!16s%2Fg%2F11cp7j0g8l!19sChIJi-BwPVo4kpIRk9uaQ27hTj4?authuser=0&hl=pt-BR&g_ep=EgoyMDI2MDkwOC4wIJJjKgBIAVAD&rclk=1,"https://www.google.com/maps?q=-3.1955772,-52.2276022",revisado_com_pendencias,Revisar,pendências da fonte,cadastur | google_maps | youtube | visitaltamira | https://postosdesaude.com.br/pa/altamira/u-s-f-sao-joaquim | https://cebes.com.br/u-s-f-sao-joaquim-7496869/
atm_0485,"Clube Fm 102,7 - Altamira",empresa,Mídia,atrativos,"Entidade turística consolidada: Clube FM 102,7 - Altamira. Categoria principal: Mídia. Localizado em Altamira/PA, no Centro, com endereço em R. Primeiro de Janeiro, 1359. Contato: (93) 99196-1343 e site: https://clube.fm/altamira. Coordenadas e dados extraídos do Google Maps (2026-09-11).",Altamira,PA,R. Primeiro de Janeiro,1359,Centro,,"-3,2051286","-52,207399",(93) 99196-1343,,,https://clube.fm/altamira,,,,,,,"https://www.google.com/maps/place/Clube+FM+102,7+-+Altamira/data=!4m7!3m6!1s0x929239859ce6c05f:0xe1aaaba84c52b699!8m2!3d-3.2051286!4d-52.207399!16s%2Fg%2F11xlldpd8l!19sChIJX8DmnIU5kpIRmbZSTKirquE?authuser=0&hl=pt-BR&g_ep=EgoyMDI2MDkwOC4wIJJjKgBIAVAD&rclk=1","https://www.google.com/maps?q=-3.2051286,-52.207399",revisado,Apto para conferência final,,cadastur | google_maps | youtube | visitaltamira
atm_0486,Orla do Cais de Altamira,ponto_turistico,Nossa Cidade,,"A Orla do Cais de Altamira é um local encantador às margens do Rio Xingu, ideal para lazer e contemplação da natureza amazônica. É um ponto que reúne paisagem e gastronomia. As atividades incluem passeios, fotografia e contemplação do pôr do sol. O público-alvo é composto por famílias, casais e jovens. Recomenda-se atenção ao aluguel de chalanas para eventos. As coordenadas e o endereço são baseados em fontes de mapeamento e vídeos, com a categoria principal sendo 'Nossa Cidade' (visitaltamira:6:320ea3a512|categoria_principal).",Altamira,PA,,,Centro,,"-3,2058603","-52,2054132",,,,,,"Aberto ao público, com grande movimentação noturna nos quiosques.","Banho de rio, passeio, fotografia, contemplação do pôr do sol, eventos na concha acústica",,Sim,,https://visitaltamira.com.br/pt/ponto/3,"https://www.google.com/maps?q=-3.2058603,-52.2054132",revisado_com_pendencias,Revisar,sem endereço | sem contato | pendências da fonte,cadastur | google_maps | youtube | visitaltamira | https://radardigitalbrasilia.com.br/turismo/ministro-celso-sabino-participa-nesta-quinta-feira-17-do-projeto-turismo-em-acao-edicao-transamazonica-em-altamira-pa/
atm_0487,Lorenzoni Auto Center,empresa,Oficina mecânica,combustivel,"Lorenzoni Auto Center é uma oficina mecânica e revenda de combustível localizada em Altamira, PA. O endereço é Av. João Rodrigues, 974 - Jardim Uirapuru. Contato: (93) 98809-5173. Site: http://www.lorenzoniautocenter.com.br/. Coordenadas: -3.2082598, -52.2184895 (Fonte: google_maps, 2026-09-11).",Altamira,PA,Av. João Rodrigues,974,Jardim Uirapuru,,"-3,2082598","-52,2184895",(93) 98809-5173,,,http://www.lorenzoniautocenter.com.br/,,,,,,,https://www.google.com/maps/place/Lorenzoni+Auto+Center/data=!4m7!3m6!1s0x9292386f288dc0db:0x6cacccdafc42dc67!8m2!3d-3.2082598!4d-52.2184895!16s%2Fg%2F11b6b8gkk6!19sChIJ28CNKG84kpIRZ9xC_NrMrGw?authuser=0&hl=pt-BR&g_ep=EgoyMDI2MDkwOC4wIJJjKgBIAVAD&rclk=1,"https://www.google.com/maps?q=-3.2082598,-52.2184895",revisado_com_pendencias,Revisar,pendências da fonte,cadastur | google_maps | youtube | visitaltamira
atm_0488,Foccus Shows,empresa,Organização de eventos e cerimonial,atrativos,"Entidade turística 'Foccus Shows' em Altamira/PA, classificada como Organização de eventos e cerimonial. O endereço é Ac. Dois, 987 - Independente II, e o contato é (93) 98125-2626. Coordenadas e dados obtidos via Google Maps (2026-09-11).",Altamira,PA,Ac. Dois,987,Independente Ii,,"-3,2153735","-52,2180764",(93) 98125-2626,,,,,,,,,,https://www.google.com/maps/place/Foccus+Shows/data=!4m7!3m6!1s0x92923876995c32ef:0x774d9f2d4a781b5c!8m2!3d-3.2153735!4d-52.2180764!16s%2Fg%2F11b6dq2gqc!19sChIJ7zJcmXY4kpIRXBt4Si2fTXc?authuser=0&hl=pt-BR&g_ep=EgoyMDI2MDkwOC4wIJJjKgBIAVAD&rclk=1,"https://www.google.com/maps?q=-3.2153735,-52.2180764",revisado,Apto para conferência final,,cadastur | google_maps | youtube | visitaltamira
atm_0489,Aressa-Assoc Rec Serv de Saúde Altamira,empresa,Organização de serviço social,atrativos,"Entidade turística consolidada: ARESSA-Assoc Rec Serv de Saúde Altamira, classificada como Organização de serviço social. Localizada em Altamira-PA, no bairro Jardim Primavera. Endereço: R. dos Jasmins - Jardim Primavera, Altamira - PA, 68377-160. Contato: (93) 3515-6879. Coordenadas: -3.1909083, -52.2055094 (Fonte: google_maps, 2026-09-11).",Altamira,PA,R. Dos Jasmins,,Jardim Primavera,,"-3,1909083","-52,2055094",(93) 3515-6879,,,,,,,,,,https://www.google.com/maps/place/ARESSA-Assoc+Rec+Serv+de+Sa%C3%BAde+Altamira/data=!4m7!3m6!1s0x9292383148932311:0x3174c866ceef98a8!8m2!3d-3.1909083!4d-52.2055094!16s%2Fg%2F1txnqjdw!19sChIJESOTSDE4kpIRqJjvzmbIdDE?authuser=0&hl=pt-BR&g_ep=EgoyMDI2MDkwOC4wIJJjKgBIAVAD&rclk=1,"https://www.google.com/maps?q=-3.1909083,-52.2055094",revisado_com_pendencias,Revisar,pendências da fonte,cadastur | google_maps | youtube | visitaltamira
atm_0490,Rotary Clube de Altamira,empresa,Organização de serviço social,atrativos,"Entidade turística consolidada: Rotary Clube de Altamira. Categoria principal: Organização de serviço social, com secundária como atrativos. Localizado em Altamira/PA, no bairro Jardim Uirapuru. Endereço: Tv. Treze de Maio, 201 - Jardim Uirapuru, Altamira - PA, 68372-190. Coordenadas e dados extraídos do Google Maps (2026-09-11).",Altamira,PA,Tv. Treze de Maio,201,Jardim Uirapuru,,"-3,2120757","-52,2190957",,,,,,,,,,,https://www.google.com/maps/place/Rotary+Clube+de+Altamira/data=!4m7!3m6!1s0x92923871a2878ed1:0x1e68bff2828fe704!8m2!3d-3.2120757!4d-52.2190957!16s%2Fg%2F11fy5jc3bc!19sChIJ0Y6HonE4kpIRBOePgvK_aB4?authuser=0&hl=pt-BR&g_ep=EgoyMDI2MDkwOC4wIJJjKgBIAVAD&rclk=1,"https://www.google.com/maps?q=-3.2120757,-52.2190957",revisado,Revisar,sem contato,cadastur | google_maps | youtube | visitaltamira
atm_0491,Padaria Rancho Dos Pães,empresa,Padaria,alimentacao,"Padaria Rancho dos Pães é uma padaria em Altamira/PA, localizada na R. Luís Né da Silva, 2415 - Sudam I. Contatos: (93) 98811-3183 e site: https://www.instagram.com/ranchodospaes.oficial/. Coordenadas: -3.2061557, -52.2207962. (Fonte: google_maps, 2026-09-11)",Altamira,PA,R. Luís Né da Silva,2415,Sudam I,,"-3,2061557","-52,2207962",(93) 98811-3183,,,https://www.instagram.com/ranchodospaes.oficial/,,,,,,,https://www.google.com/maps/place/Padaria+Rancho+dos+P%C3%A3es/data=!4m7!3m6!1s0x92923965bc1a4aeb:0x163a852ad6560090!8m2!3d-3.2061557!4d-52.2207962!16s%2Fg%2F11hf65sbsk!19sChIJ60oavGU5kpIRkABW1iqFOhY?authuser=0&hl=pt-BR&g_ep=EgoyMDI2MDkwOC4wIJJjKgBIAVAD&rclk=1,"https://www.google.com/maps?q=-3.2061557,-52.2207962",revisado_com_pendencias,Revisar,pendências da fonte,cadastur | google_maps | youtube | visitaltamira
atm_0492,Padaroca Glúten Free,empresa,Padaria,alimentacao,"Padaroca Glúten Free é uma padaria e local de alimentação em Altamira, PA. Localizada na Tv. Pedro Gomes, 907 - Sudam I, o estabelecimento pode ser contatado pelo telefone (93) 99150-7440 e seu site é https://www.instagram.com/padarocaglutenfree/. Coordenadas: -3.2071911, -52.2170494.",Altamira,PA,Tv. Pedro Gomes,907,Sudam I,,"-3,2071911","-52,2170494",(93) 99150-7440,,,https://www.instagram.com/padarocaglutenfree/,,,,,,,https://www.google.com/maps/place/Padaroca+Gl%C3%BAten+Free/data=!4m7!3m6!1s0x929239dc9a323365:0x42e47820177af419!8m2!3d-3.2071911!4d-52.2170494!16s%2Fg%2F11t3v4xzsm!19sChIJZTMymtw5kpIRGfR6FyB45EI?authuser=0&hl=pt-BR&g_ep=EgoyMDI2MDkwOC4wIJJjKgBIAVAD&rclk=1,"https://www.google.com/maps?q=-3.2071911,-52.2170494",revisado_com_pendencias,Revisar,pendências da fonte,cadastur | google_maps | youtube | visitaltamira
atm_0493,Panificadora Central,empresa,Padaria,alimentacao,"Panificadora Central é uma padaria em Altamira, PA, localizada no Centro, no R. Primeiro de Janeiro, 1936. O contato é (93) 99107-1475. As informações foram extraídas do Google Maps (2026-09-11).",Altamira,PA,R. Primeiro de Janeiro,1936,Centro,,"-3,2086515","-52,2104234",(93) 99107-1475,,,,,,,,,,https://www.google.com/maps/place/Panificadora+Central/data=!4m7!3m6!1s0x92923812f1e0ace1:0x9c99c5ce1d7214d3!8m2!3d-3.2086515!4d-52.2104234!16s%2Fg%2F11bx0jk1z5!19sChIJ4azg8RI4kpIR0xRyHc7FmZw?authuser=0&hl=pt-BR&g_ep=EgoyMDI2MDkwOC4wIJJjKgBIAVAD&rclk=1,"https://www.google.com/maps?q=-3.2086515,-52.2104234",revisado,Apto para conferência final,,cadastur | google_maps | youtube | visitaltamira
atm_0494,Pôr do Sol Em Altamira,empresa,Paisagem,"Pôr do Sol, Natureza, Final de Tarde","Pôr do Sol em Altamira é uma atração de Paisagem em Altamira/PA, ideal para turistas e fotógrafos. O local é conhecido pelo belo pôr do sol, com horário de funcionamento no final da tarde/início da noite. A atividade principal é a contemplação da natureza e fotografia. (Fonte: youtube:190:1dcfa867f9)",Altamira,PA,,,,,,,,,,,,Final de tarde / Início da noite,Contemplação da natureza e fotografia,,,,https://www.youtube.com/watch?v=86azu69qLEk,,revisado,Revisar,sem coordenadas | sem contato,cadastur | google_maps | youtube | visitaltamira | https://girotaua.com.br/noticia/1041/camara-de-altamira-debate-propostas-para-saude-infraestrutura-educacao-esporte-e-turismo
atm_0495,Pedral do Xingu,empresa,Paisagens Naturais,"Rio Xingu, Aventura, Rio com Pedras","Pedral do Xingu é uma atração de Paisagens Naturais em Altamira-PA, localizada no Rio Xingu. É ideal para aventureiros e navegadores, oferecendo observação de paisagem e aventura. A fonte principal é um vídeo do YouTube (youtube:144:1dcfa867f9) de 11/09/2026.",Altamira,PA,"Rio Xingu, Altamira",,Pa.,,,,,,,,,,Observação de paisagem e aventura.,,,,https://www.youtube.com/watch?v=_H3wfJ8xuLM,,revisado,Revisar,sem coordenadas | sem contato,cadastur | google_maps | youtube | visitaltamira
atm_0496,Bosque Das Tecas,empresa,Parque,atrativos,"Entidade turística consolidada como BOSQUE DAS TECAS, um Parque em Altamira/PA. O endereço é R. Bela Vista, 1 - Ibiza, e as coordenadas são -3.2193172, -52.2351887, conforme dados do Google Maps (2026-09-11).",Altamira,PA,R. Bela Vista,1,"Pa, 68372","Ibiza, Altamira","-3,2193172","-52,2351887",,,,,,,,,,,https://www.google.com/maps/place/BOSQUE+DAS+TECAS/data=!4m7!3m6!1s0x929247acd1b3ba4f:0x6d3a9bd460627b49!8m2!3d-3.2193172!4d-52.2351887!16s%2Fg%2F11pzw0xw1f!19sChIJT7qz0axHkpIRSXtiYNSbOm0?authuser=0&hl=pt-BR&g_ep=EgoyMDI2MDkwOC4wIJJjKgBIAVAD&rclk=1,"https://www.google.com/maps?q=-3.2193172,-52.2351887",revisado,Revisar,sem contato,cadastur | google_maps | youtube | visitaltamira
atm_0497,Balneário do Nando(Serrinha),empresa,Parque,atrativos,"Entidade turística 'Balneário do Nando(Serrinha)' em Altamira/PA. Classificada como Parque e atrativo. Endereço: Altamira, PA. Coordenadas: Lat -3.0643579, Lon -52.2516987 (Fonte: google_maps, 2026-09-11).",Altamira,PA,,,,,"-3,0643579","-52,2516987",,,,,,,,,,,https://www.google.com/maps/place/Balne%C3%A1rio+do+Nando%28Serrinha%29/data=!4m7!3m6!1s0x929225001e0ada7d:0xe269f2415975082e!8m2!3d-3.0643579!4d-52.2516987!16s%2Fg%2F11vpzfckzw!19sChIJfdoKHgAlkpIRLgh1WUHyaeI?authuser=0&hl=pt-BR&g_ep=EgoyMDI2MDkwOC4wIJJjKgBIAVAD&rclk=1,"https://www.google.com/maps?q=-3.0643579,-52.2516987",revisado,Revisar,sem contato,cadastur | google_maps | youtube | visitaltamira
atm_0498,Bosque do Xingu Praia Clube,ponto_turistico,Parque,atrativos,"Entidade consolidada como Bosque do Xingu Praia Clube, classificada como Parque e atrativo. Localizada em Altamira, PA, no bairro Jardim Independente II. O endereço completo é 1152, R. Osterno Alençar Maia, 658 - Jardim Independente II, Altamira - PA, 68372-245. Coordenadas e dados extraídos do Google Maps (2026-09-11).",Altamira,PA,"1152, R. Osterno Alençar Maia",658,Jardim Independente Ii,,"-3,2281241","-52,2234584",,,,,,,,,,,https://www.google.com/maps/place/Bosque+do+Xingu+Praia+Clube/data=!4m7!3m6!1s0x9292479a9b7986cd:0xc7c5edb7f86c1a3d!8m2!3d-3.2281241!4d-52.2234584!16s%2Fg%2F11clwpnch2!19sChIJzYZ5m5pHkpIRPRps-Lftxcc?authuser=0&hl=pt-BR&g_ep=EgoyMDI2MDkwOC4wIJJjKgBIAVAD&rclk=1,"https://www.google.com/maps?q=-3.2281241,-52.2234584",revisado_com_pendencias,Revisar,sem contato | pendências da fonte,cadastur | google_maps | youtube | visitaltamira | https://hotelcasanovaaltamira.com.br/turismo-em-altamira
atm_0499,Campo do Sport Altamira,empresa,Parque,atrativos,"Entidade turística consolidada: Campo do Sport Altamira, classificado como Parque e atrativo. Localizado em Altamira/PA, no bairro Jardim Independente I. O endereço completo é R. Belo Horizonte, 262. Coordenadas e dados extraídos do Google Maps (2026-09-11).",Altamira,PA,R. Belo Horizonte,262,Jardim Independente I,,"-3,2148353","-52,2347019",,,,,,,,,,,https://www.google.com/maps/place/Campo+do+Sport+Altamira/data=!4m7!3m6!1s0x9292393be94bf511:0x9f3c372d9ec68285!8m2!3d-3.2148353!4d-52.2347019!16s%2Fg%2F11n22v_p2l!19sChIJEfVL6Ts5kpIRhYLGni03PJ8?authuser=0&hl=pt-BR&g_ep=EgoyMDI2MDkwOC4wIJJjKgBIAVAD&rclk=1,"https://www.google.com/maps?q=-3.2148353,-52.2347019",revisado,Revisar,sem contato,cadastur | google_maps | youtube | visitaltamira
atm_0500,Chá da Chloe,empresa,Parque,atrativos,"Entidade turística 'Chá da Chloe' em Altamira, PA. Classificada como Parque e atrativo. Endereço: VQ28+J9 - Altamira, PA, 68372-000. Coordenadas: Lat -3.1484375, Lon -52.2340625 (Fonte: google_maps, 2026-09-11).",Altamira,PA,,,,,"-3,1484375","-52,2340625",,,,,,,,,,,https://www.google.com/maps/place/Ch%C3%A1+da+Chloe/data=!4m7!3m6!1s0x92923b000589eeb3:0x42c676e10bd21abe!8m2!3d-3.1484375!4d-52.2340625!16s%2Fg%2F11w7wm116v!19sChIJs-6JBQA7kpIRvhrSC-F2xkI?authuser=0&hl=pt-BR&g_ep=EgoyMDI2MDkwOC4wIJJjKgBIAVAD&rclk=1,"https://www.google.com/maps?q=-3.1484375,-52.2340625",revisado,Revisar,sem contato,cadastur | google_maps | youtube | visitaltamira
atm_0501,Chácara Paraíso,empresa,Parque,atrativos,"A entidade turística Chácara Paraíso foi consolidada usando os dados da ocorrência mais específica (google_maps:483:83aba5d8ae). A categoria principal é Parque, com secundária como atrativos. O endereço é Chácara Paraíso, Altamira - PA. Coordenadas e demais dados foram extraídos desta fonte, com data de referência em 2026-09-11.",Altamira,PA,Chácara Paraíso,,Pa,,"-3,1500049","-52,3130191",,,,,,,,,,,https://www.google.com/maps/place/Ch%C3%A1cara+Para%C3%ADso+parques+aquaticos/data=!4m7!3m6!1s0x92923bb4e7984c6f:0xc4c87ebd30457344!8m2!3d-3.0992912!4d-52.2572249!16s%2Fg%2F11ql5ldzp1!19sChIJb0yY57Q7kpIRRHNFML1-yMQ?authuser=0&hl=pt-BR&g_ep=EgoyMDI2MDkwOC4wIJJjKgBIAVAD&rclk=1,"https://www.google.com/maps?q=-3.1500049,-52.3130191",revisado,Revisar,sem contato,cadastur | google_maps | youtube | visitaltamira
atm_0502,Chácara Parque Verde,empresa,Parque,atrativos,"A entidade turística Chácara Parque Verde em Altamira/PA foi consolidada usando os dados da fonte google_maps:493:83aba5d8ae. A categoria principal é Parque, com endereço na Estrada da Bethânia. Contém telefone e coordenadas geográficas específicas.",Altamira,PA,Sentido Sentido Monte Santo,,Zona Rural,"Estrada da Bethânia, Ramal Itaboca, Km 9","-3,1531156","-52,2680574",(93) 99172-9095,,,,,,,,,,https://www.google.com/maps/place/Ch%C3%A1cara/data=!4m7!3m6!1s0x929239006c4d5dc9:0x3cbd3eb3b0bfa80c!8m2!3d-3.1696292!4d-52.2232823!16s%2Fg%2F11z65h3qjc!19sChIJyV1NbAA5kpIRDKi_sLM-vTw?authuser=0&hl=pt-BR&g_ep=EgoyMDI2MDkwOC4wIJJjKgBIAVAD&rclk=1,"https://www.google.com/maps?q=-3.1531156,-52.2680574",revisado,Apto para conferência final,,cadastur | google_maps | youtube | visitaltamira
atm_0503,Chácara Novo Horizonte,empresa,Parque,atrativos,"A entidade é identificada como Chácara novo horizonte, classificada como Parque (google_maps:480:83aba5d8ae|categoria_principal) em Altamira/PA. O endereço registrado é Altamira, PA (google_maps:480:83aba5d8ae|endereco). As coordenadas são -3.1486845, -52.2160767 (google_maps:480:83aba5d8ae|latitude, google_maps:480:83aba5d8ae|longitude). Foi priorizada a opção com o nome mais completo e a categoria 'Parque'.",Altamira,PA,,,,,"-3,1486845","-52,2160767",,,,,,,,,,,https://www.google.com/maps/place/Ch%C3%A1cara/data=!4m7!3m6!1s0x929239006c4d5dc9:0x3cbd3eb3b0bfa80c!8m2!3d-3.1696292!4d-52.2232823!16s%2Fg%2F11z65h3qjc!19sChIJyV1NbAA5kpIRDKi_sLM-vTw?authuser=0&hl=pt-BR&g_ep=EgoyMDI2MDkwOC4wIJJjKgBIAVAD&rclk=1,"https://www.google.com/maps?q=-3.1486845,-52.2160767",revisado_com_pendencias,Revisar,sem contato | pendências da fonte,cadastur | google_maps | youtube | visitaltamira | https://rpatransportes.com.br/filiais/
atm_0504,Ilha do Capacete Praia Dos Bambus,ponto_turistico,Parque,atrativos,"Entidade turística consolidada como 'Ilha do capacete Praia dos bambus', classificada como Parque e atrativo. Localizada em Altamira, PA. O endereço e coordenadas foram extraídos do Google Maps (google_maps:397:83aba5d8ae). Não há informações de contato ou serviços adicionais verificáveis para esta unidade específica.",Altamira,PA,,,,,"-3,2379069","-52,2007267",,,,,,,,,,,https://www.google.com/maps/place/Ilha+do+capacete+Praia+dos+bambus/data=!4m7!3m6!1s0x92924700184840a3:0x894fa7ac98d844d9!8m2!3d-3.2379069!4d-52.2007267!16s%2Fg%2F11zx6k4_ss!19sChIJo0BIGABHkpIR2UTYmKynT4k?authuser=0&hl=pt-BR&g_ep=EgoyMDI2MDkwOC4wIJJjKgBIAVAD&rclk=1,"https://www.google.com/maps?q=-3.2379069,-52.2007267",revisado,Revisar,sem contato,cadastur | google_maps | youtube | visitaltamira | https://pousada-altamira.allsaopaulohotels.com/en/
atm_0505,Lugar de Pescar,empresa,Parque,atrativos,"Entidade turística 'Lugar de pescar' em Altamira, PA. Classificada como Parque e atrativo. Endereço: MQXG+V7 - Altamira, PA. Coordenadas: Lat -3.300252, Lon -52.22433. As informações são baseadas em dados do Google Maps (2026-09-11). Não há informações de contato ou horário de funcionamento confirmados para esta unidade específica.",Altamira,PA,,,,,"-3,300252","-52,22433",,,,,,,,,,,https://www.google.com/maps/place/Lugar+de+pescar/data=!4m7!3m6!1s0x9292450021b8796b:0xd718222547ba2a17!8m2!3d-3.300252!4d-52.22433!16s%2Fg%2F11z103_pfv!19sChIJa3m4IQBFkpIRFyq6RyUiGNc?authuser=0&hl=pt-BR&g_ep=EgoyMDI2MDkwOC4wIJJjKgBIAVAD&rclk=1,"https://www.google.com/maps?q=-3.300252,-52.22433",revisado,Revisar,sem contato,cadastur | google_maps | youtube | visitaltamira | https://altamira.pa.gov.br/altamira-sedia-1o-workshop-de-pesca-esportiva/
atm_0506,Orla de Altamira,ponto_turistico,Parque,atrativos,"Entidade consolidada como Orla de Altamira, classificada como Parque/Atrativo. Endereço em Altamira-PA, Centro, com coordenadas e dados de contato provenientes do Google Maps. A web verificou o nome como 'Orla de Altamira' (buser.com.br).",Altamira,PA,Rod. Ernesto Aciole,,Centro,,"-3,2014438","-52,2033576",,,,,,,,,,,https://www.google.com/maps/place/orlas+e+parques/data=!4m7!3m6!1s0x92923970284e8bdf:0x74c4b5a79860b86c!8m2!3d-3.2014438!4d-52.2033576!16s%2Fg%2F11f6y9qnyc!19sChIJ34tOKHA5kpIRbLhgmKe1xHQ?authuser=0&hl=pt-BR&g_ep=EgoyMDI2MDkwOC4wIJJjKgBIAVAD&rclk=1,"https://www.google.com/maps?q=-3.2014438,-52.2033576",revisado,Revisar,sem contato,cadastur | google_maps | youtube | visitaltamira | https://www.buser.com.br/destinos/pontos-turisticos/pa/altamira/orla-de-altamira
atm_0507,Parque Ambiental da Lagoa,empresa,Parque,atrativos,"Parque Ambiental da Lagoa, um parque e atrativo localizado em Altamira/PA. O endereço é R. Lucindo Câmara, 286 - Jardim Independente I. As coordenadas são -3.2159035, -52.2260679 (Fonte: google_maps, 2026-09-11).",Altamira,PA,R. Lucindo Câmara,286,Jardim Independente I,,"-3,2159035","-52,2260679",,,,,,,,,,,https://www.google.com/maps/place/Parque+Ambiental+da+Lagoa/data=!4m7!3m6!1s0x9292390021258c1f:0x2c92e78cde077a7e!8m2!3d-3.2159035!4d-52.2260679!16s%2Fg%2F11ltqdrz0q!19sChIJH4wlIQA5kpIRfnoH3oznkiw?authuser=0&hl=pt-BR&g_ep=EgoyMDI2MDkwOC4wIJJjKgBIAVAD&rclk=1,"https://www.google.com/maps?q=-3.2159035,-52.2260679",revisado_com_pendencias,Revisar,sem contato | pendências da fonte,cadastur | google_maps | youtube | visitaltamira
atm_0508,Parque Aparecida,empresa,Parque,atrativos,"Consolidado o Parque Aparecida de Altamira (PA) com dados de um registro específico (google_maps:37:83aba5d8ae). A categoria principal é Parque, com atrativos secundários. O endereço é Ac. Cinco, 148-362 - Aparecida, Altamira - PA, e o telefone é (93) 99977-8126. Coordenadas e dados de fonte verificados em 2026-09-11.",Altamira,PA,"Ac. Cinco, 148-362",,Aparecida,,"-3,1972759","-52,2061921",(93) 99977-8126,,,,,,,,,,https://www.google.com/maps/place/Parque+Aparecida/data=!4m7!3m6!1s0x9292383bf178e225:0x5dba4a7b89328922!8m2!3d-3.1972759!4d-52.2061921!16s%2Fg%2F11c6_z449m!19sChIJJeJ48Ts4kpIRIokyiXtKul0?authuser=0&hl=pt-BR&g_ep=EgoyMDI2MDkwOC4wIJJjKgBIAVAD&rclk=1,"https://www.google.com/maps?q=-3.1972759,-52.2061921",revisado_com_pendencias,Revisar,pendências da fonte,cadastur | google_maps | youtube | visitaltamira
atm_0509,Parque Igarapé Altamira,empresa,Parque,atrativos,"Entidade turística consolidada: Parque Igarapé Altamira, um parque e atrativo localizado no Centro de Altamira, PA. O endereço é Av. Djalma Dutra - Centro, Altamira - PA, 68371-000. Coordenadas: -3.2020167, -52.2077246 (Fonte: google_maps, 2026-09-11).",Altamira,PA,Av. Djalma Dutra,,Centro,,"-3,2020167","-52,2077246",,,,,,,,,,,https://www.google.com/maps/place/Parque+Igarap%C3%A9+Altamira/data=!4m7!3m6!1s0x929239d0683ff9bd:0x8bae205b70bf197f!8m2!3d-3.2020167!4d-52.2077246!16s%2Fg%2F11llnndh46!19sChIJvfk_aNA5kpIRfxm_cFsgros?authuser=0&hl=pt-BR&g_ep=EgoyMDI2MDkwOC4wIJJjKgBIAVAD&rclk=1,"https://www.google.com/maps?q=-3.2020167,-52.2077246",revisado_com_pendencias,Revisar,sem contato | pendências da fonte,cadastur | google_maps | youtube | visitaltamira
atm_0510,Parque Jardim Independente,empresa,Parque,atrativos,"Parque Jardim Independente é um parque em Altamira/PA, localizado no bairro Jardim Independente II. O endereço é R. João Besouro, 3355. As coordenadas são -3.2199328, -52.2204705. O site fornecido é http://www.norteenergiasa.com.br/ (Fonte: google_maps, 2026-09-11). A categoria principal é Parque.",Altamira,PA,R. João Besouro,3355,Jardim Independente Ii,,"-3,2199328","-52,2204705",,,,http://www.norteenergiasa.com.br/,,,,,,,https://www.google.com/maps/place/Parque+Jardim+Independente/data=!4m7!3m6!1s0x929247a5df23e457:0xd9540d6ca68c48cc!8m2!3d-3.2199328!4d-52.2204705!16s%2Fg%2F11j9d2v9nt!19sChIJV-Qj36VHkpIRzEiMpmwNVNk?authuser=0&hl=pt-BR&g_ep=EgoyMDI2MDkwOC4wIJJjKgBIAVAD&rclk=1,"https://www.google.com/maps?q=-3.2199328,-52.2204705",revisado_com_pendencias,Revisar,pendências da fonte,cadastur | google_maps | youtube | visitaltamira
atm_0511,Parque Verde Altamira.,empresa,Parque,atrativos,"Parque Verde Altamira é um parque em Altamira, PA, classificado como atrativo. O endereço é Tv. Pedro Gomes - Perpétuo Socorro, e as coordenadas são -3.203972, -52.2216178 (Fonte: google_maps, 2026-09-11). Foi priorizado o preenchimento completo com dados de uma única fonte verificada.",Altamira,PA,Tv. Pedro Gomes,,Perpétuo Socorro,,"-3,203972","-52,2216178",,,,,,,,,,,https://www.google.com/maps/place/Parque+Verde+Altamira./data=!4m7!3m6!1s0x92923924c0b9f197:0xf011778578aa6aec!8m2!3d-3.203972!4d-52.2216178!16s%2Fg%2F11sy237971!19sChIJl_G5wCQ5kpIR7GqqeIV3EfA?authuser=0&hl=pt-BR&g_ep=EgoyMDI2MDkwOC4wIJJjKgBIAVAD&rclk=1,"https://www.google.com/maps?q=-3.203972,-52.2216178",revisado,Revisar,sem contato,cadastur | google_maps | youtube | visitaltamira
atm_0512,Parque Das Capivaras,empresa,Parque,atrativos,"Parque das Capivaras em Altamira/PA. A categoria principal é Parque, com a secundária 'atrativos'. O endereço é Sudam I, Altamira - PA, 68377-412. Coordenadas: Lat -3.2014721, Lon -52.2123551 (Fonte: google_maps:525:83aba5d8ae, 2026-09-11). Pendência na seleção do bairro ('PA').",Altamira,PA,Sudam I,,Pa,,"-3,2014721","-52,2123551",,,,,,,,,,,https://www.google.com/maps/place/Parque+das+Capivaras+de+Altamira/data=!4m7!3m6!1s0x9292390004d272e7:0x65e25ae1388a24da!8m2!3d-3.2018014!4d-52.2171844!16s%2Fg%2F11vr49jsmc!19sChIJ53LSBAA5kpIR2iSKOOFa4mU?authuser=0&hl=pt-BR&g_ep=EgoyMDI2MDkwOC4wIJJjKgBIAVAD&rclk=1,"https://www.google.com/maps?q=-3.2014721,-52.2123551",revisado_com_pendencias,Revisar,sem contato | pendências da fonte,cadastur | google_maps | youtube | visitaltamira
atm_0513,Parque do Osmilto,empresa,Parque,atrativos,"Entidade turística consolidada: Parque do Osmilto, um parque em Altamira/PA. O endereço completo é R. dos Aimorés, 153 - Jardim Independente I. As coordenadas são -3.2139951, -52.2344297, conforme dados do Google Maps (2026-09-11).",Altamira,PA,R. Dos Aimorés,153,Jardim Independente I,,"-3,2139951","-52,2344297",,,,,,,,,,,https://www.google.com/maps/place/Parque+do+Osmilto/data=!4m7!3m6!1s0x92923931eab5e66d:0x9cd236a26e4e531f!8m2!3d-3.2139951!4d-52.2344297!16s%2Fg%2F11pg62d60q!19sChIJbea16jE5kpIRH1NObqI20pw?authuser=0&hl=pt-BR&g_ep=EgoyMDI2MDkwOC4wIJJjKgBIAVAD&rclk=1,"https://www.google.com/maps?q=-3.2139951,-52.2344297",revisado,Revisar,sem contato,cadastur | google_maps | youtube | visitaltamira
atm_0514,Pista de Motocross Ponto Alto,empresa,Parque,atrativos,"Entidade turística 'Pista de motocross Ponto Alto' em Altamira/PA. Classificada como Parque e atrativo. Endereço: Jardim dos Estados, Altamira - PA. Coordenadas: -3.2213334, -52.2381878 (Fonte: google_maps, 2026-09-11).",Altamira,PA,Jardim Dos Estados,,,,"-3,2213334","-52,2381878",,,,,,,,,,,https://www.google.com/maps/place/Pista+de+motocross+Ponto+Alto/data=!4m7!3m6!1s0x9292473ef05e9aad:0xd2a7b12968a131bd!8m2!3d-3.2213334!4d-52.2381878!16s%2Fg%2F11scn2zt05!19sChIJrZpe8D5HkpIRvTGhaCmxp9I?authuser=0&hl=pt-BR&g_ep=EgoyMDI2MDkwOC4wIJJjKgBIAVAD&rclk=1,"https://www.google.com/maps?q=-3.2213334,-52.2381878",revisado_com_pendencias,Revisar,sem contato | pendências da fonte,cadastur | google_maps | youtube | visitaltamira
atm_0515,Praça Nove de Dezembro,empresa,Parque,atrativos,"Entidade turística consolidada: Praça Nove de Dezembro, um Parque e atrativo localizado em Altamira/PA. O endereço é R. Pôrto Alegre, 44 - Jardim Independente I. Coordenadas e dados extraídos do Google Maps (2026-09-11).",Altamira,PA,R. Pôrto Alegre,44,Jardim Independente I,,"-3,2145648","-52,2329035",,,,,,,,,,,https://www.google.com/maps/place/Pra%C3%A7a+Nove+de+Dezembro/data=!4m7!3m6!1s0x929239398b8d974f:0xcdf6fc10c824287c!8m2!3d-3.2145648!4d-52.2329035!16s%2Fg%2F11nfq6x_ds!19sChIJT5eNizk5kpIRfCgkyBD89s0?authuser=0&hl=pt-BR&g_ep=EgoyMDI2MDkwOC4wIJJjKgBIAVAD&rclk=1,"https://www.google.com/maps?q=-3.2145648,-52.2329035",revisado,Revisar,sem contato,cadastur | google_maps | youtube | visitaltamira
atm_0516,Praça da Biblia,empresa,Parque,atrativos,"Entidade turística consolidada: Praça da Biblia, um Parque em Altamira/PA. O endereço é 2 i, Av. Alacid Nunes, 42 - Jardim Independente I. Coordenadas: Lat -3.2081154, Lon -52.2155999. Fonte: google_maps (2026-09-11). Pendências: Nenhuma.",Altamira,PA,"2 I, Av. Alacid Nunes",42,Jardim Independente I,,"-3,2081154","-52,2155999",,,,,,,,,,,https://www.google.com/maps/place/Pra%C3%A7a+da+Biblia/data=!4m7!3m6!1s0x9292386c5323ebcf:0xe8a5bdca6f3ad011!8m2!3d-3.2081154!4d-52.2155999!16s%2Fg%2F11b6t2jpnz!19sChIJz-sjU2w4kpIREdA6b8q9peg?authuser=0&hl=pt-BR&g_ep=EgoyMDI2MDkwOC4wIJJjKgBIAVAD&rclk=1,"https://www.google.com/maps?q=-3.2081154,-52.2155999",revisado,Revisar,sem contato,cadastur | google_maps | youtube | visitaltamira
atm_0517,Praça da Cultura,empresa,Parque,atrativos,"A Praça da Cultura em Altamira/PA é um Parque e atrativo, localizada em Jardim Primavera. O endereço é 259, Tv. Vitória Régia, 1 - Jardim Primavera, Altamira - PA, 68377-210. O site é http://altamira.pa.gov.br/. O horário de funcionamento, segundo fonte externa, é das 8h às 17h.",Altamira,PA,"259, Tv. Vitória Régia",1,Jardim Primavera,,"-3,1923477","-52,2063486",,,,http://altamira.pa.gov.br/,,das 8h às 17h,,,,,https://www.google.com/maps/place/Pra%C3%A7a+da+Cultura/data=!4m7!3m6!1s0x92923830c5b3bf37:0x3cba91ba17ab7c12!8m2!3d-3.1923477!4d-52.2063486!16s%2Fg%2F11clrdhk_v!19sChIJN7-zxTA4kpIREnyrF7qRujw?authuser=0&hl=pt-BR&g_ep=EgoyMDI2MDkwOC4wIJJjKgBIAVAD&rclk=1,"https://www.google.com/maps?q=-3.1923477,-52.2063486",revisado_com_pendencias,Revisar,pendências da fonte,cadastur | google_maps | youtube | visitaltamira | https://www.batatais.sp.gov.br/secretarias/cultura-e-turismo
atm_0518,Praça da Matriz,empresa,Parque,atrativos,"Entidade turística consolidada: Praça da Matriz, classificada como Parque e atrativo. Localizada em Altamira, PA. Endereço: Av. João Pessoa, 68371-028 - Recreio, Altamira - PA. Coordenadas: Lat -3.205289, Lon -52.2060818 (Fonte: google_maps, 2026-09-11).",Altamira,PA,"Av. João Pessoa, 68371-028",,Recreio,,"-3,205289","-52,2060818",,,,,,,,,,,https://www.google.com/maps/place/Pra%C3%A7a+da+Matriz/data=!4m7!3m6!1s0x92923816b70ccb2b:0x36c1a9c7e27b4943!8m2!3d-3.205289!4d-52.2060818!16s%2Fg%2F11cfctt0_!19sChIJK8sMtxY4kpIRQ0l74sepwTY?authuser=0&hl=pt-BR&g_ep=EgoyMDI2MDkwOC4wIJJjKgBIAVAD&rclk=1,"https://www.google.com/maps?q=-3.205289,-52.2060818",revisado_com_pendencias,Revisar,sem contato | pendências da fonte,cadastur | google_maps | youtube | visitaltamira
atm_0519,Praça da Paz,empresa,Parque,atrativos,"A entidade é a Praça da Paz, classificada como Parque e atrativo. Localizada em Altamira, PA, o endereço é Centro, Altamira - PA, 68371-203. As coordenadas são -3.2041939, -52.2112691 (Fonte: google_maps:529:83aba5d8ae). Foi priorizada a fonte do Google Maps por fornecer o conjunto mais completo de dados de localização e endereço.",Altamira,PA,Centro,,,,"-3,2041939","-52,2112691",,,,,,,,,,,https://www.google.com/maps/place/Pra%C3%A7a+da+Paz/data=!4m7!3m6!1s0x92923902c2b6f8a3:0xef809fee700ed350!8m2!3d-3.2041939!4d-52.2112691!16s%2Fg%2F11g4dkpsrm!19sChIJo_i2wgI5kpIRUNMOcO6fgO8?authuser=0&hl=pt-BR&g_ep=EgoyMDI2MDkwOC4wIJJjKgBIAVAD&rclk=1,"https://www.google.com/maps?q=-3.2041939,-52.2112691",revisado_com_pendencias,Revisar,sem contato | pendências da fonte,cadastur | google_maps | youtube | visitaltamira
atm_0520,Praça do Estudante,empresa,Parque,atrativos,"A Praça do Estudante é um Parque e atrativo localizado em Altamira, PA. O endereço é Av. Tancredo Neves - Altamira, PA. As coordenadas são -3.2127319, -52.21805 (Fonte: google_maps, 2026-09-11).",Altamira,PA,Av. Tancredo Neves -,,,,"-3,2127319","-52,21805",,,,,,,,,,,https://www.google.com/maps/place/Pra%C3%A7a+do+Estudante/data=!4m7!3m6!1s0x92923900131f43b9:0x7dab9754f4e7bd9e!8m2!3d-3.2127319!4d-52.21805!16s%2Fg%2F11z3lrb0cy!19sChIJuUMfEwA5kpIRnr3n9FSXq30?authuser=0&hl=pt-BR&g_ep=EgoyMDI2MDkwOC4wIJJjKgBIAVAD&rclk=1,"https://www.google.com/maps?q=-3.2127319,-52.21805",revisado,Revisar,sem contato,cadastur | google_maps | youtube | visitaltamira
atm_0521,Praça do Lobo-Guará,empresa,Parque,atrativos,"Entidade turística consolidada como Praça do Lobo-Guará, um Parque em Altamira/PA. O endereço é Jardim Independente II, e o contato é (93) 99975-2239. Coordenadas e detalhes obtidos via Google Maps (2026-09-11). Pendências: Nenhuma.",Altamira,PA,Jardim Independente Ii,,Pa,,"-3,2219594","-52,2188051",(93) 99975-2239,,,,,,,,,,https://www.google.com/maps/place/Pra%C3%A7a+do+Lobo-Guar%C3%A1/data=!4m7!3m6!1s0x929247004af1c9d9:0x4e51bef19e2e7ed!8m2!3d-3.2219594!4d-52.2188051!16s%2Fg%2F11xwbd25by!19sChIJ2cnxSgBHkpIR7efiGe8b5QQ?authuser=0&hl=pt-BR&g_ep=EgoyMDI2MDkwOC4wIJJjKgBIAVAD&rclk=1,"https://www.google.com/maps?q=-3.2219594,-52.2188051",revisado_com_pendencias,Revisar,pendências da fonte,cadastur | google_maps | youtube | visitaltamira | https://canaoeste.com.br/produtor-rural/informacoes-turisticas-da-regiao-de-atuacao-da-canaoeste/
atm_0522,Praça do Mirante,empresa,Parque,atrativos,A Praça do Mirante em Altamira/PA é um ponto turístico conhecido pela vista privilegiada do Rio Xingu e por seus pores do sol. Foi selecionada a categoria 'Parque' (google_maps) e o endereço completo (google_maps). As fontes indicam a localização e fornecem URLs de imagens da Visita Altamira.,Altamira,PA,R. José Medeiros da Costa,,Brasília,,"-3,1935353","-52,2168358",,,,,,,,,,,https://visitaltamira.com.br/pt/ponto/praca-do-mirante,"https://www.google.com/maps?q=-3.1935353,-52.2168358",revisado_com_pendencias,Revisar,sem contato | pendências da fonte,cadastur | google_maps | youtube | visitaltamira
atm_0523,Praça Dos Sonhos,empresa,Parque,atrativos,"Entidade turística 'Praça dos Sonhos' em Altamira/PA. Classificada como Parque e atrativo. Endereço: Nova Altamira, Altamira - PA. Coordenadas: Lat -3.1735906, Lon -52.1946138 (Fonte: google_maps, 2026-09-11).",Altamira,PA,Nova Altamira,,,,"-3,1735906","-52,1946138",,,,,,,,,,,https://www.google.com/maps/place/Pra%C3%A7a+dos+Sonhos/data=!4m7!3m6!1s0x929239000cdd9cb3:0x8bb7be66686b410f!8m2!3d-3.1735906!4d-52.1946138!16s%2Fg%2F11m781__0h!19sChIJs5zdDAA5kpIRD0FraGa-t4s?authuser=0&hl=pt-BR&g_ep=EgoyMDI2MDkwOC4wIJJjKgBIAVAD&rclk=1,"https://www.google.com/maps?q=-3.1735906,-52.1946138",revisado_com_pendencias,Revisar,sem contato | pendências da fonte,cadastur | google_maps | youtube | visitaltamira
atm_0524,Sítio Jaburu,empresa,Parque,atrativos,"Entidade turística consolidada como SÍTIO JABURU, um Parque e atrativo localizado em Altamira, PA. O endereço é R. Abel Figueiredo - Aparecida, e as coordenadas são -3.2001883, -52.202388 (Fonte: google_maps, 2026-09-11). Pendências: Nenhuma.",Altamira,PA,R. Abel Figueiredo,,Aparecida,,"-3,2001883","-52,202388",,,,,,,,,,,https://www.google.com/maps/place/S%C3%8DTIO+JABURU/data=!4m7!3m6!1s0x929239ed891e59c7:0x6737c22cb2730726!8m2!3d-3.2001883!4d-52.202388!16s%2Fg%2F11nwbwb812!19sChIJx1keie05kpIRJgdzsizCN2c?authuser=0&hl=pt-BR&g_ep=EgoyMDI2MDkwOC4wIJJjKgBIAVAD&rclk=1,"https://www.google.com/maps?q=-3.2001883,-52.202388",revisado,Revisar,sem contato,cadastur | google_maps | youtube | visitaltamira
atm_0525,Parque Ambiental da Transamazônica,empresa,Parque Ambiental,"Ecoturismo, Natureza","Parque Ambiental da Transamazônica, em Altamira/PA, é um parque ambiental focado em ecoturismo e natureza. Oferece exploração de belezas naturais e atrai amantes da natureza e aventureiros. (Fonte: youtube:133:1dcfa867f9, 2026-09-11)",Altamira,PA,,,,"Altamira, Pará",,,,,,,,,Exploração de belezas naturais,,,,https://www.youtube.com/watch?v=PmuSwGJwSLM,,revisado,Revisar,sem coordenadas | sem contato,cadastur | google_maps | youtube | visitaltamira
atm_0526,Memorial Pindoba do Arrudeio,empresa,Parque Memorial,atrativos,"Memorial Pindoba do Arrudeio, um Parque Memorial e atrativo, localizado em Altamira/PA. O endereço é R. Nossa Sra. de Nazaré, 1233 - Jardim independente 1. Coordenadas: -3.2139439, -52.2336482 (Fonte: google_maps, 2026-09-11).",Altamira,PA,R. Nossa Sra. de Nazaré,1233,Jardim Independente 1,,"-3,2139439","-52,2336482",,,,,,,,,,,https://www.google.com/maps/place/Memorial+Pindoba+do+Arrudeio/data=!4m7!3m6!1s0x929239f7fcbe45bf:0xfe978668f60d083d!8m2!3d-3.2139439!4d-52.2336482!16s%2Fg%2F11r603dm58!19sChIJv0W-_Pc5kpIRPQgN9miGl_4?authuser=0&hl=pt-BR&g_ep=EgoyMDI2MDkwOC4wIJJjKgBIAVAD&rclk=1,"https://www.google.com/maps?q=-3.2139439,-52.2336482",revisado,Revisar,sem contato,cadastur | google_maps | youtube | visitaltamira
atm_0527,Amazon Beach Park,empresa,Parque aquático,atrativos,"Amazon Beach Park é um parque aquático em Altamira, PA. O endereço é na Rodovia BR 230, km 8 Área Rural. Contatos incluem telefone (93) 99131-3080 e site no Facebook. Coordenadas e informações obtidas do Google Maps (2026-09-11).",Altamira,PA,"Rodovia Br 230, Km 8 Área Rural",,Pa,,"-3,1720262","-52,1284432",(93) 99131-3080,,,https://www.facebook.com/Amazon-Beach-Park-109240677538825,,,,,,,https://www.google.com/maps/place/Amazon+Beach+Park/data=!4m7!3m6!1s0x9292379021840739:0xc7b94110c47d6162!8m2!3d-3.1720262!4d-52.1284432!16s%2Fg%2F11k0rcvjw8!19sChIJOQeEIZA3kpIRYmF9xBBBucc?authuser=0&hl=pt-BR&g_ep=EgoyMDI2MDkwOC4wIJJjKgBIAVAD&rclk=1,"https://www.google.com/maps?q=-3.1720262,-52.1284432",revisado_com_pendencias,Revisar,pendências da fonte,cadastur | google_maps | youtube | visitaltamira
atm_0528,Parque de Diversão Santa Cruz,empresa,Parque de diversão,atrativos,"Parque de Diversão Santa Cruz, um parque de diversão e atrativo, está localizado em Altamira, PA. O endereço é Av. João Rodrigues, 2415 - Esplanada do Xingu, Altamira - PA, 68372-090. As coordenadas são -3.2120289, -52.2142969 (Fonte: google_maps, 2026-09-11).",Altamira,PA,Av. João Rodrigues,2415,Esplanada do Xingu,,"-3,2120289","-52,2142969",,,,,,,,,,,https://www.google.com/maps/place/Parque+de+Divers%C3%A3o+Santa+Cruz/data=!4m7!3m6!1s0x92923872e373d745:0x4a3dca3693f4b620!8m2!3d-3.2120289!4d-52.2142969!16s%2Fg%2F11cfhkmtj!19sChIJRddz43I4kpIRILb0kzbKPUo?authuser=0&hl=pt-BR&g_ep=EgoyMDI2MDkwOC4wIJJjKgBIAVAD&rclk=1,"https://www.google.com/maps?q=-3.2120289,-52.2142969",revisado,Revisar,sem contato,cadastur | google_maps | youtube | visitaltamira
atm_0529,Recanto Das Pedras,empresa,Parque ecológico,atrativos,"Recanto das Pedras é um Parque ecológico e atrativo localizado em Altamira/PA. O endereço é Travessa do Pelé A 50 km do Porto da balsa Assurini, Sen. José Porfírio - PA, 68360-000. Contato: (93) 99155-3618. Coordenadas: -3.2175077, -52.2143352 (Fonte: google_maps, 2026-09-11).",Altamira,PA,Travessa do Pelé A,50,Pa,"Km do Porto da Balsa Assurini, Sen. José Porfírio","-3,2175077","-52,2143352",(93) 99155-3618,,,,,,,,,,https://www.google.com/maps/place/Recanto+das+Pedras/data=!4m7!3m6!1s0x929239cff1e0da53:0x6cd92ffa05ef8113!8m2!3d-3.2175077!4d-52.2143352!16s%2Fg%2F11qg33gshr!19sChIJU9rg8c85kpIRE4HvBfov2Ww?authuser=0&hl=pt-BR&g_ep=EgoyMDI2MDkwOC4wIJJjKgBIAVAD&rclk=1,"https://www.google.com/maps?q=-3.2175077,-52.2143352",revisado_com_pendencias,Revisar,pendências da fonte,cadastur | google_maps | youtube | visitaltamira
atm_0530,Lago Parque do Açaí,empresa,Parque municipal,atrativos,"Entidade turística consolidada: Lago Parque do Açaí, um Parque municipal em Altamira/PA. O endereço é Bela Vista, e as coordenadas são -3.2084342, -52.2442989, conforme dados do Google Maps (2026-09-11).",Altamira,PA,Bela Vista,,,,"-3,2084342","-52,2442989",,,,,,,,,,,https://www.google.com/maps/place/Lago+Parque+do+A%C3%A7a%C3%AD/data=!4m7!3m6!1s0x9292388e20103979:0xddb68b9324c84bc0!8m2!3d-3.2084342!4d-52.2442989!16s%2Fg%2F11fzf6rmhf!19sChIJeTkQII44kpIRwEvIJJOLtt0?authuser=0&hl=pt-BR&g_ep=EgoyMDI2MDkwOC4wIJJjKgBIAVAD&rclk=1,"https://www.google.com/maps?q=-3.2084342,-52.2442989",revisado_com_pendencias,Revisar,sem contato | pendências da fonte,cadastur | google_maps | youtube | visitaltamira
atm_0531,Chácara Paricá,empresa,Parque rural,atrativos,"A entidade turística Chácara Paricá foi consolidada com dados da fonte google_maps:478:83aba5d8ae. A categoria principal é Parque rural, localizada em Altamira/PA. O endereço é ET DA SERRINHA - Unnamed Road, e o contato é (93) 98117-6708. Coordenadas e bairro também foram registrados com base nesta fonte.",Altamira,PA,Et da Serrinha,,Unnamed Road,,"-3,1457657","-52,2252761",(93) 98117-6708,,,,,,,,,,https://www.google.com/maps/place/Ch%C3%A1cara/data=!4m7!3m6!1s0x929239006c4d5dc9:0x3cbd3eb3b0bfa80c!8m2!3d-3.1696292!4d-52.2232823!16s%2Fg%2F11z65h3qjc!19sChIJyV1NbAA5kpIRDKi_sLM-vTw?authuser=0&hl=pt-BR&g_ep=EgoyMDI2MDkwOC4wIJJjKgBIAVAD&rclk=1,"https://www.google.com/maps?q=-3.1457657,-52.2252761",revisado_com_pendencias,Revisar,pendências da fonte,cadastur | google_maps | youtube | visitaltamira
atm_0532,Recanto do Cardoso,empresa,Parque temático,,"Recanto Cardoso, em Altamira-PA, é um parque temático/balneário com infraestrutura para lazer. Possui serviços como churrasco, redes e contato com a natureza. O contato principal é (93) 99129-7207 e o site é http://facebook.com/recantocardoso. As coordenadas e endereço são baseados em fontes de 2026.",Altamira,PA,"Estrada, Ramal Monte Santo, Km",10,Zona Rural,S/N,"-3,1274334","-52,2703488",(93) 99129-7207,,,http://facebook.com/recantocardoso,,,"Alimentar peixes, churrasco em quiosques, descanso em redes, contato com a natureza.",,,,https://visitaltamira.com.br/pt/empresa/recanto-do-cardoso,"https://www.google.com/maps?q=-3.1274334,-52.2703488",revisado_com_pendencias,Revisar,pendências da fonte,cadastur | google_maps | youtube | visitaltamira | https://turismoparaense.blogspot.com/2016/07
atm_0533,Praça (Próximo À Ufpa),empresa,Parques e Praças,"Lazer, Esportes, Parques Urbanos","Praça (próximo à UFPA) é um parque em Altamira/PA, localizado na Av. José Porfírio. É ideal para lazer, esportes e atividades como caminhada, skate, ginástica e lazer infantil. Não necessita de reserva.",Altamira,PA,"Av. José Porfírio, Altamira",,,,,,,,,,,,"Caminhada, skate, ginástica, lazer infantil, quadra de areia",,Não,,https://www.youtube.com/watch?v=KeJAKYeI34Q,,revisado,Revisar,sem coordenadas | sem contato,cadastur | google_maps | youtube | visitaltamira
atm_0534,Passeio Fluvial No Rio Xingu,empresa,Passeio Fluvial,"Gastronomia Regional, Embarcação Flutuante","Passeio Fluvial no Rio Xingu em Altamira/PA. A atividade, com duração de duas horas, permite desfrutar das belezas naturais e gastronômicas em uma embarcação flutuante. Oferece passeio de barco e degustação de gastronomia local. Público-alvo: Turistas e autoridades. (Fonte: youtube:50:1dcfa867f9, 2026-09-11)",Altamira,PA,"Rio Xingu, Altamira",,,,,,,,,,,,"Passeio de barco, degustação de gastronomia local",,,,https://www.youtube.com/watch?v=iVr-L6b4TmI,,revisado,Revisar,sem coordenadas | sem contato,cadastur | google_maps | youtube | visitaltamira
atm_0535,Calçadão de Altamira,empresa,Passeio Urbano,"Revitalização, Lazer","Calçadão de Altamira é um Passeio Urbano em Altamira/PA, com serviços de Caminhada e passeio contemplativo. O local foi revitalizado em 2024 e não necessita de reserva. O endereço é Altamira, Pará.",Altamira,PA,,,,"Altamira, Pará",,,,,,,,,"Caminhada, passeio contemplativo.",,Não,,https://www.youtube.com/watch?v=JNv8WY0ojmY,,revisado_com_pendencias,Revisar,sem coordenadas | sem contato | pendências da fonte,cadastur | google_maps | youtube | visitaltamira
atm_0536,Passeio de Balsa No Rio Xingu,empresa,Passeio de Barco,"Rio Xingu, Lazer, Churrasco, Ecoturismo","Passeio de Balsa no Rio Xingu em Altamira-PA. É um passeio de barco que permite banho de rio, churrasco e lazer na praia. Ideal para famílias e grupos de amigos. A fonte é um vídeo do YouTube (youtube:83:1dcfa867f9) com data de 2026-09-11.",Altamira,PA,Rio Xingu,,,,,,,,,,,,"Banho de rio, churrasco, passeio de barco, uso de cozinha e área de churrasco na embarcação",,,,https://www.youtube.com/watch?v=DLzFzIx_ZiM,,revisado,Revisar,sem coordenadas | sem contato,cadastur | google_maps | youtube | visitaltamira
atm_0537,45.262.126 Oziane Gomes Borges,empresa,Passeios,Empresário Individual,"Entidade turística registrada no Cadastur em Altamira/PA. Nome: 45.262.126 OZIANE GOMES BORGES. Categoria principal: Passeios. Endereço: João Pessoa - de 1749/1750 a 2095/2096 Altamira Centro. Contato: (93)9152-0067 e e-mail: ENG_OZI@YAHOO.COM.BR. Status: Regular (Operação). (Fonte: cadastur, 2026-09-11)",Altamira,PA,João Pessoa,,de 1749/1750 A 2095/2096 Altamira Centro Cep: 68371045 Pa,,,,(93)9152-0067,,ENG_OZI@YAHOO.COM.BR,,,,,,,Regular - Certificado: 45262126000172 (Operação) - Validade: 2026-11-08,https://cadastur.turismo.gov.br/,,revisado_com_pendencias,Revisar,sem coordenadas | pendências da fonte,cadastur | google_maps | youtube | visitaltamira
atm_0538,Cine A,empresa,Passeios,atrativos,"Cine A em Altamira/PA. É um cinema com foco em entretenimento, localizado no Shopping Serra Dourada. O endereço é Av. Nova Altamira, 1851. Contato: (94) 3198-2037. O site é https://www.cinea.com.br/. Coordenadas e imagens de fontes distintas foram selecionadas, priorizando a evidência específica da unidade.",Altamira,PA,Av. Nova Altamira,1851,Shopping Serra Dourada,,"-3,202413","-52,256037",(94) 3198-2037,,,https://www.cinea.com.br/,,,,,,,https://visitaltamira.com.br/pt/empresa/cine-a,"https://www.google.com/maps?q=-3.202413,-52.256037",revisado_com_pendencias,Revisar,pendências da fonte,cadastur | google_maps | youtube | visitaltamira
atm_0539,Destinno Experience,empresa,Passeios,Sociedade Empresária Limitada,"DESTINNO EXPERIENCE é um prestador turístico em Altamira/PA, classificado como Passeios. Possui registro Cadastur ativo até 2028-06-23. O endereço é na Rua Alberto Soares. Contatos incluem telefone (11)91448-9090, WhatsApp (+5511914489090) e e-mail DESTINNOEXPERIENCE@GMAIL.COM.",Altamira,PA,Rua Alberto Soares  Altamira Alberto Soares Cep:,68376030,Pa,,,,(11)91448-9090,(11) 91448-9090,DESTINNOEXPERIENCE@GMAIL.COM,,,,,,,Regular - Certificado: 67554471000112 (Operação) - Validade: 2028-06-23,https://cadastur.turismo.gov.br/,,revisado_com_pendencias,Revisar,sem coordenadas | pendências da fonte,cadastur | google_maps | youtube | visitaltamira
atm_0540,Igarapé Panelas,empresa,Passeios,atrativos,"Entidade turística consolidada como Igarapé Panelas em Altamira-PA. A categoria principal é Passeios, com atrativos. O endereço é Ibiza, Altamira - PA. Coordenadas e imagens foram priorizadas da fonte Visita Altamira, mantendo o endereço e coordenadas do Google Maps. O local é descrito como um trecho natural ideal para relaxamento e passeios tranquilos.",Altamira,PA,Ibiza,,Pa,,"-3,2368367","-52,2478287",,,,,,,,,,,https://visitaltamira.com.br/pt/ponto/igarape-panelas,"https://www.google.com/maps?q=-3.2368367,-52.2478287",revisado_com_pendencias,Revisar,sem contato | pendências da fonte,cadastur | google_maps | youtube | visitaltamira
atm_0541,Shopping Serra Dourada,empresa,Passeios,"Compras, Lazer, Cinema, Praça de Alimentação","Shopping Serra Dourada em Altamira/PA. É um centro de compras e lazer com cinema, praça de alimentação e serviços. Possui foco em famílias e moradores locais. Contatos e localização verificados via visitaaltamira (Lat: -3.202122, Lon: -52.256775). O endereço é aproximado (Próximo ao Atacarejo). Não há pendências de reserva.",Altamira,PA,"Próximo Ao Atacarejo, Altamira",,,,,,,,,,,,"Compras, alimentação e cinema",,Não,,https://visitaltamira.com.br/pt/empresa/shopping-serra-dourada,,revisado_com_pendencias,Revisar,sem coordenadas | sem contato | pendências da fonte,cadastur | google_maps | youtube | visitaltamira
atm_0542,Viverde Amazônia,empresa,Passeios,,"Viverde Amazônia é uma operadora de ecoturismo em Altamira/PA. O endereço é Av. João Pessoa, 1046 - Centro. Contatos incluem telefone (93) 99162-2391 e WhatsApp via link. Possui site e redes sociais, com foco em vivências sustentáveis na Amazônia.",Altamira,PA,Av. João Pessoa,1046,Centro,,"-3,204122","-52,204393",(93) 99162-2391,,,https://viverdeamazonia.excelencia360.com/,https://www.instagram.com/viverdeamazonia/,,,,,,https://visitaltamira.com.br/pt/empresa/viverde-amazonia,"https://www.google.com/maps?q=-3.204122,-52.204393",revisado,Apto para conferência final,,cadastur | google_maps | youtube | visitaltamira
atm_0543,Cais de Altamira,empresa,Passeios de Barco,"Transporte Fluvial, Rio Xingu","Cais de Altamira, em Altamira/PA, é um local associado a passeios de barco e orla, ideal para turistas e moradores. Oferece serviços como contratação de voadeiras para passeios regionais. O endereço é na Orla de Altamira, Rio Xingu. Não foi especificada necessidade de reserva.",Altamira,PA,"Orla de Altamira, Rio Xingu",,,,,,,,,,,,Contratação de voadeiras para passeios regionais.,,Não,,https://www.youtube.com/watch?v=W-AeBo7yzQk,,revisado,Revisar,sem coordenadas | sem contato,cadastur | google_maps | youtube | visitaltamira | https://radardigitalbrasilia.com.br/turismo/ministro-celso-sabino-participa-nesta-quinta-feira-17-do-projeto-turismo-em-acao-edicao-transamazonica-em-altamira-pa/
atm_0544,Passeio de Jet Ski Em Altamira,empresa,Passeios de Lazer,"Aventura, Esportes Aquáticos","Passeio de Jet Ski em Altamira, classificado como Passeios de Lazer (Aventura, Esportes Aquáticos). Localizado em Altamira, PA, o serviço oferece passeio motorizado pelo rio, sendo ideal para aventureiros e entusiastas de esportes aquáticos. (Fonte: youtube:203:1dcfa867f9, 2026-09-11)",Altamira,PA,,,,,,,,,,,,,Passeio motorizado pelo rio,,,,https://www.youtube.com/watch?v=PJrJAsuXv2I,,revisado,Revisar,sem coordenadas | sem contato,cadastur | google_maps | youtube | visitaltamira
atm_0545,Marlene Pastelaria,empresa,Pastelaria brasileira,alimentacao,"Marlene pastelaria é uma pastelaria brasileira localizada em Altamira, PA, no bairro Sudam II. O endereço é Av. Perimetral, 1865 - Sudam II, Altamira - PA, 68371-400. O contato é (93) 99174-4987. As informações foram extraídas do Google Maps (2026-09-11).",Altamira,PA,Av. Perimetral,1865,Sudam Ii,,"-3,2032939","-52,2174095",(93) 99174-4987,,,,,,,,,,https://www.google.com/maps/place/Marlene+pastelaria/data=!4m7!3m6!1s0x929239e20ba61755:0xbfb2e5e545a0486d!8m2!3d-3.2032939!4d-52.2174095!16s%2Fg%2F11t7w7txmw!19sChIJVRemC-I5kpIRbUigReXlsr8?authuser=0&hl=pt-BR&g_ep=EgoyMDI2MDkwOC4wIJJjKgBIAVAD&rclk=1,"https://www.google.com/maps?q=-3.2032939,-52.2174095",revisado,Apto para conferência final,,cadastur | google_maps | youtube | visitaltamira
atm_0546,Xingu Salgados,empresa,Pastelaria brasileira,atrativos,"A entidade 'Xingu Salgados' foi consolidada com dados de 'google_maps:509:83aba5d8ae'. É classificada como Pastelaria brasileira, localizada em Altamira/PA. O endereço é Rua consuelo Borges, R. Alberto Garcia Soares, 21 - Quadra 5 casa - Colinas, e o contato é (93) 99135-5980. Coordenadas e site não foram selecionados por falta de evidência confiável para todos os campos.",Altamira,PA,"Rua Consuelo Borges, R. Alberto Garcia Soares",21,Colinas,- Quadra 5 Casa,"-3,198927","-52,1890119",(93) 99135-5980,,,,,,,,,,https://www.google.com/maps/place/Xingu+Contest+Fisiculturismo/data=!4m7!3m6!1s0x9292399a9e32b4fb:0x7b6fea16e14e6b6!8m2!3d-3.1965018!4d-52.2120012!16s%2Fg%2F11t1h46fzw!19sChIJ-7Qynpo5kpIRtuYUbqH-tgc?authuser=0&hl=pt-BR&g_ep=EgoyMDI2MDkwOC4wIJJjKgBIAVAD&rclk=1,"https://www.google.com/maps?q=-3.198927,-52.1890119",revisado_com_pendencias,Revisar,pendências da fonte,cadastur | google_maps | youtube | visitaltamira
atm_0547,Rodovia Transamazônica (Marco Zero),empresa,Patrimônio Histórico,"Estrada, História","A Rodovia Transamazônica (Marco Zero) é um patrimônio histórico localizado em Altamira, PA. A atração oferece visitação ao marco histórico e é classificada como Estrada e História. (Fonte: youtube, 2026-09-11)",Altamira,PA,,,,Altamira,,,,,,,,,Visitação ao marco histórico,,,,https://www.youtube.com/watch?v=cPuQr_1SnIk,,revisado,Revisar,sem coordenadas | sem contato,cadastur | google_maps | youtube | visitaltamira
atm_0548,Barragem de Belo Monte,empresa,Patrimônio Industrial/Infraestrutura,"Hidrelétrica, Engenharia, História","A Barragem de Belo Monte é um complexo hídrico em Altamira, PA, classificado como Patrimônio Industrial/Infraestrutura. As atrações incluem tours gratuitos (mediante agendamento) e observação da infraestrutura. O público-alvo são turistas e estudantes de engenharia. As visitas são agendadas e o custo é gratuito, conforme fonte web verificada (data não informada).",Altamira,PA,"Região de Altamira, Pará",,,,,,,,,,,,"tours gratuitos para turistas e também para instituições e imprensa, além de um tour virtual",,,,https://www.youtube.com/watch?v=RkgTeXobqGU,,revisado_com_pendencias,Revisar,sem coordenadas | sem contato | pendências da fonte,cadastur | google_maps | youtube | visitaltamira | https://memoriadaeletricidade.com.br/blog/141997/usinas-hidreletricas-no-brasil-abrem-as-portas-para-turistas
atm_0549,Praia do Padeiro,ponto_turistico,Pavilhão na praia,atrativos,"Entidade turística 'Praia do Padeiro' em Altamira/PA. É classificada como Pavilhão na praia e atrativo. O endereço é Rod. Transassurini - Altamira, PA. Coordenadas: Lat -3.2605944, Lon -52.1922429 (Fonte: google_maps, 2026-09-11).",Altamira,PA,Rod. Transassurini -,,,,"-3,2605944","-52,1922429",,,,,,,,,,,https://www.google.com/maps/place/Praia+do+Padeiro/data=!4m7!3m6!1s0x929247343b478905:0x81bb2cc87a3850a4!8m2!3d-3.2605944!4d-52.1922429!16s%2Fg%2F11l8l04gh7!19sChIJBYlHOzRHkpIRpFA4esgsu4E?authuser=0&hl=pt-BR&g_ep=EgoyMDI2MDkwOC4wIJJjKgBIAVAD&rclk=1,"https://www.google.com/maps?q=-3.2605944,-52.1922429",revisado,Revisar,sem contato | possível duplicidade,cadastur | google_maps | youtube | visitaltamira
atm_0550,Aldeia Pescados,empresa,Peixaria,alimentacao,"Aldeia Pescados é uma peixaria e local de alimentação em Altamira, PA. O endereço é Tv. Dez de Novembro - Recreio, e pode ser contatado pelo telefone (93) 99235-1196. O site oficial é um perfil do Instagram (google_maps:339:83aba5d8ae|site). As coordenadas são -3.2077667, -52.2106731 (google_maps:339:83aba5d8ae|latitude, google_maps:339:83aba5d8ae|longitude). (Fonte: google_maps:339:83aba5d8ae, 2026-09-11)",Altamira,PA,Tv. Dez de Novembro,,Recreio,,"-3,2077667","-52,2106731",(93) 99235-1196,,,https://www.instagram.com/aldeia_pescados2024?utm_source=ig_web_button_share_sheet&igsh=ZDNlZDc0MzIxNw==,,,,,,,https://www.google.com/maps/place/Aldeia+Pescados/data=!4m7!3m6!1s0x929239a226afc26b:0x82ff98b00635f93!8m2!3d-3.2077667!4d-52.2106731!16s%2Fg%2F11vzv037bc!19sChIJa8KvJqI5kpIRk19jAIv5Lwg?authuser=0&hl=pt-BR&g_ep=EgoyMDI2MDkwOC4wIJJjKgBIAVAD&rclk=1,"https://www.google.com/maps?q=-3.2077667,-52.2106731",revisado,Apto para conferência final,,cadastur | google_maps | youtube | visitaltamira
atm_0551,Casa do Peixeiro,empresa,Peixaria,alimentacao,"Entidade turística 'Casa do peixeiro' em Altamira/PA. É classificada como Peixaria e alimentação. O endereço é R. Alércia Orlandina Cerezer Dazalem - Nova Altamira, e as coordenadas são -3.1739014, -52.1936627 (Fonte: google_maps, 2026-09-11).",Altamira,PA,R. Alércia Orlandina Cerezer Dazalem,,Nova Altamira,,"-3,1739014","-52,1936627",,,,,,,,,,,https://www.google.com/maps/place/Casa+do+peixeiro/data=!4m7!3m6!1s0x92923900662d4d59:0xb8e8f83ee0d72f7c!8m2!3d-3.1739014!4d-52.1936627!16s%2Fg%2F11y_tnx3vq!19sChIJWU0tZgA5kpIRfC_X4D746Lg?authuser=0&hl=pt-BR&g_ep=EgoyMDI2MDkwOC4wIJJjKgBIAVAD&rclk=1,"https://www.google.com/maps?q=-3.1739014,-52.1936627",revisado,Revisar,sem contato,cadastur | google_maps | youtube | visitaltamira
atm_0552,Peixaria Casa do Camarao,empresa,Peixaria,alimentacao,"Peixaria casa do camarao é uma peixaria e local de alimentação em Altamira, PA. Localizada no Centro, no R. Manoel Umbuzeiro, 1731. Contato: (93) 99223-5067. Coordenadas: -3.2080534, -52.2154912 (Fonte: google_maps, 2026-09-11).",Altamira,PA,R. Manoel Umbuzeiro,1731,Centro,,"-3,2080534","-52,2154912",(93) 99223-5067,,,,,,,,,,https://www.google.com/maps/place/Peixaria+casa+do+camarao/data=!4m7!3m6!1s0x929239e79121f617:0x5fe27f06f1647ef5!8m2!3d-3.2080534!4d-52.2154912!16s%2Fg%2F11fs_1w0sh!19sChIJF_Yhkec5kpIR9X5k8QZ_4l8?authuser=0&hl=pt-BR&g_ep=EgoyMDI2MDkwOC4wIJJjKgBIAVAD&rclk=1,"https://www.google.com/maps?q=-3.2080534,-52.2154912",revisado,Apto para conferência final,,cadastur | google_maps | youtube | visitaltamira
atm_0553,Peixaria E Frutaria,empresa,Peixaria,alimentacao,"Consolidado o registro 'Peixaria e frutaria' (google_maps:348:83aba5d8ae). A unidade é classificada como Peixaria em Altamira/PA, localizada na Av. F - Ibiza. Possui telefone (93) 99181-8035 e site. Coordenadas e endereço verificados em 2026-09-11.",Altamira,PA,Av. F,,Ibiza,,"-3,2325697","-52,2644858",(93) 99181-8035,,,,,,,,,,https://www.google.com/maps/place/Peixaria+em+Altamira%2FPa+-+Cabana+do+Castanha/data=!4m7!3m6!1s0x92923755a05b054f:0x2a68b3c645bfed58!8m2!3d-3.2100607!4d-52.1396584!16s%2Fg%2F11rzsyd1l1!19sChIJTwVboFU3kpIRWO2_RcazaCo?authuser=0&hl=pt-BR&g_ep=EgoyMDI2MDkwOC4wIJJjKgBIAVAD&rclk=1,"https://www.google.com/maps?q=-3.2325697,-52.2644858",revisado,Apto para conferência final,,cadastur | google_maps | youtube | visitaltamira
atm_0554,Peixaria Em Altamira/Pa - Cabana do Castanha,empresa,Peixaria,alimentacao,"Consolidada a Peixaria em Altamira/Pa - Cabana do Castanha (Fonte: google_maps:190:83aba5d8ae). A categoria principal é Peixaria, localizada em Altamira/PA. Possui endereço, telefone e site verificados. Priorizada a ocorrência 190 por ser mais específica e conter um site ativo.",Altamira,PA,"Km, 12 -",,,,"-3,2100607","-52,1396584",(93) 99164-2526,,,https://cabanadocastanha.my.canva.site/local,,,,,,,https://www.google.com/maps/place/Peixaria+Felix/data=!4m7!3m6!1s0x92924779b3c7f9ab:0x5d747f9a0911e7e6!8m2!3d-3.2215041!4d-52.2283976!16s%2Fg%2F11h391qlfr!19sChIJq_nHs3lHkpIR5ucRCZp_dF0?authuser=0&hl=pt-BR&g_ep=EgoyMDI2MDkwOC4wIJJjKgBIAVAD&rclk=1,"https://www.google.com/maps?q=-3.2100607,-52.1396584",revisado_com_pendencias,Revisar,pendências da fonte,cadastur | google_maps | youtube | visitaltamira
atm_0555,Ponto do Peixe Certo _ Zé do Peixe,empresa,Peixaria,alimentacao,"Entidade turística consolidada: Ponto do Peixe Certo _ Zé do Peixe, classificada como Peixaria/alimentação em Altamira/PA. O endereço é R. Abel Figueiredo - Aparecida, e as coordenadas são -3.1998559, -52.2052381 (Fonte: google_maps, 2026-09-11).",Altamira,PA,R. Abel Figueiredo,,Aparecida,,"-3,1998559","-52,2052381",,,,,,,,,,,https://www.google.com/maps/place/Ponto+do+Peixe+Certo+_+Z%C3%A9+do+Peixe/data=!4m7!3m6!1s0x9292390a6a5eae3f:0x3919446dc9a17c60!8m2!3d-3.1998559!4d-52.2052381!16s%2Fg%2F11rjjjqwtq!19sChIJP65eago5kpIRYHyhyW1EGTk?authuser=0&hl=pt-BR&g_ep=EgoyMDI2MDkwOC4wIJJjKgBIAVAD&rclk=1,"https://www.google.com/maps?q=-3.1998559,-52.2052381",revisado_com_pendencias,Revisar,sem contato | pendências da fonte,cadastur | google_maps | youtube | visitaltamira
atm_0556,Real Pescados,empresa,Peixaria,alimentacao,"A entidade Real Pescados foi consolidada usando os dados mais completos de 'Real Pescados' (ID: google_maps:336:83aba5d8ae). A categoria principal é Peixaria, localizada em Altamira/PA. O endereço é R. Padre Antônio Viêira - Brasília, e o telefone é (93) 99901-9601 (obtido de outra fonte, google_maps:194:83aba5d8ae). Coordenadas e endereço foram priorizados da fonte 336.",Altamira,PA,R. Padre Antônio Viêira,,Brasília,,"-3,1945057","-52,2096583",(93) 99901-9601,,,,,,,,,,https://www.google.com/maps/place/Real+pescados+peixaria/data=!4m7!3m6!1s0x929239a2660ebe2b:0x7c2ec10134651a21!8m2!3d-3.1945009!4d-52.2096578!16s%2Fg%2F11z5163pdc!19sChIJK74OZqI5kpIRIRplNAHBLnw?authuser=0&hl=pt-BR&g_ep=EgoyMDI2MDkwOC4wIJJjKgBIAVAD&rclk=1,"https://www.google.com/maps?q=-3.1945057,-52.2096583",revisado_com_pendencias,Revisar,pendências da fonte,cadastur | google_maps | youtube | visitaltamira
atm_0557,Xingu Pescados,empresa,Peixaria,alimentacao,"Entidade turística consolidada como Xingu Pescados, classificada como Peixaria/alimentação. Localizada em Altamira-PA, com endereço na ESQUINA COM A - RUA ACESSO ll, R. dos Missionários - Centro. Contato: (93) 99125-0284. Coordenadas e dados baseados na fonte google_maps:187:83aba5d8ae (2026-09-11). Pendência: Não há informações de horário de funcionamento atualizadas.",Altamira,PA,"Rua Acesso Ll, R. Dos Missionários",,Centro,,"-3,2168454","-52,2157844",(93) 99125-0284,,,,,,,,,,https://www.google.com/maps/place/Xingu+Pescados/data=!4m7!3m6!1s0x92923875a80bab59:0x349dcf329ad3b215!8m2!3d-3.2168454!4d-52.2157844!16s%2Fg%2F11f32wvpwx!19sChIJWasLqHU4kpIRFbLTmjLPnTQ?authuser=0&hl=pt-BR&g_ep=EgoyMDI2MDkwOC4wIJJjKgBIAVAD&rclk=1,"https://www.google.com/maps?q=-3.2168454,-52.2157844",revisado_com_pendencias,Revisar,pendências da fonte,cadastur | google_maps | youtube | visitaltamira
atm_0558,Condutor de Pesca Esportiva — Jackson Aurélio “Black”,empresa,Pesca Esportiva,,"Condutor de Pesca Esportiva — Jackson Aurélio “Black” é um guia em Altamira/PA, especializado em pesca esportiva no Rio Xingu. Oferece experiências personalizadas com foco em conexão com a natureza e segurança. Contatos e localização disponíveis via visitaaltamira. Instagram: https://www.instagram.com/guia_jacksonaurelio/.",Altamira,PA,,,,,"-3,205938","-52,205317",,(93) 99115-6349,,,https://www.instagram.com/guia_jacksonaurelio/,,,,,,https://visitaltamira.com.br/pt/empresa/condutor-de-pesca-esportiva-jackson-aurelio-black,"https://www.google.com/maps?q=-3.205938,-52.205317",revisado,Revisar,sem endereço | possível duplicidade,cadastur | google_maps | youtube | visitaltamira | https://www.visitaltamira.com.br/pt/empresa/condutor-de-pesca-esportiva-jackson-aurelio-black
atm_0559,Expedição Pescadoras do Xingu,empresa,Pesca Esportiva,"Turismo de Experiência, Evento Feminino, Confraternização","A Expedição Pescadoras do Xingu é um evento de pesca esportiva em Altamira/PA, focado em mulheres. Oferece pesca com captura e soltura e confraternização no Rio Xingu. É um evento anual e necessita de reserva. (Fonte: youtube:147:1dcfa867f9)",Altamira,PA,"Rio Xingu, Altamira (Pa)",,,,,,,,,,,Evento anual (com registros de edições em 2023),"Pesca esportiva com captura e soltura, uso de iscas artificiais, confraternização entre participantes.",,Sim,,https://www.youtube.com/watch?v=2Q9h-SKgAjY,,revisado,Revisar,sem coordenadas | sem contato,cadastur | google_maps | youtube | visitaltamira
atm_0560,Pesca Esportiva No Xingu,empresa,Pesca Esportiva,"Ecoturismo, Sustentabilidade, Rio Xingu","Entidade turística focada em Pesca Esportiva no Rio Xingu, em Altamira/PA. O serviço enfatiza a prática sustentável da pesca. O contato principal é (93) 3515-2501. Recomenda-se reserva prévia. Endereço físico (Google Maps) difere do local de prática (Rio Xingu, Aldeia Itáca, segundo YouTube).",Altamira,PA,"Rio Xingu, Aldeia Itáca.",,Centro,,"-3,2083313","-52,2130239",(93) 3515-2501,,,,,,Pesca esportiva sustentável.,,Sim,,https://www.google.com/maps/place/XINGU+PESCA/data=!4m7!3m6!1s0x9292386d159d2691:0xcaf3915e2c39046e!8m2!3d-3.2083313!4d-52.2130239!16s%2Fg%2F1v2pr8mn!19sChIJkSadFW04kpIRbgQ5LF6R88o?authuser=0&hl=pt-BR&g_ep=EgoyMDI2MDkwOC4wIJJjKgBIAVAD&rclk=1,"https://www.google.com/maps?q=-3.2083313,-52.2130239",revisado_com_pendencias,Revisar,pendências da fonte,cadastur | google_maps | youtube | visitaltamira
atm_0561,Pescaria de Tucunaré Em Altamira,empresa,Pesca Esportiva,"Tucunaré, Ecoturismo, Altamira","A atração é a Pescaria de Tucunaré em Altamira, classificada como Pesca Esportiva. O local está em Altamira, PA, com endereço em Altamaria, Pará. Oferece pesca esportiva, piquenique e contemplação da natureza. Recomenda-se reserva e atrai pescadores esportivos e aventureiros. (Fonte: youtube:160:1dcfa867f9)",Altamira,PA,"Altamaria, Pará",,,,,,,,,,,,"Pesca esportiva, piquenique e contemplação da natureza",,Sim,,https://www.youtube.com/watch?v=xXCsODfw2Z8,,revisado_com_pendencias,Revisar,sem coordenadas | sem contato | pendências da fonte,cadastur | google_maps | youtube | visitaltamira
atm_0562,Torneio de Pesca Esportiva Pacu de Seringa,empresa,Pesca Esportiva,"Competição, Xingu Praia Clube, Turismo de Eventos","Torneio de Pesca Esportiva Pacu de Seringa, em Altamira/PA, é um evento de Pesca Esportiva e competição, realizado no Xingu Praia Clube. Oferece pesca esportiva e competição, sendo necessário reservar. (Fonte: youtube, 2026-09-11)",Altamira,PA,"Realizado No Xingu Praia Clube, Em Altamira.",,,,,,,,,,,,"Pesca esportiva, competição.",,Sim,,https://www.youtube.com/watch?v=qEGXlnQNPm0,,revisado,Revisar,sem coordenadas | sem contato,cadastur | google_maps | youtube | visitaltamira
atm_0563,Piscinas Splash,empresa,Piscina,alimentacao,"Entidade turística consolidada: Piscinas Splash, classificada como Piscina e Alimentação. Localizada em Altamira/PA, no bairro Premem, com endereço na Av. Alacid Nunes, 3477. Contato: (93) 99208-9699 e site: https://www.splashpiscinas.com/. Coordenadas e dados extraídos do Google Maps (2026-09-11).",Altamira,PA,Av. Alacid Nunes,3477,Premem,,"-3,2120414","-52,2276633",(93) 99208-9699,,,https://www.splashpiscinas.com/,,,,,,,https://www.google.com/maps/place/Piscinas+Splash/data=!4m7!3m6!1s0x929239886c1c1ea7:0x33ce52c2bbee903!8m2!3d-3.2120414!4d-52.2276633!16s%2Fg%2F11htq8r93f!19sChIJpx4cbIg5kpIRA-m-KyzlPAM?authuser=0&hl=pt-BR&g_ep=EgoyMDI2MDkwOC4wIJJjKgBIAVAD&rclk=1,"https://www.google.com/maps?q=-3.2120414,-52.2276633",revisado,Apto para conferência final,,cadastur | google_maps | youtube | visitaltamira
atm_0564,Altamira Delivery,empresa,Pizzaria,alimentacao,"A entidade turística 'Altamira Delivery' foi consolidada com base nas informações mais alinhadas (google_maps:164:83aba5d8ae). É classificada como Pizzaria/Alimentação, localizada em Altamira/PA, no bairro Brasília. O endereço é R. Isac Barbosa, 841, e o contato é (93) 99114-5571. Foi priorizado o registro com o nome que corresponde ao alvo da busca.",Altamira,PA,R. Isac Barbosa,841,Brasília,,"-3,1935525","-52,2100882",(93) 99114-5571,,,,,,,,,,https://www.google.com/maps/place/Pizzaria+Delivery+6+Sabores/data=!4m7!3m6!1s0x929239004f4f510d:0x47545756d9077325!8m2!3d-3.1946175!4d-52.2077579!16s%2Fg%2F11h80jkxpd!19sChIJDVFPTwA5kpIRJXMH2VZXVEc?authuser=0&hl=pt-BR&g_ep=EgoyMDI2MDkwOC4wIJJjKgBIAVAD&rclk=1,"https://www.google.com/maps?q=-3.1935525,-52.2100882",revisado,Apto para conferência final,,cadastur | google_maps | youtube | visitaltamira
atm_0565,Dom João Pizzaria E Esfiharia,empresa,Pizzaria,alimentacao,"Dom João Pizzaria e esfiharia é uma pizzaria e estabelecimento de alimentação localizado em Altamira, PA, no bairro Mutirão. O endereço é R. Cumarú - Mutirão, e pode ser contatado pelo telefone (93) 99159-0096. As coordenadas e o site foram obtidos via Google Maps.",Altamira,PA,R. Cumarú,,Mutirão,,"-3,1782434","-52,2123136",(93) 99159-0096,,,https://aiqfome.com/PA/altamira/dom-joao-pizzaria-e-esfiharia,,,,,,,https://www.google.com/maps/place/Dom+Jo%C3%A3o+Pizzaria+e+esfiharia/data=!4m7!3m6!1s0x9292392bfa8773fd:0xb655e96500a12d8a!8m2!3d-3.1782434!4d-52.2123136!16s%2Fg%2F11ygw_f96n!19sChIJ_XOH-is5kpIRii2hAGXpVbY?authuser=0&hl=pt-BR&g_ep=EgoyMDI2MDkwOC4wIJJjKgBIAVAD&rclk=1,"https://www.google.com/maps?q=-3.1782434,-52.2123136",revisado,Apto para conferência final,,cadastur | google_maps | youtube | visitaltamira
atm_0566,Don Cheff Pizzaria,empresa,Pizzaria,alimentacao,"Don Cheff Pizzaria é uma pizzaria em Altamira, PA, localizada na Tv. Marabá, 3363 - Jardim Independente I. O contato é (93) 99199-6368 e o site é https://app.cardapioweb.com/don_cheff. As informações foram extraídas do Google Maps em 11/09/2026.",Altamira,PA,Tv. Marabá,3363,Jardim Independente I,,"-3,2174045","-52,2221683",(93) 99199-6368,,,https://app.cardapioweb.com/don_cheff,,,,,,,https://www.google.com/maps/place/Don+Cheff+Pizzaria/data=!4m7!3m6!1s0x9292388830c98a1f:0x270fc24fb1dd7745!8m2!3d-3.2174045!4d-52.2221683!16s%2Fg%2F11fyly_g6z!19sChIJH4rJMIg4kpIRRXfdsU_CDyc?authuser=0&hl=pt-BR&g_ep=EgoyMDI2MDkwOC4wIJJjKgBIAVAD&rclk=1,"https://www.google.com/maps?q=-3.2174045,-52.2221683",revisado,Apto para conferência final,,cadastur | google_maps | youtube | visitaltamira
atm_0567,Froes Pizzaria & Hamburgueria,empresa,Pizzaria,alimentacao,"Entidade turística consolidada: Froes Pizzaria & Hamburgueria, classificada como Pizzaria/alimentação. Localizada no Centro, Altamira/PA. Endereço: Av. João Pessoa - Centro, Altamira - PA. Contato: (93) 98435-3732. Coordenadas e site disponíveis (Fonte: google_maps, 2026-09-11).",Altamira,PA,Av. João Pessoa,,Centro,,"-3,2066512","-52,2066983",(93) 98435-3732,,,https://l.instagram.com/?u=https://app.anota.ai/froes-pizzaria?from=msa&utm_source=portal-share-btn&fbclid=PAAaaRF7dRWiQ1fKmo-cIYrbLRhr4xWZb5L7srdFPQSUUO5mwnBBA32l1EPbM_aem_AdIM-hxcRGr2aV504ID6L0Zx74lj5UkeNT8wDPwJW5KsfyuR3EkRMwflAhR2u4AoleI&e=AT3RZRPH3-jBuEa4Ue0LBXP-d0kAfCA0zseP-3MdJ6sjurxwn2_zzX-iwBRXDFSoK0TtanujXW64z3tXXCVY3ZYiWv9DlCOh4ZViCs7nRbrr2msTO96yorA,,,,,,,https://www.google.com/maps/place/Froes+Pizzaria+%26+Hamburgueria/data=!4m7!3m6!1s0x9292373e7bf034d7:0x9a68eced7fc08f38!8m2!3d-3.2066512!4d-52.2066983!16s%2Fg%2F11y3wpsqqw!19sChIJ1zTwez43kpIROI_Af-3saJo?authuser=0&hl=pt-BR&g_ep=EgoyMDI2MDkwOC4wIJJjKgBIAVAD&rclk=1,"https://www.google.com/maps?q=-3.2066512,-52.2066983",revisado_com_pendencias,Revisar,pendências da fonte,cadastur | google_maps | youtube | visitaltamira
atm_0568,Lanchonete Pizzaria Três Irmãs,empresa,Pizzaria,alimentacao,"Entidade turística consolidada: Lanchonete pizzaria três Irmãs, classificada como Pizzaria/alimentação em Altamira/PA. O endereço é R. Preciosa - São Joaquim, e o contato é (93) 99188-1551. Coordenadas e dados extraídos do Google Maps (2026-09-11).",Altamira,PA,R. Preciosa,,São Joaquim,,"-3,1997594","-52,2288157",(93) 99188-1551,,,,,,,,,,https://www.google.com/maps/place/Lanchonete+pizzaria+tr%C3%AAs+Irm%C3%A3s/data=!4m7!3m6!1s0x929239cda33422e5:0x7e2dc70f9836a554!8m2!3d-3.1997594!4d-52.2288157!16s%2Fg%2F11ptldt76d!19sChIJ5SI0o805kpIRVKU2mA_HLX4?authuser=0&hl=pt-BR&g_ep=EgoyMDI2MDkwOC4wIJJjKgBIAVAD&rclk=1,"https://www.google.com/maps?q=-3.1997594,-52.2288157",revisado_com_pendencias,Revisar,pendências da fonte,cadastur | google_maps | youtube | visitaltamira
atm_0569,Mamma Flor Pizzaria,empresa,Pizzaria,alimentacao,"Mamma Flor Pizzaria é uma pizzaria em Altamira/PA, localizada na R. Ac. Três, 993 - Jardim Independente I. O contato é (93) 99124-2534 e o site é https://app.cardapioweb.com/mammaflor_pizzaria?s=google. Coordenadas: -3.2137265, -52.2309806. (Fonte: google_maps, 2026-09-11).",Altamira,PA,R. Ac. Três,993,Jardim Independente I,,"-3,2137265","-52,2309806",(93) 99124-2534,,,https://app.cardapioweb.com/mammaflor_pizzaria?s=google,,,,,,,https://www.google.com/maps/place/Mamma+Flor+Pizzaria/data=!4m7!3m6!1s0x929239143a7abc1b:0xfe15a399e61f62d2!8m2!3d-3.2137265!4d-52.2309806!16s%2Fg%2F11vly3bd4k!19sChIJG7x6OhQ5kpIR0mIf5pmjFf4?authuser=0&hl=pt-BR&g_ep=EgoyMDI2MDkwOC4wIJJjKgBIAVAD&rclk=1,"https://www.google.com/maps?q=-3.2137265,-52.2309806",revisado,Apto para conferência final,,cadastur | google_maps | youtube | visitaltamira
atm_0570,Marguerita Pizzas,empresa,Pizzaria,alimentacao,"Entidade turística consolidada: Marguerita Pizzas, uma pizzaria em Altamira/PA. O endereço é Av. Via Oeste, Premem. Possui site no Facebook e coordenadas geográficas fornecidas pelo Google Maps (2026-09-11).",Altamira,PA,"Av. Via Oeste, Preme",,Premem,,"-3,2160801","-52,2220677",,,,https://www.facebook.com/margueritapizzasaltamira,,,,,,,https://www.google.com/maps/place/Marguerita+Pizzas/data=!4m7!3m6!1s0x9292387ed5005791:0xf5d32a9623736956!8m2!3d-3.2160801!4d-52.2220677!16s%2Fg%2F12qgnj0sg!19sChIJkVcA1X44kpIRVmlzI5Yq0_U?authuser=0&hl=pt-BR&g_ep=EgoyMDI2MDkwOC4wIJJjKgBIAVAD&rclk=1,"https://www.google.com/maps?q=-3.2160801,-52.2220677",revisado,Apto para conferência final,,cadastur | google_maps | youtube | visitaltamira
atm_0571,Pizzaria Andrade,empresa,Pizzaria,alimentacao,"PIZZARIA Andrade é uma pizzaria em Altamira, PA. O endereço é Av. João Coelho, 1291 - Brasília, Altamira - PA, 68375-088. O contato é (93) 99122-2722. As coordenadas são -3.1967686, -52.2119648 (Fonte: google_maps, 2026-09-11).",Altamira,PA,Av. João Coelho,1291,Brasília,,"-3,1967686","-52,2119648",(93) 99122-2722,,,,,,,,,,https://www.google.com/maps/place/PIZZARIA+Andrade/data=!4m7!3m6!1s0x929239a7ee863579:0x69194be04e70745f!8m2!3d-3.1967686!4d-52.2119648!16s%2Fg%2F11rh_lgd_4!19sChIJeTWG7qc5kpIRX3RwTuBLGWk?authuser=0&hl=pt-BR&g_ep=EgoyMDI2MDkwOC4wIJJjKgBIAVAD&rclk=1,"https://www.google.com/maps?q=-3.1967686,-52.2119648",revisado_com_pendencias,Revisar,pendências da fonte,cadastur | google_maps | youtube | visitaltamira
atm_0572,Paulistana Pizzaria E Lanchonete,empresa,Pizzaria,alimentacao,"Paulistana Pizzaria e Lanchonete é uma pizzaria e lanchonete em Altamira/PA. O endereço é Rua Acesso 04, 1060 - A, e o contato é (93) 99139-4764. As coordenadas são -3.2190879, -52.2330879 (Fonte: google_maps, 2026-09-11).",Altamira,PA,Rua Acesso,4,A,1060,"-3,2190879","-52,2330879",(93) 99139-4764,,,,,,,,,,https://www.google.com/maps/place/Paulistana+Pizzaria+e+Lanchonete/data=!4m7!3m6!1s0x9292393bd9d9db65:0x2d985dd5154e7a4d!8m2!3d-3.2190879!4d-52.2330879!16s%2Fg%2F11hz1hjcrp!19sChIJZdvZ2Ts5kpIRTXpOFdVdmC0?authuser=0&hl=pt-BR&g_ep=EgoyMDI2MDkwOC4wIJJjKgBIAVAD&rclk=1,"https://www.google.com/maps?q=-3.2190879,-52.2330879",revisado_com_pendencias,Revisar,pendências da fonte,cadastur | google_maps | youtube | visitaltamira
atm_0573,Pizza Wee,empresa,Pizzaria,alimentacao,"Pizza Wee é uma pizzaria localizada em Altamira, PA, na Av. João Pessoa - Esplanada do Xingu. O contato é (93) 99131-1588. As informações foram extraídas do Google Maps em 11/09/2026.",Altamira,PA,Av. João Pessoa,,Esplanada do Xingu,,"-3,2114444","-52,2101863",(93) 99131-1588,,,,,,,,,,https://www.google.com/maps/place/Pizza+Wee/data=!4m7!3m6!1s0x9292393df708c77b:0xef440954e1f18de4!8m2!3d-3.2114444!4d-52.2101863!16s%2Fg%2F11yr7r3_ld!19sChIJe8cI9z05kpIR5I3x4VQJRO8?authuser=0&hl=pt-BR&g_ep=EgoyMDI2MDkwOC4wIJJjKgBIAVAD&rclk=1,"https://www.google.com/maps?q=-3.2114444,-52.2101863",revisado,Apto para conferência final,,cadastur | google_maps | youtube | visitaltamira
atm_0574,"Pizza da Casa - Pizzaria, Lanchonete E Bar",empresa,Pizzaria,alimentacao,"Entidade turística consolidada como Pizzaria, Lanchonete e Bar em Altamira/PA. O endereço é R. José Umbelino de Oliveira - Jardim Independente II. Contato: (93) 99101-5789. O horário de funcionamento verificado é Sex 18:00-00:00 (Fonte: restaurantguru.com.br). Coordenadas e demais dados primários vêm do Google Maps.",Altamira,PA,R. José Umbelino de Oliveira,,Jardim Independente Ii,,"-3,220604","-52,2261573",(93) 99101-5789,,,,,Sex 18:00-00:00,,,,,"https://www.google.com/maps/place/Pizza+da+Casa+-+Pizzaria,+Lanchonete+e+Bar/data=!4m7!3m6!1s0x929247328b4200e7:0xdca76261456f044c!8m2!3d-3.220604!4d-52.2261573!16s%2Fg%2F11g2zvrfzz!19sChIJ5wBCizJHkpIRTARvRWFip9w?authuser=0&hl=pt-BR&g_ep=EgoyMDI2MDkwOC4wIJJjKgBIAVAD&rclk=1","https://www.google.com/maps?q=-3.220604,-52.2261573",revisado_com_pendencias,Revisar,pendências da fonte,cadastur | google_maps | youtube | visitaltamira | https://restaurantguru.com.br/Pizza-da-Casa-Delivery-Altamira-2
atm_0575,Pizzaria Bom Gosto,empresa,Pizzaria,alimentacao,"Entidade turística consolidada: Pizzaria Bom Gosto, classificada como Pizzaria/alimentação. Localizada em Altamira/PA, no bairro Jardim Independente I. Endereço: R. Salú Almeida, 3854. Contato: (93) 98118-3752. Coordenadas: -3.2192215, -52.2261056 (Fonte: google_maps, 2026-09-11).",Altamira,PA,R. Salú Almeida,3854,Jardim Independente I,,"-3,2192215","-52,2261056",(93) 98118-3752,,,,,,,,,,https://www.google.com/maps/place/Pizzaria+Bom+Gosto/data=!4m7!3m6!1s0x929247d9317a6f19:0xc148b240c556f1c5!8m2!3d-3.2192215!4d-52.2261056!16s%2Fg%2F11vwvhq2bn!19sChIJGW96MdlHkpIRxfFWxUCySME?authuser=0&hl=pt-BR&g_ep=EgoyMDI2MDkwOC4wIJJjKgBIAVAD&rclk=1,"https://www.google.com/maps?q=-3.2192215,-52.2261056",revisado,Apto para conferência final,,cadastur | google_maps | youtube | visitaltamira
atm_0576,Pizzaria Curitibana,empresa,Pizzaria,alimentacao,"Pizzaria Curitibana é uma pizzaria em Altamira/PA, localizada na R. Acre, 3432 - Jardim dos Estados. Contatos: (93) 99189-3094 e Instagram: https://www.instagram.com/pizzariacuritibanaatm?igsh=ZHkyMm9razM2aXB1. Coordenadas: -3.211575, -52.228919 (Fonte: google_maps, 2026-09-11).",Altamira,PA,R. Acre,3432,Jardim Dos Estados,,"-3,211575","-52,228919",(93) 99189-3094,,,https://www.instagram.com/pizzariacuritibanaatm?igsh=ZHkyMm9razM2aXB1,,,,,,,https://www.google.com/maps/place/Pizzaria+Curitibana/data=!4m7!3m6!1s0x9292387c99dd33f5:0xab01aecfe1ac5eda!8m2!3d-3.211575!4d-52.228919!16s%2Fg%2F119tpc6gf!19sChIJ9TPdmXw4kpIR2l6s4c-uAas?authuser=0&hl=pt-BR&g_ep=EgoyMDI2MDkwOC4wIJJjKgBIAVAD&rclk=1,"https://www.google.com/maps?q=-3.211575,-52.228919",revisado_com_pendencias,Revisar,pendências da fonte,cadastur | google_maps | youtube | visitaltamira
atm_0577,Pizzaria E Lanchonete Footburg,empresa,Pizzaria,alimentacao,"Pizzaria E Lanchonete FOOTBURG é uma pizzaria e lanchonete localizada em Altamira, PA. O endereço é R. 7 de Setembro, 414-638 - Centro, Altamira - PA, 68371-125. As coordenadas são -3.2039681, -52.2089435 (Fonte: google_maps, 2026-09-11). Foi priorizado o preenchimento completo com dados de uma única fonte verificada.",Altamira,PA,"R. 7 de Setembro, 414-638",,Centro,,"-3,2039681","-52,2089435",,,,,,,,,,,https://www.google.com/maps/place/Pizzaria+E+Lanchonete+FOOTBURG/data=!4m7!3m6!1s0x929238144d061079:0x88aa17c858cf0701!8m2!3d-3.2039681!4d-52.2089435!16s%2Fg%2F11dzsg7vhf!19sChIJeRAGTRQ4kpIRAQfPWMgXqog?authuser=0&hl=pt-BR&g_ep=EgoyMDI2MDkwOC4wIJJjKgBIAVAD&rclk=1,"https://www.google.com/maps?q=-3.2039681,-52.2089435",revisado_com_pendencias,Revisar,sem contato | pendências da fonte,cadastur | google_maps | youtube | visitaltamira
atm_0578,Pizzaria Expresso Delivery,empresa,Pizzaria,alimentacao,"Pizzaria Expresso Delivery em Altamira/PA. Endereço: Av. Jader Barbalho, 2081 - Sudam I. Telefone: (93) 99194-8432. Site: https://bit.ly/2Mzu5WW. A fonte principal é o Google Maps (2026-09-11). Não foi possível confirmar o horário de funcionamento atualizado.",Altamira,PA,Av. Jader Barbalho,2081,Sudam I,,"-3,2041825","-52,2187193",(93) 99194-8432,,,https://bit.ly/2Mzu5WW,,,,,,,https://www.google.com/maps/place/Pizzaria+Expresso+Delivery/data=!4m7!3m6!1s0x9292386f2994787f:0x74f85062bb28ee31!8m2!3d-3.2041825!4d-52.2187193!16s%2Fg%2F11c0vy_2pj!19sChIJf3iUKW84kpIRMe4ou2JQ-HQ?authuser=0&hl=pt-BR&g_ep=EgoyMDI2MDkwOC4wIJJjKgBIAVAD&rclk=1,"https://www.google.com/maps?q=-3.2041825,-52.2187193",revisado_com_pendencias,Revisar,pendências da fonte,cadastur | google_maps | youtube | visitaltamira | https://www.apontador.com.br/local/ce/fortaleza/pizzarias/Q7G588FZ/churrascaria_e_pizzaria_expresso_grill.html
atm_0579,Pizzaria Master Cheff,empresa,Pizzaria,alimentacao,"Pizzaria Master Cheff é uma pizzaria em Altamira/PA, localizada na Rua Sete de Setembro, Centro, bairro Independente. O contato é (93) 98801-7736 e o site é https://pedido.brendi.com.br/pizzaria-master-cheff/?utm_source=Google. Coordenadas: -3.2048101, -52.2096791. (Fonte: google_maps, 2026-09-11).",Altamira,PA,"Rua Sete de Setembro, Centro",1953,- Independente,,"-3,2048101","-52,2096791",(93) 98801-7736,,,https://pedido.brendi.com.br/pizzaria-master-cheff/?utm_source=Google,,,,,,,https://www.google.com/maps/place/Pizzaria+Master+Cheff/data=!4m7!3m6!1s0x929247863a69a5a7:0x167a230278e54660!8m2!3d-3.2048101!4d-52.2096791!16s%2Fg%2F11f3n15qbd!19sChIJp6VpOoZHkpIRYEbleAIjehY?authuser=0&hl=pt-BR&g_ep=EgoyMDI2MDkwOC4wIJJjKgBIAVAD&rclk=1,"https://www.google.com/maps?q=-3.2048101,-52.2096791",revisado,Apto para conferência final,,cadastur | google_maps | youtube | visitaltamira
atm_0580,Pizzaria Sabor Baiano,empresa,Pizzaria,alimentacao,"A Pizzaria Sabor Baiano, classificada como Pizzaria/alimentação, está localizada em Altamira/PA, no bairro Boa Esperança. O endereço é Av. João Coelho - Boa Esperança, e o contato é (93) 99189-7532. Coordenadas: -3.1992409, -52.2097993 (Fonte: google_maps, 2026-09-11).",Altamira,PA,Av. João Coelho,,Boa Esperança,,"-3,1992409","-52,2097993",(93) 99189-7532,,,,,,,,,,https://www.google.com/maps/place/Pizzaria+Sabor+Baiano/data=!4m7!3m6!1s0x92923904c018a29f:0x6ef6c83680be514f!8m2!3d-3.1992409!4d-52.2097993!16s%2Fg%2F11gxgbm7rl!19sChIJn6IYwAQ5kpIRT1G-gDbI9m4?authuser=0&hl=pt-BR&g_ep=EgoyMDI2MDkwOC4wIJJjKgBIAVAD&rclk=1,"https://www.google.com/maps?q=-3.1992409,-52.2097993",revisado_com_pendencias,Revisar,pendências da fonte,cadastur | google_maps | youtube | visitaltamira
atm_0581,Pizzaria E Lanchonete - Mister Burg,empresa,Pizzaria,alimentacao,"Consolidado o registro da Pizzaria e Lanchonete - Mister Burg em Altamira/PA. O endereço é Ac. Dois, 645 - Premem, e o contato é (93) 99151-8014. O site disponível é https://whatsmenu.com.br/misterburg. Priorizada a evidência de 135:83aba5d8ae.",Altamira,PA,Ac. Dois,645,Premem,,"-3,2146347","-52,219621",(93) 99151-8014,,,https://whatsmenu.com.br/misterburg,,,,,,,https://www.google.com/maps/place/Pizzaria+e+Lanchonete+-+Mister+Burg/data=!4m7!3m6!1s0x9292386e7add5d43:0x6e1b59686b638ccd!8m2!3d-3.2146347!4d-52.219621!16s%2Fg%2F1tctymmk!19sChIJQ13dem44kpIRzYxja2hZG24?authuser=0&hl=pt-BR&g_ep=EgoyMDI2MDkwOC4wIJJjKgBIAVAD&rclk=1,"https://www.google.com/maps?q=-3.2146347,-52.219621",revisado,Apto para conferência final,,cadastur | google_maps | youtube | visitaltamira
atm_0582,Pizzaria E Lanchonete do Francês,empresa,Pizzaria,alimentacao,"Entidade turística consolidada: Pizzaria e Lanchonete do Francês, classificada como Pizzaria/alimentação. Localizada em Altamira/PA, com endereço em Premem. Coordenadas e dados extraídos do Google Maps (2026-09-11). Pendências: Não há pendências de informação crítica, mas o bairro listado é 'PA', o que pode ser impreciso.",Altamira,PA,Premem,,Pa,,"-3,2112662","-52,2167834",,,,,,,,,,,https://www.google.com/maps/place/Pizzaria+e+Lanchonete+do+Franc%C3%AAs/data=!4m7!3m6!1s0x929238721483e225:0x16d4fb2e908e9520!8m2!3d-3.2112662!4d-52.2167834!16s%2Fg%2F11f53pn2v5!19sChIJJeKDFHI4kpIRIJWOkC771BY?authuser=0&hl=pt-BR&g_ep=EgoyMDI2MDkwOC4wIJJjKgBIAVAD&rclk=1,"https://www.google.com/maps?q=-3.2112662,-52.2167834",revisado_com_pendencias,Revisar,sem contato | pendências da fonte,cadastur | google_maps | youtube | visitaltamira
atm_0583,Su Casa Pizzaria Altamira,empresa,Pizzaria,alimentacao,"A Su Casa Pizzaria Altamira é uma pizzaria em Altamira/PA, localizada no Jardim Independente I. O endereço é R. Salú Almeida - Jardim Independente I, e pode ser contatada pelo telefone (93) 99245-1843. O site oficial é um perfil no Instagram (google_maps:158:83aba5d8ae|site). As coordenadas são -3.2192476, -52.2254522 (google_maps:158:83aba5d8ae|latitude, google_maps:158:83aba5d8ae|longitude).",Altamira,PA,R. Salú Almeida,,Jardim Independente I,,"-3,2192476","-52,2254522",(93) 99245-1843,,,https://www.instagram.com/su_casa_pizzaria?igsh=ZjFjN253eDI1a284,,,,,,,https://www.google.com/maps/place/Su+Casa+Pizzaria+Altamira/data=!4m7!3m6!1s0x92924725cb22b00f:0x788880dcb30faf79!8m2!3d-3.2192476!4d-52.2254522!16s%2Fg%2F11x03rq23t!19sChIJD7AiyyVHkpIRea8Ps9yAiHg?authuser=0&hl=pt-BR&g_ep=EgoyMDI2MDkwOC4wIJJjKgBIAVAD&rclk=1,"https://www.google.com/maps?q=-3.2192476,-52.2254522",revisado,Apto para conferência final,,cadastur | google_maps | youtube | visitaltamira
atm_0584,Tal da Pizza Altamira,empresa,Pizzaria,alimentacao,"Entidade turística consolidada: Tal da Pizza Altamira, uma pizzaria em Altamira/PA. O endereço é Av. Brg. Eduardo Gomes, 268 - Esplanada do Xingu. Contato: (93) 99151-6060. Coordenadas e site disponíveis, com dados da fonte Google Maps (2026-09-11).",Altamira,PA,Av. Brg. Eduardo Gomes,268,Esplanada do Xingu,,"-3,2146426","-52,2156785",(93) 99151-6060,,,https://pedido.anota.ai/loja/taldapizza?from=menu-share-adm&utm_source=portal-share-btn,,,,,,,https://www.google.com/maps/place/Tal+da+Pizza+Altamira/data=!4m7!3m6!1s0x9292397ef9f3a4d3:0xb54b9094c01cb8aa!8m2!3d-3.2146426!4d-52.2156785!16s%2Fg%2F11flzjrtlj!19sChIJ06Tz-X45kpIRqrgcwJSQS7U?authuser=0&hl=pt-BR&g_ep=EgoyMDI2MDkwOC4wIJJjKgBIAVAD&rclk=1,"https://www.google.com/maps?q=-3.2146426,-52.2156785",revisado,Apto para conferência final,,cadastur | google_maps | youtube | visitaltamira
atm_0585,Suprema Pizzaria,empresa,Pizzaria,alimentacao,"A Suprema Pizzaria está localizada em Altamira, PA. A categoria principal é Pizzaria, com secundária de alimentação. O endereço é Tv. Agrário Cavalcante - Altamira, PA, 68371-057, e o telefone de contato é (93) 99228-1785. As coordenadas são -3.2087743, -52.2114161 (Fonte: google_maps:156:83aba5d8ae). Não há pendências.",Altamira,PA,Tv. Agrário Cavalcante -,,,,"-3,2087743","-52,2114161",(93) 99228-1785,,,,,,,,,,https://www.google.com/maps/place/suprema+pizzaria/data=!4m7!3m6!1s0x9292390ab44c68fb:0x3ee249dbee5a2fd0!8m2!3d-3.2087743!4d-52.2114161!16s%2Fg%2F11zkgmf_kt!19sChIJ-2hMtAo5kpIR0C9a7ttJ4j4?authuser=0&hl=pt-BR&g_ep=EgoyMDI2MDkwOC4wIJJjKgBIAVAD&rclk=1,"https://www.google.com/maps?q=-3.2087743,-52.2114161",revisado,Apto para conferência final,,cadastur | google_maps | youtube | visitaltamira | https://pizzacine.com.br/suprema-pizzacine-whatsapp-pizza-delivery/
atm_0586,Clínica Medica Maxxi Saúde,empresa,Policlínica,saude,"Entidade turística consolidada: Clínica Medica Maxxi Saúde, classificada como Policlínica de saúde em Altamira/PA. Endereço: Tv. Cel. Tancredo, 45 - Centro. Contato: (93) 99180-1155. Site: https://maxxisaude.com/. Coordenadas e dados extraídos do Google Maps (2026-09-11).",Altamira,PA,Tv. Cel. Tancredo,45,Centro,,"-3,207574","-52,208877",(93) 99180-1155,,,https://maxxisaude.com/,,,,,,,https://www.google.com/maps/place/Cl%C3%ADnica+Medica+Maxxi+Sa%C3%BAde/data=!4m7!3m6!1s0x92923813b0e6830b:0x5e4366510a5f4ac4!8m2!3d-3.207574!4d-52.208877!16s%2Fg%2F11cmr37g6k!19sChIJC4PmsBM4kpIRxEpfClFmQ14?authuser=0&hl=pt-BR&g_ep=EgoyMDI2MDkwOC4wIJJjKgBIAVAD&rclk=1,"https://www.google.com/maps?q=-3.207574,-52.208877",revisado,Apto para conferência final,,cadastur | google_maps | youtube | visitaltamira
atm_0587,Unidade de Saúde da Família Cruzeiro,empresa,Policlínica,saude,"Unidade de Saúde da Família Cruzeiro, classificada como Policlínica, está localizada em Altamira/PA. O endereço é Tv. Pedro Acácio - Brasília, e o contato é (93) 3515-2297. As coordenadas são -3.1964029, -52.2163798 (Fonte: google_maps:318:83aba5d8ae, 2026-09-11).",Altamira,PA,Tv. Pedro Acácio,,Brasília,,"-3,1964029","-52,2163798",(93) 3515-2297,,,,,,,,,,https://www.google.com/maps/place/Unidade+de+Sa%C3%BAde+da+Fam%C3%ADlia+Cruzeiro/data=!4m7!3m6!1s0x92923846f33db021:0xbd1e374d1164da7a!8m2!3d-3.1964029!4d-52.2163798!16s%2Fg%2F11x6w4r584!19sChIJIbA980Y4kpIRetpkEU03Hr0?authuser=0&hl=pt-BR&g_ep=EgoyMDI2MDkwOC4wIJJjKgBIAVAD&rclk=1,"https://www.google.com/maps?q=-3.1964029,-52.2163798",revisado_com_pendencias,Revisar,pendências da fonte,cadastur | google_maps | youtube | visitaltamira
atm_0588,Posto de Identificação - Polo Altamira,empresa,Polícia Civil,seguranca,"Posto De Identificação - Polo Altamira, classificado como Polícia Civil e segurança, está localizado em Altamira/PA. O endereço é R. Uberlândia - Jardim Uirapuru, e o contato é (93) 3515-1136. Coordenadas: -3.2099193, -52.225056 (Fonte: google_maps, 2026-09-11).",Altamira,PA,R. Uberlândia,,Jardim Uirapuru,,"-3,2099193","-52,225056",(93) 3515-1136,,,,,,,,,,https://www.google.com/maps/place/Posto+De+Identifica%C3%A7%C3%A3o+-+Polo+Altamira/data=!4m7!3m6!1s0x9292386efbb6c083:0xfe77ea456fc4fa76!8m2!3d-3.2099193!4d-52.225056!16s%2Fg%2F11g00y22hd!19sChIJg8C2-244kpIRdvrEb0Xqd_4?authuser=0&hl=pt-BR&g_ep=EgoyMDI2MDkwOC4wIJJjKgBIAVAD&rclk=1,"https://www.google.com/maps?q=-3.2099193,-52.225056",revisado_com_pendencias,Revisar,pendências da fonte,cadastur | google_maps | youtube | visitaltamira
atm_0589,Superintendência de Polícia Civil | 11ª Risp Xingu,empresa,Polícia Civil,seguranca,"Superintendência de Polícia Civil | 11ª RISP XINGU, localizada em Altamira/PA, na Av. Brg. Eduardo Gomes, 2725 - São Sebastiao. A categoria principal é Polícia Civil, com serviços de segurança. Contato: (93) 3515-1136. Site: https://www.pc.pa.gov.br/.",Altamira,PA,Av. Brg. Eduardo Gomes,2725,São Sebastiao,,"-3,214208","-52,214874",(93) 3515-1136,,,https://www.pc.pa.gov.br/,,,,,,,https://www.google.com/maps/place/Superintend%C3%AAncia+de+Pol%C3%ADcia+Civil+%7C+11%C2%AA+RISP+XINGU/data=!4m7!3m6!1s0x9292387483d45139:0x793e8d3d529cf3fb!8m2!3d-3.214208!4d-52.214874!16s%2Fg%2F11b6p065kr!19sChIJOVHUg3Q4kpIR-_OcUj2NPnk?authuser=0&hl=pt-BR&g_ep=EgoyMDI2MDkwOC4wIJJjKgBIAVAD&rclk=1,"https://www.google.com/maps?q=-3.214208,-52.214874",revisado_com_pendencias,Revisar,pendências da fonte,cadastur | google_maps | youtube | visitaltamira
atm_0590,Comando de Policiamento Regional Viii,empresa,Polícia Estadual,seguranca,"Entidade turística consolidada: Comando de Policiamento Regional VIII, classificado como Polícia Estadual e segurança. Localizado em Altamira/PA. Endereço: Tv. Deóclides de Almeida, 148-208 - Brasília, Altamira - PA, 68375-070. Coordenadas: Lat -3.1964477, Lon -52.2111256 (Fonte: google_maps, 2026-09-11).",Altamira,PA,"Tv. Deóclides de Almeida, 148-208",,Brasília,,"-3,1964477","-52,2111256",,,,,,,,,,,https://www.google.com/maps/place/Comando+de+Policiamento+Regional+VIII/data=!4m7!3m6!1s0x929239006ac101c1:0x9ae853691ef7ff9e!8m2!3d-3.1964477!4d-52.2111256!16s%2Fg%2F11hjdbp4zy!19sChIJwQHBagA5kpIRnv_3HmlT6Jo?authuser=0&hl=pt-BR&g_ep=EgoyMDI2MDkwOC4wIJJjKgBIAVAD&rclk=1,"https://www.google.com/maps?q=-3.1964477,-52.2111256",revisado_com_pendencias,Revisar,sem contato | pendências da fonte,cadastur | google_maps | youtube | visitaltamira
atm_0591,Delegacia de Policia Federal - Altamira,empresa,Polícia Federal,seguranca,"Entidade turística consolidada: Delegacia de Policia Federal - Altamira. Localizada em Altamira/PA, no bairro Jardim Independente I. Possui endereço completo, telefone e site verificados pelo Google Maps. Categoria principal: Polícia Federal.",Altamira,PA,R. Ac. Três,850,Jardim Independente I,,"-3,2186156","-52,2235198",(93) 98402-9428,,,https://apps.pf.gov.br/r/comunicapf/comunicapf/pagina-inicial?session=104361560017925,,,,,,,https://www.google.com/maps/place/Delegacia+de+Policia+Federal+-+Altamira/data=!4m7!3m6!1s0x92924787f9732b85:0xde8132c06d10238e!8m2!3d-3.2186156!4d-52.2235198!16s%2Fg%2F11cs1bnwgy!19sChIJhStz-YdHkpIRjiMQbcAygd4?authuser=0&hl=pt-BR&g_ep=EgoyMDI2MDkwOC4wIJJjKgBIAVAD&rclk=1,"https://www.google.com/maps?q=-3.2186156,-52.2235198",revisado_com_pendencias,Revisar,pendências da fonte,cadastur | google_maps | youtube | visitaltamira
atm_0592,Ponte da Peixaria,empresa,Ponte,alimentacao,"A Ponte da Peixaria é uma ponte em Altamira/PA, classificada como Ponte com secundária de alimentação. O endereço é R. da Peixaria, 512-722 - Aparecida, Altamira - PA, 68377-620. As coordenadas são -3.2006818, -52.1951226 (Fonte: google_maps, 2026-09-11).",Altamira,PA,"R. da Peixaria, 512-722",,Aparecida,,"-3,2006818","-52,1951226",,,,,,,,,,,https://www.google.com/maps/place/Ponte+da+Peixaria/data=!4m7!3m6!1s0x929239bba74aea11:0x5b791dd1de1e94bf!8m2!3d-3.2006818!4d-52.1951226!16s%2Fg%2F11lgn7ny2m!19sChIJEepKp7s5kpIRv5Qe3tEdeVs?authuser=0&hl=pt-BR&g_ep=EgoyMDI2MDkwOC4wIJJjKgBIAVAD&rclk=1,"https://www.google.com/maps?q=-3.2006818,-52.1951226",revisado_com_pendencias,Revisar,sem contato | pendências da fonte,cadastur | google_maps | youtube | visitaltamira
atm_0593,Letreiro da Cidade (Altamira),empresa,Ponto Fotográfico,"Fotografia, Selfie, Turismo","Ponto fotográfico 'Letreiro da Cidade (Altamira)' em Altamira, PA. É classificado como Ponto Fotográfico/Atração Turística, ideal para fotografia e selfies. Não necessita de reserva e o horário de visitação é livre. O endereço sugerido é 'Orla de Altamira, Pará' (Fonte: youtube:25:1dcfa867f9). Coordenadas de Google Maps foram usadas para localização, mas o endereço é mais específico de outra fonte.",Altamira,PA,"Orla de Altamira, Pará",,,,"-3,2102332","-52,2093105",,,,,,,Fotografia,,Não,,https://www.google.com/maps/place/Letreiro+Eu+Amo+Altamira/data=!4m7!3m6!1s0x92923931288435c9:0x85b08f603cc8fc35!8m2!3d-3.2102332!4d-52.2093105!16s%2Fg%2F11s5kvtdx0!19sChIJyTWEKDE5kpIRNfzIPGCPsIU?authuser=0&hl=pt-BR&g_ep=EgoyMDI2MDkwOC4wIJJjKgBIAVAD&rclk=1,"https://www.google.com/maps?q=-3.2102332,-52.2093105",revisado_com_pendencias,Revisar,sem contato | pendências da fonte,cadastur | google_maps | youtube | visitaltamira
atm_0594,Porto de Altamira,empresa,Porto/Embarcadouro,"Economia Local, Pescado","Porto de Altamira, localizado em Altamira/PA, é um porto/embarcadouro focado na observação do comércio de peixes da região do Xingu. É um ponto de interesse para comerciantes e curiosos. Endereço verificado: Altamira, Pará. Fonte principal: youtube:121:1dcfa867f9.",Altamira,PA,,,,"Altamira, Pará",,,,,,,,,Observação do comércio de peixes,,,,https://www.youtube.com/watch?v=9fyjmOPYT0k,,revisado_com_pendencias,Revisar,sem coordenadas | sem contato | pendências da fonte,cadastur | google_maps | youtube | visitaltamira | https://en.wikipedia.org/wiki/Port_of_Altamira
atm_0595,Auto Posto Maverick Iv,empresa,Posto de combustível,combustivel,"Entidade turística consolidada: Auto Posto Maverick IV, um posto de combustível em Altamira/PA. O endereço é Trv. Oreganos, 14 - Mutirão, e o contato é (93) 3515-6934. Coordenadas e dados extraídos do Google Maps (2026-09-11).",Altamira,PA,Trv. Oreganos,14,Mutirão,,"-3,1898401","-52,2095119",(93) 3515-6934,,,,,,,,,,https://www.google.com/maps/place/Auto+Posto+Maverick+IV/data=!4m7!3m6!1s0x92923836832896c1:0x5684d20d92430e81!8m2!3d-3.1898401!4d-52.2095119!16s%2Fg%2F11bwflv43d!19sChIJwZYogzY4kpIRgQ5Dkg3ShFY?authuser=0&hl=pt-BR&g_ep=EgoyMDI2MDkwOC4wIJJjKgBIAVAD&rclk=1,"https://www.google.com/maps?q=-3.1898401,-52.2095119",revisado_com_pendencias,Revisar,pendências da fonte,cadastur | google_maps | youtube | visitaltamira
atm_0596,Auto Posto Napoles,empresa,Posto de combustível,combustivel,"Entidade turística consolidada: Auto Posto Napoles, um posto de combustível em Altamira/PA. O endereço é Av. Tancredo Neves, 1685 - Jardim Independente II. Contato: (93) 99240-2244 e site: http://www.postonapoles.com.br/. Coordenadas e dados extraídos do Google Maps (2026-09-11).",Altamira,PA,Av. Tancredo Neves,1685,Jardim Independente Ii,,"-3,2133929","-52,21769",(93) 99240-2244,,,http://www.postonapoles.com.br/,,,,,,,https://www.google.com/maps/place/Auto+Posto+Napoles/data=!4m7!3m6!1s0x929239c65682b10d:0x895e0ef276c86f90!8m2!3d-3.2133929!4d-52.21769!16s%2Fg%2F11h6t77l2f!19sChIJDbGCVsY5kpIRkG_IdvIOXok?authuser=0&hl=pt-BR&g_ep=EgoyMDI2MDkwOC4wIJJjKgBIAVAD&rclk=1,"https://www.google.com/maps?q=-3.2133929,-52.21769",revisado,Apto para conferência final,,cadastur | google_maps | youtube | visitaltamira
atm_0597,Auto Posto Vitória I,empresa,Posto de combustível,combustivel,"Entidade turística consolidada: Auto Posto Vitória I, um posto de combustível em Altamira/PA. O endereço completo é Av. Jader Barbalho, 29 - Jardim Uirapuru. Contatos incluem telefone (93) 3515-3040 e site http://www.grupopostosvitoria.com.br/posto1.php. Coordenadas e dados extraídos do Google Maps (2026-09-11).",Altamira,PA,Av. Jader Barbalho,29,Jardim Uirapuru,,"-3,2062155","-52,2220114",(93) 3515-3040,,,http://www.grupopostosvitoria.com.br/posto1.php,,,,,,,https://www.google.com/maps/place/Auto+Posto+Vit%C3%B3ria+I/data=!4m7!3m6!1s0x9292395f9cd72b65:0xabbef0cb80c88299!8m2!3d-3.2062155!4d-52.2220114!16s%2Fg%2F11fp5r3scc!19sChIJZSvXnF85kpIRmYLIgMvwvqs?authuser=0&hl=pt-BR&g_ep=EgoyMDI2MDkwOC4wIJJjKgBIAVAD&rclk=1,"https://www.google.com/maps?q=-3.2062155,-52.2220114",revisado,Apto para conferência final,,cadastur | google_maps | youtube | visitaltamira
atm_0598,Branca,empresa,Posto de combustível,combustivel,"Consolidado o registro de 'Branca' como Posto de combustível em Altamira/PA. Utilizado o registro de maior completude (google_maps:579:83aba5d8ae) para nome, categoria, endereço (Av. Perimetral, 2595 - Jardim Uirapuru), e contato. Coordenadas e dados de fonte: google_maps (2026-09-11 14:02:15).",Altamira,PA,Av. Perimetral,2595,Jardim Uirapuru,,"-3,2062","-52,2220333",(93) 3515-3040,,,,,,,,,,https://www.google.com/maps/place/Branca/data=!4m7!3m6!1s0x92923868b419fccb:0xf48fb32760da9606!8m2!3d-3.2062!4d-52.2220333!16s%2Fg%2F11wj6jdrvd!19sChIJy_wZtGg4kpIRBpbaYCezj_Q?authuser=0&hl=pt-BR&g_ep=EgoyMDI2MDkwOC4wIJJjKgBIAVAD&rclk=1,"https://www.google.com/maps?q=-3.2062,-52.2220333",revisado_com_pendencias,Revisar,pendências da fonte,cadastur | google_maps | youtube | visitaltamira
atm_0599,Posto Araguaia,empresa,Posto de combustível,combustivel,"Posto Araguaia é um posto de combustível localizado em Altamira, PA, no bairro Jardim Oriente. O endereço é Av. Alacid Nunes, s/n. Contatos: (93) 3515-2473 e site: http://www.grupogdias.com.br/unidades/araguaia/. Coordenadas: -3.2131026, -52.2322816 (Fonte: google_maps, 2026-09-11).",Altamira,PA,Av. Alacid Nunes,S/N,Jardim Oriente,,"-3,2131026","-52,2322816",(93) 3515-2473,,,http://www.grupogdias.com.br/unidades/araguaia/,,,,,,,https://www.google.com/maps/place/Posto+Araguaia/data=!4m7!3m6!1s0x9292387d0a447b53:0xf440a5fad0508f45!8m2!3d-3.2131026!4d-52.2322816!16s%2Fg%2F1pv6yl06w!19sChIJU3tECn04kpIRRY9Q0PqlQPQ?authuser=0&hl=pt-BR&g_ep=EgoyMDI2MDkwOC4wIJJjKgBIAVAD&rclk=1,"https://www.google.com/maps?q=-3.2131026,-52.2322816",revisado_com_pendencias,Revisar,pendências da fonte,cadastur | google_maps | youtube | visitaltamira
atm_0600,Posto Azevedo,empresa,Posto de combustível,combustivel,"Posto Azevedo, um posto de combustível em Altamira/PA, localizado na Av. Alacid Nunes, 1056 - Sudam I. O contato é (93) 99155-1144. Coordenadas: -3.2109552, -52.2239293. (Fonte: google_maps, 2026-09-11)",Altamira,PA,Av. Alacid Nunes,1056,Sudam I,,"-3,2109552","-52,2239293",(93) 99155-1144,,,,,,,,,,https://www.google.com/maps/place/Posto+Azevedo/data=!4m7!3m6!1s0x9292397597058a27:0x9462f6271e63767e!8m2!3d-3.2109552!4d-52.2239293!16s%2Fg%2F11hdql0jtw!19sChIJJ4oFl3U5kpIRfnZjHif2YpQ?authuser=0&hl=pt-BR&g_ep=EgoyMDI2MDkwOC4wIJJjKgBIAVAD&rclk=1,"https://www.google.com/maps?q=-3.2109552,-52.2239293",revisado_com_pendencias,Revisar,pendências da fonte,cadastur | google_maps | youtube | visitaltamira
atm_0601,Posto Bakana,empresa,Posto de combustível,combustivel,"Posto Bakana, um posto de combustível em Altamira, PA. O endereço é Avenida Presidente Luis Inácio Lula Bacana, e as coordenadas são -3.1680575, -52.1774069 (Fonte: google_maps, 2026-09-11). Foi priorizado o preenchimento completo com dados de uma única fonte verificada.",Altamira,PA,Avenida Presidente Luis Inácio Lula Bacana,,Pa,,"-3,1680575","-52,1774069",,,,,,,,,,,https://www.google.com/maps/place/Posto+Bakana/data=!4m7!3m6!1s0x929237d54ae92993:0xb0bf41fa0080d962!8m2!3d-3.1680575!4d-52.1774069!16s%2Fg%2F11nccrbjgv!19sChIJkynpStU3kpIRYtmAAPpBv7A?authuser=0&hl=pt-BR&g_ep=EgoyMDI2MDkwOC4wIJJjKgBIAVAD&rclk=1,"https://www.google.com/maps?q=-3.1680575,-52.1774069",revisado_com_pendencias,Revisar,sem contato | pendências da fonte,cadastur | google_maps | youtube | visitaltamira
atm_0602,Posto Cidade,empresa,Posto de combustível,combustivel,"Posto Cidade é um posto de combustível localizado no Centro de Altamira, PA. O endereço é R. Primeiro de Janeiro, 1569, e pode ser contatado pelo telefone (91) 3515-1679. O site associado é https://www.grupogdias.com.br/. As coordenadas são -3.206431, -52.208281 (Fonte: google_maps, 2026-09-11).",Altamira,PA,R. Primeiro de Janeiro,1569,Centro,,"-3,206431","-52,208281",(91) 3515-1679,,,https://www.grupogdias.com.br/,,,,,,,https://www.google.com/maps/place/Posto+Cidade/data=!4m7!3m6!1s0x92923813edafdfe1:0xf3ce009dcb42c636!8m2!3d-3.206431!4d-52.208281!16s%2Fg%2F1q5ggyxsz!19sChIJ4d-v7RM4kpIRNsZCy50AzvM?authuser=0&hl=pt-BR&g_ep=EgoyMDI2MDkwOC4wIJJjKgBIAVAD&rclk=1,"https://www.google.com/maps?q=-3.206431,-52.208281",revisado,Apto para conferência final,,cadastur | google_maps | youtube | visitaltamira
atm_0603,Posto Mansour,empresa,Posto de combustível,combustivel,"Entidade turística consolidada: Posto Mansour, um posto de combustível em Altamira/PA. O endereço completo é Av. Tancredo Neves - Independente II, e as coordenadas são -3.2196192, -52.2221049 (Fonte: google_maps, 2026-09-11).",Altamira,PA,Av. Tancredo Neves,,Independente Ii,,"-3,2196192","-52,2221049",,,,,,,,,,,https://www.google.com/maps/place/Posto+Mansour/data=!4m7!3m6!1s0x929247886ca73d8d:0x6885e5fef9970005!8m2!3d-3.2196192!4d-52.2221049!16s%2Fg%2F11c0x8yfvh!19sChIJjT2nbIhHkpIRBQCX-f7lhWg?authuser=0&hl=pt-BR&g_ep=EgoyMDI2MDkwOC4wIJJjKgBIAVAD&rclk=1,"https://www.google.com/maps?q=-3.2196192,-52.2221049",revisado_com_pendencias,Revisar,sem contato | pendências da fonte,cadastur | google_maps | youtube | visitaltamira
atm_0604,Posto Maverick Iii Petrobrás,empresa,Posto de combustível,combustivel,"Entidade turística consolidada: Posto Maverick III Petrobrás, um posto de combustível em Altamira/PA, localizado na Rua Abel Figueiredo, 962, bairro Aparecida. Contatos e coordenadas fornecidos por Google Maps (2026-09-11). Telefone: (63) 99959-8928.",Altamira,PA,R. Abel Figueiredo,962,Aparecida,,"-3,1989585","-52,2100192",(63) 99959-8928,,,,,,,,,,https://www.google.com/maps/place/Posto+Maverick+III+Petrobr%C3%A1s/data=!4m7!3m6!1s0x9292383f23ea6223:0xd8101ced9255ee92!8m2!3d-3.1989585!4d-52.2100192!16s%2Fg%2F1tfwfks_!19sChIJI2LqIz84kpIRku5Vku0cENg?authuser=0&hl=pt-BR&g_ep=EgoyMDI2MDkwOC4wIJJjKgBIAVAD&rclk=1,"https://www.google.com/maps?q=-3.1989585,-52.2100192",revisado_com_pendencias,Revisar,pendências da fonte,cadastur | google_maps | youtube | visitaltamira
atm_0605,Posto Petrobras,empresa,Posto de combustível,combustivel,"Consolidado o Posto Petrobras com base nas fontes mais consistentes. Utiliza o endereço, bairro e telefone de uma ocorrência específica do Google Maps e o horário de funcionamento verificado em 'locaisdobrasil.com.br'. A categoria principal é 'Posto de combustível'. Pendência: Não foi possível consolidar coordenadas e endereço de forma definitiva, mas foram priorizadas as informações mais completas disponíveis.",Altamira,PA,Tv. Pedro Gomes,S/N,Centro,,"-3,2066657","-52,2177385",(93) 3515-1170,,,https://www.postospetrobras.com.br/?utm_source=gmb&utm_medium=search,,06:00 às 22:00,,,,,https://www.google.com/maps/place/Posto+Serra+Dourada/data=!4m7!3m6!1s0x9292386c0266a18d:0xb1c180c46bc69e39!8m2!3d-3.2067026!4d-52.2177547!16s%2Fg%2F11b6hr88mq!19sChIJjaFmAmw4kpIROZ7Ga8SAwbE?authuser=0&hl=pt-BR&g_ep=EgoyMDI2MDkwOC4wIJJjKgBIAVAD&rclk=1,"https://www.google.com/maps?q=-3.2066657,-52.2177385",revisado_com_pendencias,Revisar,pendências da fonte,cadastur | google_maps | youtube | visitaltamira | https://www.tiendeo.com.br/Lojas/altamira/trav-pedro-gomes-s-n/78202 | https://www.locaisdobrasil.com.br/encontre/posto-de-combustivel/altamira-pa/posto-petrobras/658e5f755b61b875da187cc2
atm_0606,Posto Serra Dourada,empresa,Posto de combustível,combustivel,"Posto Serra Dourada, um posto de combustível em Altamira-PA, localizado na Tv. Pedro Gomes, Centro. O contato é (93) 3515-1050 e o site é http://www.grupogdias.com.br/unidades/serradourada/. As coordenadas são -3.2067026, -52.2177547 (Fonte: google_maps:5:83aba5d8ae).",Altamira,PA,Tv. Pedro Gomes,S/N,Centro,,"-3,2067026","-52,2177547",(93) 3515-1050,,,http://www.grupogdias.com.br/unidades/serradourada/,,,,,,,https://www.google.com/maps/place/Posto+Serra+Dourada/data=!4m7!3m6!1s0x9292386c0266a18d:0xb1c180c46bc69e39!8m2!3d-3.2067026!4d-52.2177547!16s%2Fg%2F11b6hr88mq!19sChIJjaFmAmw4kpIROZ7Ga8SAwbE?authuser=0&hl=pt-BR&g_ep=EgoyMDI2MDkwOC4wIJJjKgBIAVAD&rclk=1,"https://www.google.com/maps?q=-3.2067026,-52.2177547",revisado_com_pendencias,Revisar,pendências da fonte,cadastur | google_maps | youtube | visitaltamira | https://www.grupogdias.com.br/unidades/posto-serra-dourada/
atm_0607,Postos Maverick,empresa,Posto de combustível,combustivel,"Consolidado o Postos Maverick em Altamira/PA, utilizando os dados da ocorrência mais completa (google_maps:566:83aba5d8ae). O local é um posto de combustível, localizado em São Sebastião, com endereço em R. Dragão do Mar, 2. Contato: (93) 99211-2923. Coordenadas: -3.2094086, -52.2184323 (Fonte: google_maps, 2026-09-11).",Altamira,PA,"136, R. Dragão do Mar",2,São Sebastiao,,"-3,2094086","-52,2184323",(93) 99211-2923,,,,,,,,,,https://www.google.com/maps/place/Postos+Maverick/data=!4m7!3m6!1s0x9292386e1240ac09:0xbda911ba2f6df3ac!8m2!3d-3.2094086!4d-52.2184323!16s%2Fg%2F11c5xwfj0j!19sChIJCaxAEm44kpIRrPNtL7oRqb0?authuser=0&hl=pt-BR&g_ep=EgoyMDI2MDkwOC4wIJJjKgBIAVAD&rclk=1,"https://www.google.com/maps?q=-3.2094086,-52.2184323",revisado_com_pendencias,Revisar,pendências da fonte,cadastur | google_maps | youtube | visitaltamira
atm_0608,Reicon - Rebelo Industria Comercio E Navegações,empresa,Posto de combustível,combustivel,"Entidade turística consolidada: REICON - Rebelo Industria Comercio e Navegações. É um posto de combustível localizado na Catedral, Altamira - PA. O endereço completo é R. Cel. José Porfírio, 1260. Coordenadas e dados extraídos do Google Maps (2026-09-11).",Altamira,PA,R. Cel. José Porfírio,1260,Catedral,,"-3,2043489","-52,2055259",,,,,,,,,,,https://www.google.com/maps/place/REICON+-+Rebelo+Industria+Comercio+e+Navega%C3%A7%C3%B5es/data=!4m7!3m6!1s0x929239f5da815e4d:0x9b06fcbcc9d4abe2!8m2!3d-3.2043489!4d-52.2055259!16s%2Fg%2F11fpl33pg5!19sChIJTV6B2vU5kpIR4qvUybz8Bps?authuser=0&hl=pt-BR&g_ep=EgoyMDI2MDkwOC4wIJJjKgBIAVAD&rclk=1,"https://www.google.com/maps?q=-3.2043489,-52.2055259",revisado,Revisar,sem contato,cadastur | google_maps | youtube | visitaltamira
atm_0609,Xingu Auto Posto,empresa,Posto de combustível,combustivel,"Entidade turística consolidada: Xingu Auto Posto, um posto de combustível em Altamira/PA. O endereço completo é Av. Alacid Nunes, 1056 - Sudam I. As coordenadas e o site foram extraídos do Google Maps (2026-09-11).",Altamira,PA,Av. Alacid Nunes,1056,Sudam I,,"-3,2085262","-52,2167944",,,,https://portal.ipiranga/,,,,,,,https://www.google.com/maps/place/Xingu+Auto+Posto/data=!4m7!3m6!1s0x9292386ddaa6ef0b:0x2f510a9de1dd5150!8m2!3d-3.2085262!4d-52.2167944!16s%2Fg%2F1tkc7rmw!19sChIJC--m2m04kpIRUFHd4Z0KUS8?authuser=0&hl=pt-BR&g_ep=EgoyMDI2MDkwOC4wIJJjKgBIAVAD&rclk=1,"https://www.google.com/maps?q=-3.2085262,-52.2167944",revisado,Apto para conferência final,,cadastur | google_maps | youtube | visitaltamira
atm_0610,Unidade Básica de Saude Santa Ana,empresa,Posto de primeiros socorros,saude,"Unidade Básica de Saúde Santa Ana em Altamira/PA. Categoria principal: Posto de primeiros socorros. Endereço: R. Duque de Caxias - Liberdade, Altamira - PA, 68375-341. Coordenadas: Lat -3.1870601, Lon -52.2277297. Fonte: google_maps (2026-09-11). Não há telefone ou horário de funcionamento verificados para esta unidade.",Altamira,PA,R. Duque de Caxias,,Liberdade,,"-3,1870601","-52,2277297",,,,,,,,,,,https://www.google.com/maps/place/UNIDADE+B%C3%81SICA+DE+SAUDE+SANTA+ANA/data=!4m7!3m6!1s0x9292385345144815:0x5819f8f9d8225fe6!8m2!3d-3.1870601!4d-52.2277297!16s%2Fg%2F11c1vm81x4!19sChIJFUgURVM4kpIR5l8i2Pn4GVg?authuser=0&hl=pt-BR&g_ep=EgoyMDI2MDkwOC4wIJJjKgBIAVAD&rclk=1,"https://www.google.com/maps?q=-3.1870601,-52.2277297",revisado,Revisar,sem contato,cadastur | google_maps | youtube | visitaltamira | https://www.ucihealth.org/locations/santa-ana/family-health-center-santa-ana
atm_0611,Centro de Saúde Ilvanir Denardin,empresa,Posto de saúde comunitário,saude,"Centro de Saúde Ilvanir Denardin em Altamira/PA. Categoria: Posto de saúde comunitário. Endereço: R. Cel. José Porfírio - Centro, Altamira - PA, 68371-456. Contato: (93) 3515-2297. Oferece serviço SUS (Fonte: guia.agendarconsulta.com).",Altamira,PA,R. Cel. José Porfírio,,Centro,,"-3,2077504","-52,2084482",(93) 3515-2297,,,,,,SUS,,,,https://www.google.com/maps/place/Centro+de+Sa%C3%BAde/data=!4m7!3m6!1s0x9292386d6a236a3d:0x51c6652079939b15!8m2!3d-3.2082184!4d-52.2126754!16s%2Fg%2F1tr9phbm!19sChIJPWojam04kpIRFZuTeSBlxlE?authuser=0&hl=pt-BR&g_ep=EgoyMDI2MDkwOC4wIJJjKgBIAVAD&rclk=1,"https://www.google.com/maps?q=-3.2077504,-52.2084482",revisado_com_pendencias,Revisar,pendências da fonte,cadastur | google_maps | youtube | visitaltamira | https://guia.agendarconsulta.com/para/altamira/centro-de-saude-ilvanir-denardin-2330385
atm_0612,Ubs Bela Vista,empresa,Posto de saúde comunitário,saude,"A UBS Bela Vista é um posto de saúde comunitário localizado em Altamira, PA. O endereço é Bela Vista, Altamira - PA, 68374-709. As coordenadas são -3.2070057, -52.2360567 (Fonte: google_maps, 2026-09-11). Foi priorizado o preenchimento completo com dados de uma única fonte verificada.",Altamira,PA,Bela Vista,,Pa,,"-3,2070057","-52,2360567",,,,,,,,,,,https://www.google.com/maps/place/UBS+Bela+Vista/data=!4m7!3m6!1s0x9292388a2a017879:0xd52913e85c479ad8!8m2!3d-3.2070057!4d-52.2360567!16s%2Fg%2F11f2kcjrjm!19sChIJeXgBKoo4kpIR2JpHXOgTKdU?authuser=0&hl=pt-BR&g_ep=EgoyMDI2MDkwOC4wIJJjKgBIAVAD&rclk=1,"https://www.google.com/maps?q=-3.2070057,-52.2360567",revisado_com_pendencias,Revisar,sem contato | pendências da fonte,cadastur | google_maps | youtube | visitaltamira
atm_0613,Ubs Posto de Saúde Unidade Sudam I,empresa,Posto de saúde comunitário,saude,"A entidade turística é a UBS Posto De Saúde Unidade Sudam I, localizada em Altamira-PA. O endereço é R. Luís Né da Silva - Sudam I, e as coordenadas são -3.2035445, -52.2168912. A categoria principal é Posto de saúde comunitário.",Altamira,PA,R. Luís Né da Silva,,Sudam I,,"-3,2035445","-52,2168912",,,,,,,,,,,https://www.google.com/maps/place/UBS+Posto+De+Sa%C3%BAde+Unidade+Sudam+I/data=!4m7!3m6!1s0x9292386a3a47f699:0x5b6f2f46776df466!8m2!3d-3.2035445!4d-52.2168912!16s%2Fg%2F11f0_cgzfm!19sChIJmfZHOmo4kpIRZvRtd0Yvb1s?authuser=0&hl=pt-BR&g_ep=EgoyMDI2MDkwOC4wIJJjKgBIAVAD&rclk=1,"https://www.google.com/maps?q=-3.2035445,-52.2168912",revisado,Revisar,sem contato,cadastur | google_maps | youtube | visitaltamira | https://altamira.pa.gov.br/atendimento-24h-na-ubs-do-sudam-ii-sera-encerrado-nesta-terca-feira-3-de-marco/
atm_0614,Ubs do Laranjeiras,empresa,Posto de saúde comunitário,saude,"Entidade turística consolidada: UBS do Laranjeiras, um Posto de saúde comunitário em Altamira/PA. O endereço é QQ95+6H - Ibiza, e as coordenadas são -3.231908, -52.241016 (Fonte: google_maps, 2026-09-11). Não há informações de contato ou fotos disponíveis.",Altamira,PA,,,Ibiza,,"-3,231908","-52,241016",,,,,,,,,,,https://www.google.com/maps/place/UBS+do+Laranjeiras/data=!4m7!3m6!1s0x92924716bd55d273:0xb25f5ef62287508!8m2!3d-3.231908!4d-52.241016!16s%2Fg%2F11kqm8zslc!19sChIJc9JVvRZHkpIRCHUoYu_1JQs?authuser=0&hl=pt-BR&g_ep=EgoyMDI2MDkwOC4wIJJjKgBIAVAD&rclk=1,"https://www.google.com/maps?q=-3.231908,-52.241016",revisado,Revisar,sem contato,cadastur | google_maps | youtube | visitaltamira
atm_0615,Usf - José Domingos Pereira,empresa,Posto de saúde comunitário,saude,"Entidade turística consolidada: USF - José Domingos Pereira, um Posto de saúde comunitário em Altamira/PA. O endereço é 764, Av. João Coelho, 642 - Jardim Altamira, Altamira - PA, 68376-555. Coordenadas: -3.195247, -52.2127608 (Fonte: google_maps, 2026-09-11).",Altamira,PA,"764, Av. João Coelho",642,Jardim Altamira,,"-3,195247","-52,2127608",,,,,,,,,,,https://www.google.com/maps/place/USF+-+Jos%C3%A9+Domingos+Pereira/data=!4m7!3m6!1s0x92923847892556e7:0x4deb03044509b63e!8m2!3d-3.195247!4d-52.2127608!16s%2Fg%2F11bz09p211!19sChIJ51YliUc4kpIRPrYJRQQD600?authuser=0&hl=pt-BR&g_ep=EgoyMDI2MDkwOC4wIJJjKgBIAVAD&rclk=1,"https://www.google.com/maps?q=-3.195247,-52.2127608",revisado_com_pendencias,Revisar,sem contato | pendências da fonte,cadastur | google_maps | youtube | visitaltamira
atm_0616,Usf - Premem,empresa,Posto de saúde comunitário,saude,"A entidade turística é a USF - Premem, localizada em Altamira/PA. O endereço é R. Gurupá, 395 - Jardim Independente I. O contato telefônico é (93) 3515-2297. A categoria principal é Posto de saúde comunitário.",Altamira,PA,R. Gurupá,395,Jardim Independente I,,,,(93) 3515-2297,,,,,,,,,,https://www.google.com/maps/place/USF+-+Jos%C3%A9+Domingos+Pereira/data=!4m7!3m6!1s0x92923847892556e7:0x4deb03044509b63e!8m2!3d-3.195247!4d-52.2127608!16s%2Fg%2F11bz09p211!19sChIJ51YliUc4kpIRPrYJRQQD600?authuser=0&hl=pt-BR&g_ep=EgoyMDI2MDkwOC4wIJJjKgBIAVAD&rclk=1,,revisado,Revisar,sem coordenadas,cadastur | google_maps | youtube | visitaltamira
atm_0617,Usf Nova Altamira,empresa,Posto de saúde comunitário,saude,"Consolidado o USF NOVA ALTAMIRA em Altamira/PA. Priorizou dados da ocorrência mais específica (ID: google_maps:320:83aba5d8ae), utilizando o nome 'USF NOVA ALTAMIRA' e o endereço 'R. Maria Salvador Fais - Nova Altamira, Altamira - PA, 68371-604'. O telefone foi mantido da primeira fonte verificada (google_maps:302:83aba5d8ae). Pendência: O bairro listado é 'PA', que pode ser impreciso.",Altamira,PA,R. Maria Salvador Fais,,Nova Altamira,,"-3,1749441","-52,1921347",(93) 3515-3929,,,,,,,,,,https://www.google.com/maps/place/Unidade+B%C3%A1sica+de+Sa%C3%BAde+do+Nova+Altamira/data=!4m7!3m6!1s0x9292394908cdf73b:0x5c4eb2fe8518aa35!8m2!3d-3.174973!4d-52.1920804!16s%2Fg%2F11lkhsf3k7!19sChIJO_fNCEk5kpIRNaoYhf6yTlw?authuser=0&hl=pt-BR&g_ep=EgoyMDI2MDkwOC4wIJJjKgBIAVAD&rclk=1,"https://www.google.com/maps?q=-3.1749441,-52.1921347",revisado_com_pendencias,Revisar,pendências da fonte,cadastur | google_maps | youtube | visitaltamira
atm_0618,Unidade de Saúde da Colina,empresa,Posto de saúde comunitário,saude,"Unidade de Saúde da Colina, um posto de saúde comunitário em Altamira/PA. O endereço é Colinas, Altamira - PA, 68376-325. Contato: (93) 3515-2297. Coordenadas: -3.1858515, -52.1911195 (Fonte: google_maps, 2026-09-11).",Altamira,PA,Colinas,,,,"-3,1858515","-52,1911195",(93) 3515-2297,,,,,,,,,,https://www.google.com/maps/place/Unidade+de+Sa%C3%BAde+da+Colina/data=!4m7!3m6!1s0x9292379baf907411:0x3f243213a7a0b8d8!8m2!3d-3.1858515!4d-52.1911195!16s%2Fg%2F11gjs9199v!19sChIJEXSQr5s3kpIR2LigpxMyJD8?authuser=0&hl=pt-BR&g_ep=EgoyMDI2MDkwOC4wIJJjKgBIAVAD&rclk=1,"https://www.google.com/maps?q=-3.1858515,-52.1911195",revisado_com_pendencias,Revisar,pendências da fonte,cadastur | google_maps | youtube | visitaltamira
atm_0619,Unidade de Saúde da Família - Mutirão,empresa,Posto de saúde comunitário,saude,"Unidade de Saúde da Família - Mutirão, classificada como Posto de saúde comunitário, está localizada em Altamira/PA. O endereço é Av. Bom Jesus, 671-627 - Mutirão, Altamira - PA, 68377-050. Contato: (93) 3515-2297. Coordenadas: -3.1876446, -52.2093765 (Fonte: google_maps, 2026-09-11).",Altamira,PA,"Av. Bom Jesus, 671-627",,Mutirão,,"-3,1876446","-52,2093765",(93) 3515-2297,,,,,,,,,,https://www.google.com/maps/place/Unidade+de+Sa%C3%BAde+da+Fam%C3%ADlia+-+Mutir%C3%A3o/data=!4m7!3m6!1s0x9292391cbd7bb819:0x453e645678d4a0df!8m2!3d-3.1876446!4d-52.2093765!16s%2Fg%2F11lhpf8q8f!19sChIJGbh7vRw5kpIR36DUeFZkPkU?authuser=0&hl=pt-BR&g_ep=EgoyMDI2MDkwOC4wIJJjKgBIAVAD&rclk=1,"https://www.google.com/maps?q=-3.1876446,-52.2093765",revisado_com_pendencias,Revisar,pendências da fonte,cadastur | google_maps | youtube | visitaltamira
atm_0620,Balneário Queda D'água,empresa,Pousada,atrativos,"A entidade é consolidada como Balneário e Pousada Queda D'água, com foco em Pousada (google_maps) e Atrativos Naturais (visitaltamira). Priorizou-se o endereço, coordenadas e telefone do Google Maps, enquanto o WhatsApp, Instagram e imagens foram extraídos da fonte Visita Altamira. A descrição indica que é um refúgio natural em Altamira, PA.",Altamira,PA,Vicinal 7 -,,,,"-3,3287501","-52,4071214",(93) 99151-5709,(93) 99151-5709,,,https://www.instagram.com/balnearioquedadagua/,,,,,,https://visitaltamira.com.br/pt/empresa/balneario-queda-dagua,"https://www.google.com/maps?q=-3.3287501,-52.4071214",revisado,Apto para conferência final,,cadastur | google_maps | youtube | visitaltamira | https://www.balneariosdaamazonia.com/para
atm_0621,Pousada Analu,empresa,Pousadas,"Ecoturismo, Região da Sudene, Paisagem Natural","Pousada Analu, em Altamira-PA, é classificada como Pousada, focada em Ecoturismo e Paisagem Natural. Localizada na Região da Sudene, próxima à barragem de Belo Monte, oferece banho de rio e contemplação de paisagem, sendo ideal para turistas que buscam natureza e tranquilidade. (Fonte: youtube:152:1dcfa867f9)",Altamira,PA,"Região da Sudene, Próximo À Barragem de Belo Monte",,,,,,,,,,,,Banho de rio e contemplação de paisagem,,,,https://www.youtube.com/watch?v=YMfUQUdW0Zw,,revisado,Revisar,sem coordenadas | sem contato,cadastur | google_maps | youtube | visitaltamira | https://visitaltamira.com.br/pt/empresa/recanto-analu-pousada
atm_0622,Hotel Em Altamira (Sem Nome Citado),empresa,Pousadas e Hotéis,Conforto,"Entidade turística identificada como 'Hotel em Altamira (Sem nome citado)', classificada como Pousadas e Hotéis em Altamira, PA. O endereço é descrito como ao lado da rodoviária. Serviços incluem hospedagem, e o público-alvo são viajantes e turistas. A informação provém de um vídeo do YouTube (2026-09-11).",Altamira,PA,Ao Lado da Rodoviária de Altamira,,,,,,,,,,,,Hospedagem,,,,https://www.youtube.com/watch?v=t0RubEswseE,,revisado,Revisar,sem coordenadas | sem contato,cadastur | google_maps | youtube | visitaltamira | https://www.kayak.com.br/Altamira-Hoteis.51718.hotel.ksp
atm_0623,Balneário Cupiúba,empresa,Praia,atrativos,"Entidade consolidada como Balneário Cupiúba, classificada como Praia e atrativo em Altamira, PA. O endereço é Altamira, PA, com coordenadas -3.1524975, -52.2612135 (Fonte: google_maps, 2026-09-11). Foi priorizada a opção com nome mais completo e categoria de praia.",Altamira,PA,,,,,"-3,1524975","-52,2612135",,,,,,,,,,,https://www.google.com/maps/place/Balne%C3%A1rio+Cupi%C3%BAba/data=!4m7!3m6!1s0x92923be3e9e1c521:0xe14f05e88032c4ae!8m2!3d-3.1524975!4d-52.2612135!16s%2Fg%2F11fzf6bwbn!19sChIJIcXh6eM7kpIRrsQygOgFT-E?authuser=0&hl=pt-BR&g_ep=EgoyMDI2MDkwOC4wIJJjKgBIAVAD&rclk=1,"https://www.google.com/maps?q=-3.1524975,-52.2612135",revisado,Revisar,sem contato,cadastur | google_maps | youtube | visitaltamira
atm_0624,Ilha do Amor,empresa,Praia,atrativos,"A Ilha do Amor é uma praia e atrativo localizado em Altamira, PA. O endereço registrado é Estr. do Pajé - Altamira, PA. As coordenadas são -3.2666935, -52.1897846, conforme dados do Google Maps (2026-09-11). Pendências: Nenhuma.",Altamira,PA,Estr. do Pajé -,,,,"-3,2666935","-52,1897846",,,,,,,,,,,https://www.google.com/maps/place/Ilha+do+Amor/data=!4m7!3m6!1s0x929248a03f973849:0x732c0c7072acfbbe!8m2!3d-3.2666935!4d-52.1897846!16s%2Fg%2F11b6z5bvkq!19sChIJSTiXP6BIkpIRvvuscnAMLHM?authuser=0&hl=pt-BR&g_ep=EgoyMDI2MDkwOC4wIJJjKgBIAVAD&rclk=1,"https://www.google.com/maps?q=-3.2666935,-52.1897846",revisado,Revisar,sem contato,cadastur | google_maps | youtube | visitaltamira
atm_0625,Lagoa Azul,empresa,Praia,atrativos,"Entidade turística 'Lagoa Azul' identificada como Praia e atrativo em Altamira, PA. O endereço é Vicinal 10, 8 - km 09. Coordenadas e dados extraídos do Google Maps (2026-09-11).",Altamira,PA,Vicinal 10,8,Km 09 -,,"-3,1772022","-52,4346717",,,,,,,,,,,https://www.google.com/maps/place/Lagoa+Azul/data=!4m7!3m6!1s0x929214128ae260b3:0x49ee78a72d0b8bd3!8m2!3d-3.1772022!4d-52.4346717!16s%2Fg%2F11gbzcrny6!19sChIJs2DiihIUkpIR04sLLad47kk?authuser=0&hl=pt-BR&g_ep=EgoyMDI2MDkwOC4wIJJjKgBIAVAD&rclk=1,"https://www.google.com/maps?q=-3.1772022,-52.4346717",revisado,Revisar,sem contato,cadastur | google_maps | youtube | visitaltamira
atm_0626,Praia,ponto_turistico,Praia,atrativos,"Consolidado para Praia Artificial - Adalberto (google_maps:25:83aba5d8ae). A categoria principal é Praia, em Altamira/PA. O endereço é Altamira, PA. O horário de funcionamento é 5h30 e 19h30 (Fonte: live_1d9d96b1c9). O preço é proibido (Fonte: live_1d9d96b1c9). Foi priorizada a fonte web verificada para horários e preços.",Altamira,PA,,,,,"-3,2460247","-52,1884814",,,,,,5h30 e 19h30,,,,,https://www.google.com/maps/place/Praia+Artificial+da+Orla+de+Altamira/data=!4m7!3m6!1s0x92923816ca53fdd5:0x7aaa39f4a8aafef5!8m2!3d-3.2058603!4d-52.2054132!16s%2Fg%2F11ckkyvc74!19sChIJ1f1TyhY4kpIR9f6qqPQ5qno?authuser=0&hl=pt-BR&g_ep=EgoyMDI2MDkwOC4wIJJjKgBIAVAD&rclk=1,"https://www.google.com/maps?q=-3.2460247,-52.1884814",revisado_com_pendencias,Revisar,sem contato | pendências da fonte,cadastur | google_maps | youtube | visitaltamira | https://altamira.pa.gov.br/prefeitura-regulamenta-horarios-de-uso-das-praias-para-garantir-seguranca-aos-banhistas/
atm_0627,Praia do Pajé,ponto_turistico,Praia,atrativos,"Entidade turística consolidada como Praia do Pajé, localizada em Altamira, PA. A categoria principal é Praia, com a secundária de atrativos. O endereço é Estr. do Pajé - Altamira, PA. Coordenadas e dados extraídos do Google Maps (2026-09-11). Pendências: Nenhuma.",Altamira,PA,Estr. do Pajé -,,,,"-3,2356621","-52,2227705",,,,,,,,,,,https://www.google.com/maps/place/Praia+do+Paj%C3%A9/data=!4m7!3m6!1s0x929247bd4bd506ff:0x6ec5635b65f0e2ef!8m2!3d-3.2356621!4d-52.2227705!16s%2Fg%2F11cn5md9sn!19sChIJ_wbVS71HkpIR7-LwZVtjxW4?authuser=0&hl=pt-BR&g_ep=EgoyMDI2MDkwOC4wIJJjKgBIAVAD&rclk=1,"https://www.google.com/maps?q=-3.2356621,-52.2227705",revisado,Revisar,sem contato,cadastur | google_maps | youtube | visitaltamira
atm_0628,Praia de Massonori,ponto_turistico,Praias,"Rio Xingu, Descanso, Ecoturismo, Sombra e Água Fresca","Praia de Massonori, em Altamira/PA, é um local ideal para lazer em família e contato com a natureza. Oferece banho de rio, áreas para descanso (redes, acampamento) e churrasco. Possui rampa de acesso e serviços como quiosques e calçadão (segundo fonte web). Não necessita de reserva. (Fonte principal: youtube:225:1dcfa867f9 e visitaaltamira:7:320ea3a512)",Altamira,PA,Próximo À Rodovia Transamazônica,,,,,,,,,,,Mencionado o uso em finais de semana para churrasco e lazer.,"iluminação, calçadão, piso tátil, quiosques amplos e com a valorização da cultura indígena local, área verde e arborização, chuveiros e um letreiro personalizado com o nome da praia",Possui rampa de acesso que torna o local acessível para cadeirantes.,Não,,https://visitaltamira.com.br/pt/ponto/5,,revisado_com_pendencias,Revisar,sem coordenadas | sem contato | pendências da fonte,cadastur | google_maps | youtube | visitaltamira | https://altamira.pa.gov.br/inauguracao-da-praia-do-massanori-reune-mais-de-10-mil-banhistas/
atm_0629,Praia do Massanori,ponto_turistico,Praias,,"Praia do Massanori, em Altamira/PA, é um local de lazer em família, ideal para contato com a natureza. Possui rampa de acesso e serviços como áreas para churrasco e quiosques. As coordenadas e o endereço são baseados em fontes de alta confiança (google_maps/visitaltamira). Não é necessário reservar, e o acesso é considerado fácil.",Altamira,PA,,,,,"-3,2099366","-52,1403177",,,,,,,"Banho de rio, descanso em redes, áreas para churrasco, uso de quiosques, rampa de acesso.",Possui rampa de acesso que torna o local acessível para cadeirantes.,Não,,https://visitaltamira.com.br/pt/ponto/5,"https://www.google.com/maps?q=-3.2099366,-52.1403177",revisado,Revisar,sem endereço | sem contato,cadastur | google_maps | youtube | visitaltamira | https://avozdoxingu.com.br/praia-do-massanori-novo-ponto-turistico-de-altamira-pa/
atm_0630,Pedrais,empresa,Praias de Rio,"Corredeiras, Pesca de Arremesso, Pedrais","Pedrais é uma atração em Altamira/PA, classificada como Praia de Rio. Oferece serviços de pesca esportiva (Tucunaré, Bicuda e Jacundá) por arremesso de iscas artificiais, sendo ideal para pescadores esportivos. O local está situado no Rio Xingu.",Altamira,PA,Rio Xingu,,,,,,,,,,,,"Pesca esportiva de Tucunaré, Bicuda e Jacundá utilizando arremesso de iscas artificiais.",,,,https://www.youtube.com/watch?v=xXCsODfw2Z8,,revisado_com_pendencias,Revisar,sem coordenadas | sem contato | pendências da fonte,cadastur | google_maps | youtube | visitaltamira
atm_0631,Praia Artificial do Massarani,ponto_turistico,Praias de Rio,"Lazer, Verão","Praia Artificial do Massarani, localizada em Altamira/PA, é classificada como Praia de Rio e atrai famílias e moradores. Oferece lazer e banho de rio. (Fonte: youtube:89:1dcfa867f9, 2026-09-11)",Altamira,PA,,,,Altamira,,,,,,,,,"Banho de rio, lazer",,,,https://www.youtube.com/watch?v=JFJgD8B6Q4E,,revisado,Revisar,sem coordenadas | sem contato,cadastur | google_maps | youtube | visitaltamira
atm_0632,Praia Grande,ponto_turistico,Praias de Rio,"Ecoturismo, Rio Xingu, Altamira, Pôr do Sol","A Praia Grande em Altamira, PA, é um destino de ecoturismo e lazer, ideal para famílias e aventureiros. Oferece atividades como banho de rio, camping, churrasco e voo de paramotor. A fonte principal é um vídeo do YouTube (youtube:213:1dcfa867f9) com informações detalhadas sobre a localização e atrações.",Altamira,PA,,,,"Altamira, Pará",,,,,,,,,"Banho de rio, churrasco em família, camping, observação de paisagem e voo de paramotor",,,,https://www.youtube.com/watch?v=vW8krBbGsrc,,revisado,Revisar,sem coordenadas | sem contato,cadastur | google_maps | youtube | visitaltamira
atm_0633,Praia de Altamira,ponto_turistico,Praias de Rio,"YouTube, Rio Xingu","Praia de Altamira, localizada em Altamira/PA, é uma praia de rio na orla, ideal para banho e lazer. É frequentada por famílias e aventureiros. Não necessita de reserva. (Fonte: youtube:21:1dcfa867f9, 2026-09-11)",Altamira,PA,"Orla de Altamira, Rio Xingu",,,,,,,,,,,,"Banho de rio, lazer",,Não,,https://www.youtube.com/watch?v=RkgTeXobqGU,,revisado,Revisar,sem coordenadas | sem contato,cadastur | google_maps | youtube | visitaltamira
atm_0634,Praia de Massarano,ponto_turistico,Praias de Rio,"Rio Xingu, Ecoturismo","A Praia de Massarano, em Altamira/PA, é um local de lazer e ecoturismo, ideal para famílias e turistas. É descrita como uma praia principal, com atividades como banho de rio. O acesso é na região de Altamira/Xingu, e é muito frequentada aos finais de semana. (Fonte: youtube:108:1dcfa867f9)",Altamira,PA,Região de Altamira/Xingu,,,,,,,,,,,Muito frequentada aos finais de semana.,Banho de rio e lazer.,,,,https://www.youtube.com/watch?v=qEGXlnQNPm0,,revisado,Revisar,sem coordenadas | sem contato,cadastur | google_maps | youtube | visitaltamira
atm_0635,Praia do Cais,ponto_turistico,Praias de Rio,"Rio Xingu, Lazer, Esportes Aquáticos","Praia do Cais em Altamira/PA, localizada na Avenida 7 de Setembro / Orla do Xingu. É um local de lazer com atividades como vôlei de praia e aluguel de caiaque (R$ 15,00 - R$ 20,00). O horário de funcionamento é de 5h30 às 19h30, conforme fonte oficial. Não é necessária reserva.",Altamira,PA,Avenida,7,"de Setembro / Orla do Xingu, Altamira",,,,,,,,,entre às 5h30 e 19h30,"Vôlei de praia, aluguel de caiaque, caminhadas na orla",,Não,,https://www.youtube.com/watch?v=KeJAKYeI34Q,,revisado_com_pendencias,Revisar,sem coordenadas | sem contato | pendências da fonte,cadastur | google_maps | youtube | visitaltamira | https://altamira.pa.gov.br/prefeitura-regulamenta-horarios-de-uso-das-praias-para-garantir-seguranca-aos-banhistas/ | https://avozdoxingu.com.br/prefeitura-de-altamira-restringe-horarios-e-proibe-banho-em-areas-de-risco-nas-praias-da-cidade/
atm_0636,Praia do Jambu,ponto_turistico,Praias de Rio,"Rio Xingu, Lazer","Entidade turística consolidada: Praia do Jambu, localizada em Altamira, PA. A categoria principal é Praias de Rio, com secundária Rio Xingu, Lazer. O endereço referenciado é Altamira, Pará. As informações foram extraídas do YouTube (youtube:134:1dcfa867f9) em 2026-09-11.",Altamira,PA,,,,"Altamira, Pará",,,,,,,,,,,,,https://www.youtube.com/watch?v=PmuSwGJwSLM,,revisado,Revisar,sem coordenadas | sem contato,cadastur | google_maps | youtube | visitaltamira
atm_0637,Praia do Massarador,ponto_turistico,Praias de Rio,"Ecoturismo, Banho de Rio, Rio Xingu, Lazer","Praia do Massarador, em Altamira/PA, é um refúgio turístico com características de praia de rio. Oferece lazer, ecoturismo e banho de rio. É recomendada a visita a partir de julho (período de seca) e possui serviços como aluguel de tendas (aprox. R$ 50,00). Atrai famílias e aventureiros.",Altamira,PA,"Próximo A Altamira, Pará",,,,,,,,,,,Melhor época de julho em diante (período de seca) para encontrar águas mais claras e área de areia mais extensa.,"Banho de rio, churrasco (em áreas permitidas), aluguel de tendas e descanso.",,,,https://www.youtube.com/watch?v=9UJZSK4BQ-E,,revisado,Revisar,sem coordenadas | sem contato,cadastur | google_maps | youtube | visitaltamira
atm_0638,Praia do Massarano,ponto_turistico,Praias de Rio,"Rio Xingu, Lazer, Verão","A Praia do Massarano, em Altamira/PA, é uma praia de rio muito frequentada, especialmente aos finais de semana. Localizada próxima ao centro urbano, oferece lazer em família e banho de rio, sendo um destino para famílias e moradores locais. (Fonte: youtube:31:1dcfa867f9)",Altamira,PA,"Próximo Ao Centro Urbano de Altamira, Às Margens do Rio Xingu.",,,,,,,,,,,Muito frequentada aos finais de semana.,"Banho de rio, lazer em família.",,,,https://www.youtube.com/watch?v=qEGXlnQNPm0,,revisado,Revisar,sem coordenadas | sem contato,cadastur | google_maps | youtube | visitaltamira
atm_0639,Praia do Meio,ponto_turistico,Praias de Rio,"YouTube, Rio Xingu","Entidade turística consolidada como Praia do Meio, localizada em Altamira, PA. A categoria principal é Praias de Rio, com menção secundária a YouTube, Rio Xingu. As informações foram extraídas do YouTube (youtube:214:1dcfa867f9) em 2026-09-11.",Altamira,PA,,,,,,,,,,,,,,,,,https://www.youtube.com/watch?v=vW8krBbGsrc,,revisado,Revisar,sem coordenadas | sem endereço | sem contato,cadastur | google_maps | youtube | visitaltamira
atm_0640,"Praia do Padeiro, Besouro, Sossego, Grande E Olivetti",ponto_turistico,Praias de Rio,Rio Xingu,"A entidade é a Praia do Padeiro, Besouro, Sossego, Grande e Olivetti, em Altamira/PA. A categoria principal é 'Praias de Rio' (fonte: youtube). O endereço é listado como Altamira, PA. As coordenadas foram priorizadas do Google Maps (-3.2605944, -52.1922429). Serviços incluem 'Banho de rio' e o público-alvo são 'Turistas e moradores'.",Altamira,PA,,,,,"-3,2605944","-52,1922429",,,,,,,Banho de rio,,,,https://www.google.com/maps/place/Praia+do+Padeiro/data=!4m7!3m6!1s0x929247343b478905:0x81bb2cc87a3850a4!8m2!3d-3.2605944!4d-52.1922429!16s%2Fg%2F11l8l04gh7!19sChIJBYlHOzRHkpIRpFA4esgsu4E?authuser=0&hl=pt-BR&g_ep=EgoyMDI2MDkwOC4wIJJjKgBIAVAD&rclk=1,"https://www.google.com/maps?q=-3.2605944,-52.1922429",revisado,Revisar,sem contato | possível duplicidade,cadastur | google_maps | youtube | visitaltamira
atm_0641,"Praia do Pedral, Altamira-Pa",ponto_turistico,Praias de Rio,"Rio Xingu, Ecoturismo, Águas Claras","A Praia do Pedral em Altamira-PA é um destino turístico com foco em experiência ribeirinha, com águas límpidas. É possível obter informações de endereço, bairro e coordenadas via Google Maps (379:83aba5d8ae). As atrações incluem banho de rio e hospedagem em malocas. O público-alvo são turistas e banhistas. A acessibilidade é mencionada como boa (fonte: youtube:125:1dcfa867f9). Pendência: Não há informações de contato ou fotos verificadas para a unidade consolidada.",Altamira,PA,Estr. do Balneário Pedral,,Independente Ii,,"-3,2560061","-52,2192694",,,,,,,"Banho de rio, hospedagem em malocas (estruturas ribeirinhas), contemplação de vista.",Boa acessibilidade por conta do asfalto e proximidade,Não,,"https://www.google.com/maps/place/Praia+do+Pedral,+Altamira-PA/data=!4m7!3m6!1s0x92924750374cdb2b:0x6baca8cf37983a26!8m2!3d-3.2560061!4d-52.2192694!16s%2Fg%2F11j4kc3p6n!19sChIJK9tMN1BHkpIRJjqYN8-orGs?authuser=0&hl=pt-BR&g_ep=EgoyMDI2MDkwOC4wIJJjKgBIAVAD&rclk=1","https://www.google.com/maps?q=-3.2560061,-52.2192694",revisado_com_pendencias,Revisar,sem contato | pendências da fonte,cadastur | google_maps | youtube | visitaltamira
atm_0642,Praia do Rio Xingu (Descampado),ponto_turistico,Praias de Rio,"Banho de Rio, Verão, Descanso","Praia do Rio Xingu (Descampado) em Altamira-PA. É um local ideal para banho de rio e descanso, com pedras e praia. A melhor época é no início do verão (período de seca). Atrai famílias e aventureiros. Endereço: Rio Xingu, Altamira - PA.",Altamira,PA,"Rio Xingu, Altamira",,Pa.,,,,,,,,,Melhor época: Início do verão (período de seca).,Banho de rio e descanso.,,,,https://www.youtube.com/watch?v=_H3wfJ8xuLM,,revisado,Revisar,sem coordenadas | sem contato,cadastur | google_maps | youtube | visitaltamira | https://xinguriver.com.br/
atm_0643,Praia Em Frente À Cidade,ponto_turistico,Praias de Rio,"Praia Artificial, Rio Xingu","Entidade turística identificada como 'Praia em frente à cidade' em Altamira/PA. A categoria principal é 'Praias de Rio' e uma secundária é 'Praia Artificial, Rio Xingu'. O endereço fornecido é 'Frente da cidade de Altamira, Pará', com evidência de fonte do YouTube (2026-09-11). Pendências: Não há informações de contato ou coordenadas específicas.",Altamira,PA,"Frente da Cidade de Altamira, Pará",,,,,,,,,,,,,,,,https://www.youtube.com/watch?v=xou9AFByvh0,,revisado,Revisar,sem coordenadas | sem contato,cadastur | google_maps | youtube | visitaltamira
atm_0644,Praias Fluviais Sazonais,ponto_turistico,Praias de Rio,"Verão, Águas Mornas, Águas Esverdeadas","Praias Fluviais Sazonais, localizadas em Altamira/PA, são praias de rio que aparecem somente no verão. Oferecem banho de rio e contemplação, atraindo turistas que buscam o verão e apreciam suas águas mornas e esverdeadas. O endereço é na Região de Altamira (Fonte: youtube:4:1dcfa867f9).",Altamira,PA,Região de Altamira,,,,,,,,,,,Aparecem somente durante o verão,"Banho de rio, Contemplação",,,,https://www.youtube.com/watch?v=8uF_f4Ztp5A,,revisado,Revisar,sem coordenadas | sem contato,cadastur | google_maps | youtube | visitaltamira
atm_0645,"Praias Permanentes de Altamira (Orla, Amassarela, Nory E Sunine)",ponto_turistico,Praias de Rio,"Rio Xingu, Lazer","As Praias Permanentes de Altamira (Orla, Amassarela, Nory e Sunine) são um local de lazer em Altamira, PA, focado em praias de rio. Oferece banho de rio e atrai famílias, moradores e turistas. O endereço referenciado é Altamira, PA. (Fonte: youtube:3:1dcfa867f9)",Altamira,PA,,,,,,,,,,,,,Banho de rio,,,,https://www.youtube.com/watch?v=8uF_f4Ztp5A,,revisado,Revisar,sem coordenadas | sem contato,cadastur | google_maps | youtube | visitaltamira
atm_0646,Prainha de Altamira,empresa,Praias de Rio,"Banho de Rio, Verão","Prainha de Altamira, em Altamira/PA, é uma praia de rio ideal para refrescar-se em dias quentes, sendo um local para famílias e aventureiros. Localizada próximo à Orla do Trapiche, é recomendada nos dias de calor. (Fonte: youtube:118:1dcfa867f9, 2026-09-11)",Altamira,PA,"Próximo À Orla do Trapiche, Altamira",,,,,,,,,,,Melhor nos dias de calor,"Banho de rio, refrescar-se",,,,https://www.youtube.com/watch?v=9fyjmOPYT0k,,revisado,Revisar,sem coordenadas | sem contato,cadastur | google_maps | youtube | visitaltamira
atm_0647,Horta Orgânica Local,empresa,Produtos Orgânicos,"Agricultura Familiar, Alimentos Frescos","Horta Orgânica Local, em Altamira/PA, é um local que oferece produtos orgânicos frescos e baratos. É possível comprar vegetais frescos e orgânicos, sendo um ponto de interesse para moradores locais e consumidores de produtos naturais. Não é necessária reserva.",Altamira,PA,Bairro Local de Altamira,,,,,,,,,,,,Compra de vegetais frescos e orgânicos,,Não,,https://www.youtube.com/watch?v=9DD2niySlc4,,revisado,Revisar,sem coordenadas | sem contato,cadastur | google_maps | youtube | visitaltamira
atm_0648,Unidade de Saúde da Familia Jatobá,empresa,Pronto atendimento,saude,"Unidade de Saúde da Familia Jatobá, classificada como Pronto atendimento, em Altamira/PA. O endereço é Mutirão, e as coordenadas são -3.1766033, -52.2165704, conforme dados do Google Maps (2026-09-11). Pendência: O campo 'bairro' está incorretamente preenchido com 'PA' em vez de um bairro específico.",Altamira,PA,Mutirão,,Pa,,"-3,1766033","-52,2165704",,,,,,,,,,,https://www.google.com/maps/place/Unidade+de+Sa%C3%BAde+da+Familia+Jatob%C3%A1/data=!4m7!3m6!1s0x929239b9961481d3:0x7dbd222ae0b7c76!8m2!3d-3.1766033!4d-52.2165704!16s%2Fg%2F11g6mwmvwp!19sChIJ04EUlrk5kpIRdnwLriLS2wc?authuser=0&hl=pt-BR&g_ep=EgoyMDI2MDkwOC4wIJJjKgBIAVAD&rclk=1,"https://www.google.com/maps?q=-3.1766033,-52.2165704",revisado_com_pendencias,Revisar,sem contato | pendências da fonte,cadastur | google_maps | youtube | visitaltamira
atm_0649,Quadra da Orla de Altamira,ponto_turistico,Quadra de basquete,atrativos,"A Quadra da Orla de Altamira, classificada como Quadra de basquete e atrativo, está localizada em Altamira, PA. O endereço é Av. João Pessoa - Recreio, e as coordenadas são -3.2114845, -52.2101721 (Fonte: google_maps, 2026-09-11).",Altamira,PA,Av. João Pessoa,,Recreio,,"-3,2114845","-52,2101721",,,,,,,,,,,https://www.google.com/maps/place/Quadra+da+Orla+de+Altamira/data=!4m7!3m6!1s0x9292380d05f944b7:0xb13de7a5d8be4383!8m2!3d-3.2114845!4d-52.2101721!16s%2Fg%2F11hc_r6hqv!19sChIJt0T5BQ04kpIRg0O-2KXnPbE?authuser=0&hl=pt-BR&g_ep=EgoyMDI2MDkwOC4wIJJjKgBIAVAD&rclk=1,"https://www.google.com/maps?q=-3.2114845,-52.2101721",revisado,Revisar,sem contato,cadastur | google_maps | youtube | visitaltamira
atm_0650,Centro Esportivo Vôlei de Praia,ponto_turistico,Quadra de vôlei de praia,atrativos,"Centro Esportivo Vôlei de Praia, localizado em Altamira/PA, na Av. João Pessoa, Orla do Cais - Recreio. É classificado como Quadra de vôlei de praia e atrativo. Coordenadas e endereço obtidos via Google Maps (2026-09-11).",Altamira,PA,"Av. João Pessoa, Orla do Cais",,Recreio,,"-3,209332","-52,2087482",,,,,,,,,,,https://www.google.com/maps/place/Centro+Esportivo+V%C3%B4lei+de+Praia/data=!4m7!3m6!1s0x929238126deba97f:0xbea26700b85f7e3c!8m2!3d-3.209332!4d-52.2087482!16s%2Fg%2F11g9qh5bcg!19sChIJf6nrbRI4kpIRPH5fuABnor4?authuser=0&hl=pt-BR&g_ep=EgoyMDI2MDkwOC4wIJJjKgBIAVAD&rclk=1,"https://www.google.com/maps?q=-3.209332,-52.2087482",revisado,Revisar,sem contato,cadastur | google_maps | youtube | visitaltamira
atm_0651,Catedral do Xingu (Igreja de São Sebastião),empresa,Religioso,"Arquitetura, Fé, Patrimônio","A Catedral do Xingu (Igreja de São Sebastião) está localizada em Altamira/PA. É classificada como Religioso/Atrativo Turístico, com serviços de visitação e celebrações. O endereço é no Centro de Altamira, em frente ao Rio Xingu. Coordenadas: Lat -3.2042326, Lon -52.2064967 (Fonte: google_maps:517:83aba5d8ae). O público-alvo são fiéis e turistas interessados em cultura.",Altamira,PA,,,,,"-3,2042326","-52,2064967",,,,,,,"Visitação, celebrações religiosas",,,,https://www.google.com/maps/place/Catedral/data=!4m7!3m6!1s0x9292381698567a5b:0xd06633723e438878!8m2!3d-3.2042326!4d-52.2064967!16s%2Fg%2F1ymt9v1d0!19sChIJW3pWmBY4kpIReIhDPnIzZtA?authuser=0&hl=pt-BR&g_ep=EgoyMDI2MDkwOC4wIJJjKgBIAVAD&rclk=1,"https://www.google.com/maps?q=-3.2042326,-52.2064967",revisado,Revisar,sem endereço | sem contato,cadastur | google_maps | youtube | visitaltamira | https://avozdoxingu.com.br/festividade-de-sao-sebastiao-confira-a-programacao-em-homenagem-ao-padroeiro-de-altamira-no-para/
atm_0652,Corregedoria da Policia Militar,empresa,Repartição pública,seguranca,"A Corregedoria da Polícia Militar em Altamira, PA, está localizada no R. Raimundo Oliveira - Jardim Independente I. O contato telefônico é (93) 98408-6119. A fonte principal de dados é o Google Maps (2026-09-11). Não há pendências de informação crítica para consolidação.",Altamira,PA,R. Raimundo Oliveira,,Jardim Independente I,,"-3,2205546","-52,2245567",(93) 98408-6119,,,,,,,,,,https://www.google.com/maps/place/Corregedoria+da+Policia+Militar/data=!4m7!3m6!1s0x9292472a8e27e323:0x95fbc8a7c5691fb!8m2!3d-3.2205546!4d-52.2245567!16s%2Fg%2F11kxl4r9zm!19sChIJI-MnjipHkpIR-5FWfIq8Xwk?authuser=0&hl=pt-BR&g_ep=EgoyMDI2MDkwOC4wIJJjKgBIAVAD&rclk=1,"https://www.google.com/maps?q=-3.2205546,-52.2245567",revisado,Apto para conferência final,,cadastur | google_maps | youtube | visitaltamira | https://www.pmpr.pr.gov.br/ | https://www.pm.pa.gov.br/fale-conosco.html
atm_0653,Semtur - Secretaria Municipal de Turismo,empresa,Repartição pública municipal,passeios_agencias,"A entidade turística é a SEMTUR - Secretaria Municipal de Turismo, localizada em Altamira/PA. O endereço principal registrado é Passagem João Pessoa. Possui um site no Instagram e é classificada como repartição pública municipal, com serviços relacionados a passeios e agências. As coordenadas e o endereço são baseados em evidência do Google Maps (2026-09-11). Foi adicionado o serviço 'Espaço de Informação Turística' de outra fonte.",Altamira,PA,,,,Passagem João Pessoa -,"-3,2080282","-52,2074168",,,,https://www.instagram.com/semtur.altamira,,,Espaço de Informação Turística,,,,https://www.google.com/maps/place/SEMTUR+-+Secretaria+Municipal+de+Turismo/data=!4m7!3m6!1s0x9292397af28c48af:0x268e6febf52811f6!8m2!3d-3.2080282!4d-52.2074168!16s%2Fg%2F11s33dr_6g!19sChIJr0iM8no5kpIR9hEo9etvjiY?authuser=0&hl=pt-BR&g_ep=EgoyMDI2MDkwOC4wIJJjKgBIAVAD&rclk=1,"https://www.google.com/maps?q=-3.2080282,-52.2074168",revisado_com_pendencias,Revisar,pendências da fonte,cadastur | google_maps | youtube | visitaltamira | https://altamira.pa.gov.br/prefeitura-inaugura-espaco-de-informacao-turistica-no-aeroporto-de-altamira/ | https://diariodoxingu.com/noticias/casa-de-memoria-do-xingu-sera-entregue-para-a-prefeitura-de-altamira-nesta-sexta-feira
atm_0654,Tabuleiro do Embaubau,empresa,Reserva Ambiental,"Vida Selvagem, Rio Xingu","Tabuleiro do Embaubau é uma Reserva Ambiental em Altamira, PA, focada na soltura de tartarugas da Amazônia. Atrai ecoturistas e observadores de animais, oferecendo atividades como observação de fauna e soltura de tartarugas. (Fonte: youtube:102:1dcfa867f9)",Altamira,PA,,,,,,,,,,,,,"Observação de fauna, soltura de tartarugas",,,,https://www.youtube.com/watch?v=QLyo4Ytlmo8,,revisado,Revisar,sem coordenadas | sem endereço | sem contato,cadastur | google_maps | youtube | visitaltamira | https://cmjoseporfirio.pa.gov.br/o-municipio/
atm_0655,Palicone Steak House Altamira,empresa,Restaurant,Sociedade Empresária Limitada,"PALICONE ALTAMIRA é um estabelecimento em Altamira/PA, registrado no Cadastur. O nome mais específico é 'Palicone Steak House Altamira' (live_f954d83407). A categoria principal é Restaurante (live_727d5daaa0|categoria_principal). O endereço mais completo é Av. João Pessoa, Orla do Cais, 2038 - Centro, Altamira - PA, 68371-045 (live_f954d83407|endereco). Contato: (93) 99106-6717 (live_f954d83407|telefone). Site: https://www.paliconealtamira.com.br (cadastur:61:6b7236cb4b|site). Pendência: Horários de funcionamento conflitantes (Quinta 19h-23h vs. Quarta 10h-22h).",Altamira,PA,"Av. João Pessoa, Orla do Cais",2038,Centro,,,,(93) 99106-6717,,ALTAMIRA@PALICONE.COM.BR,https://www.paliconealtamira.com.br,,,Atendimento: Português,,,Regular - Certificado: 49421721000164 (Operação) - Validade: 2027-05-14,https://cadastur.turismo.gov.br/,,revisado_com_pendencias,Revisar,sem coordenadas | pendências da fonte,cadastur | google_maps | youtube | visitaltamira | https://www.locaisdobrasil.com.br/encontre/restaurantes/altamira-pa/palicone-steak-house-altamira/658e746b5b61b875da18908d | https://brasillocais.com/para/palicone-steak-house-altamira-1378165
atm_0656,A Casa do Tambaqui,empresa,Restaurante,alimentacao,"A Casa do Tambaqui é um restaurante em Altamira, PA, especializado em culinária amazônica. O endereço registrado é Av. Brg. Eduardo Gomes, 2974 - Esplanada do Xingu. Contatos incluem telefone (93) 99125-2691 e WhatsApp via link da Visita Altamira. A fonte mais completa é a Visita Altamira, que fornece redes sociais e imagens.",Altamira,PA,Av. Brg. Eduardo Gomes,2974,Esplanada do Xingu,,"-3,2159439","-52,2164834",(93) 99125-2691,(93) 99236-4444,,,https://instagram.com/acasadotambaqui,,,,,,https://visitaltamira.com.br/pt/empresa/casa-do-tambaqui,"https://www.google.com/maps?q=-3.2159439,-52.2164834",revisado_com_pendencias,Revisar,pendências da fonte,cadastur | google_maps | youtube | visitaltamira | https://visitaltamira.com.br/pt/empresa/casa-do-tambaqui
atm_0657,A Melhor Carne Se Sol,empresa,Restaurante,alimentacao,"Entidade turística consolidada: A melhor carne se sol, um Restaurante de alimentação em Altamira/PA. O endereço é Av. Jader Barbalho, 2163 - Perpétuo Socorro. Coordenadas e dados extraídos do Google Maps (2026-09-11).",Altamira,PA,Av. Jader Barbalho,2163,Perpétuo Socorro,,"-3,2043539","-52,219032",,,,,,,,,,,https://www.google.com/maps/place/A+melhor+carne+se+sol/data=!4m7!3m6!1s0x9292399d0349e0e9:0x9ff2347f662316cf!8m2!3d-3.2043539!4d-52.219032!16s%2Fg%2F11jng9yj29!19sChIJ6eBJA505kpIRzxYjZn808p8?authuser=0&hl=pt-BR&g_ep=EgoyMDI2MDkwOC4wIJJjKgBIAVAD&rclk=1,"https://www.google.com/maps?q=-3.2043539,-52.219032",revisado,Revisar,sem contato,cadastur | google_maps | youtube | visitaltamira
atm_0658,Beira Rio Peixaria E Restaurante,empresa,Restaurante,alimentacao,"Entidade turística consolidada como Beira Rio Peixaria e Restaurante, classificada como Restaurante/alimentação em Altamira/PA. O endereço principal é Av. João Pessoa, 1577 - São Sebastiao, Altamira - PA, 68372-050. As coordenadas são -3.215065, -52.2132381. A fonte primária é o Google Maps (2026-09-11).",Altamira,PA,Av. João Pessoa,1577,São Sebastiao,,"-3,215065","-52,2132381",,,,,,,,,,,https://www.google.com/maps/place/Beira+Rio+Peixaria+e+Restaurante/data=!4m7!3m6!1s0x929239fd85694e3b:0xdc259ab07cb10d02!8m2!3d-3.215065!4d-52.2132381!16s%2Fg%2F11fn7hpw53!19sChIJO05phf05kpIRAg2xfLCaJdw?authuser=0&hl=pt-BR&g_ep=EgoyMDI2MDkwOC4wIJJjKgBIAVAD&rclk=1,"https://www.google.com/maps?q=-3.215065,-52.2132381",revisado,Revisar,sem contato,cadastur | google_maps | youtube | visitaltamira | https://www.peixariaverorio.com.br/
atm_0659,Calçada da Fama,empresa,Restaurante,alimentacao,"Entidade turística 'Calçada Da Fama' em Altamira/PA. Classificada como Restaurante (alimentação). Endereço: R. Modesto Silva, 979 - Jardim Independente I. Coordenadas: -3.2148645, -52.2235026. Fonte: google_maps (2026-09-11). Pendências: Nenhuma.",Altamira,PA,R. Modesto Silva,979,Jardim Independente I,,"-3,2148645","-52,2235026",,,,,,,,,,,https://www.google.com/maps/place/Cal%C3%A7ada+Da+Fama/data=!4m7!3m6!1s0x929239aab5544c2b:0x3ca40155e615053!8m2!3d-3.2148645!4d-52.2235026!16s%2Fg%2F11p795jljd!19sChIJK0xUtao5kpIRU1BhXhVAygM?authuser=0&hl=pt-BR&g_ep=EgoyMDI2MDkwOC4wIJJjKgBIAVAD&rclk=1,"https://www.google.com/maps?q=-3.2148645,-52.2235026",revisado_com_pendencias,Revisar,sem contato | pendências da fonte,cadastur | google_maps | youtube | visitaltamira
atm_0660,Cantinho do Cipó Ambé,empresa,Restaurante,alimentacao,"Cantinho do Cipó Ambé é um restaurante de alimentação localizado em Altamira, PA. O endereço é Estrada da Serrinha, Km 08, s/n - Ramal Cipó Ambé. Contato: (93) 99175-3254. Coordenadas: -3.1160023, -52.2343426 (Fonte: google_maps, 2026-09-11).",Altamira,PA,"Estrada da Serrinha, Km 08",S/N,Ramal Cipó Ambé,,"-3,1160023","-52,2343426",(93) 99175-3254,,,,,,,,,,https://www.google.com/maps/place/Cantinho+do+Cip%C3%B3+Amb%C3%A9/data=!4m7!3m6!1s0x92923b023d5c8035:0xef303e2745e84ecd!8m2!3d-3.1160023!4d-52.2343426!16s%2Fg%2F11cn0pd55w!19sChIJNYBcPQI7kpIRzU7oRSc-MO8?authuser=0&hl=pt-BR&g_ep=EgoyMDI2MDkwOC4wIJJjKgBIAVAD&rclk=1,"https://www.google.com/maps?q=-3.1160023,-52.2343426",revisado_com_pendencias,Revisar,pendências da fonte,cadastur | google_maps | youtube | visitaltamira
atm_0661,Charmitex,empresa,Restaurante,alimentacao,"Charmitex é um restaurante localizado em Altamira, PA, no bairro Jardim Uirapuru. O endereço é 530, Tv. Niterói, 1178. As coordenadas são -3.2056948, -52.2237548. A fonte principal de dados é o Google Maps (2026-09-11).",Altamira,PA,"530, Tv. Niterói",1178,Jardim Uirapuru,,"-3,2056948","-52,2237548",,,,,,,,,,,https://www.google.com/maps/place/Charmitex/data=!4m7!3m6!1s0x9292386ee2e350bb:0xebcea2f688a0c171!8m2!3d-3.2056948!4d-52.2237548!16s%2Fg%2F11dxc10q_f!19sChIJu1Dj4m44kpIRccGgiPaizus?authuser=0&hl=pt-BR&g_ep=EgoyMDI2MDkwOC4wIJJjKgBIAVAD&rclk=1,"https://www.google.com/maps?q=-3.2056948,-52.2237548",revisado,Revisar,sem contato,cadastur | google_maps | youtube | visitaltamira | https://magicpin.com/brazil/Altamira/Altamira/Restaurant/Charmitex/store/29037c1
atm_0662,Churrascaria Adonai,empresa,Restaurante,alimentacao,"Churrascaria Adonai é um restaurante em Altamira, PA, localizado no Jardim Independente I. O endereço é R. Ac. Quatro - Jardim Independente I, Altamira - PA, 68373-106. O telefone é (93) 99203-9092. O horário de funcionamento pode ser Sexta 10:00 às 15:00 (fonte: locaisdobrasil.com.br). Coordenadas: -3.2210996, -52.2297677.",Altamira,PA,R. Ac. Quatro,,Jardim Independente I,,"-3,2210996","-52,2297677",(93) 99203-9092,,,,,Sexta 10:00 às 15:00,,,,,https://www.google.com/maps/place/Churrascaria+Adonai/data=!4m7!3m6!1s0x929247d6d847dbd3:0x6ebcb4d22df5c722!8m2!3d-3.2210996!4d-52.2297677!16s%2Fg%2F11sfdxbs0l!19sChIJ09tH2NZHkpIRIsf1LdK0vG4?authuser=0&hl=pt-BR&g_ep=EgoyMDI2MDkwOC4wIJJjKgBIAVAD&rclk=1,"https://www.google.com/maps?q=-3.2210996,-52.2297677",revisado_com_pendencias,Revisar,pendências da fonte,cadastur | google_maps | youtube | visitaltamira | https://www.locaisdobrasil.com.br/encontre/restaurantes/altamira-pa/churrascaria-adonai/658e74745b61b875da189095 | https://restaurantguru.com.br/Churrascaria-Adonai-Altamira
atm_0663,Churrascaria Braseiro,empresa,Restaurante,alimentacao,"A Churrascaria Braseiro é um restaurante de alimentação localizado em Altamira, PA, no bairro Esplanada do Xingu. O endereço é Ac. Dois, 103 - Esplanada do Xingu, Altamira - PA, 68372-570. O contato é (93) 99146-2170. Coordenadas: -3.2169385, -52.2162011 (Fonte: google_maps, 2026-09-11).",Altamira,PA,Ac. Dois,103,Esplanada do Xingu,,"-3,2169385","-52,2162011",(93) 99146-2170,,,,,,,,,,https://www.google.com/maps/place/Churrascaria+Braseiro/data=!4m7!3m6!1s0x9292394865e0d103:0xe8ba7c11c2f2dabf!8m2!3d-3.2169385!4d-52.2162011!16s%2Fg%2F11fqz4qr8v!19sChIJA9HgZUg5kpIRv9rywhF8uug?authuser=0&hl=pt-BR&g_ep=EgoyMDI2MDkwOC4wIJJjKgBIAVAD&rclk=1,"https://www.google.com/maps?q=-3.2169385,-52.2162011",revisado,Apto para conferência final,,cadastur | google_maps | youtube | visitaltamira
atm_0664,Churrascaria Cantinho do Espeto,empresa,Restaurante,alimentacao,"Entidade consolidada como Churrascaria Cantinho Do Espeto em Altamira/PA. Priorizou-se o Google Maps para dados de contato e localização, mas manteve o WhatsApp e o status Cadastur do registro oficial. A categoria principal é Restaurante, com endereço em R. Anchieta, 1700 - Sudam I. Contatos: Tel: (93) 99105-6171; WhatsApp: +5593991961208. (Fonte: google_maps:95:83aba5d8ae, cadastur:57:6b7236cb4b)",Altamira,PA,R. Anchieta,1700,Sudam I,,,,(93) 99105-6171,(93) 99196-1208,EDIMOCALDAS33@GMAIL.COM,,,,,,,Regular - Certificado: 42812884000129 (Operação) - Validade: 2027-08-22,https://cadastur.turismo.gov.br/,,revisado_com_pendencias,Revisar,sem coordenadas | pendências da fonte,cadastur | google_maps | youtube | visitaltamira
atm_0665,Comida de Mãe Box 07,empresa,Restaurante,alimentacao,"Comida de Mãe Box 07 é um restaurante de alimentação localizado no Centro, em Altamira/PA. O endereço é Av. João Pessoa - Centro, e o contato é (93) 99188-9175. As coordenadas são -3.2107174, -52.2096537 (Fonte: google_maps:331:83aba5d8ae, 2026-09-11).",Altamira,PA,Av. João Pessoa,,Centro,,"-3,2107174","-52,2096537",(93) 99188-9175,,,,,,,,,,https://www.google.com/maps/place/Comida+de+M%C3%A3e+Box+07/data=!4m7!3m6!1s0x9292380d9ca72d6b:0x7d09f22df95f96e5!8m2!3d-3.2107174!4d-52.2096537!16s%2Fg%2F11g9ngnslf!19sChIJay2nnA04kpIR5ZZf-S3yCX0?authuser=0&hl=pt-BR&g_ep=EgoyMDI2MDkwOC4wIJJjKgBIAVAD&rclk=1,"https://www.google.com/maps?q=-3.2107174,-52.2096537",revisado_com_pendencias,Revisar,pendências da fonte,cadastur | google_maps | youtube | visitaltamira
atm_0666,Deck Bar E Restaurante,empresa,Restaurante,alimentacao,"Deck Bar e Restaurante é um restaurante localizado em Altamira/PA, no bairro Jardim Independente II. O endereço é R. Cel. José Porfírio, 3905. O contato é (93) 99142-0802. As coordenadas são -3.2239203, -52.2189865 (Fonte: google_maps, 2026-09-11).",Altamira,PA,R. Cel. José Porfírio,3905,Jardim Independente Ii,,"-3,2239203","-52,2189865",(93) 99142-0802,,,,,,,,,,https://www.google.com/maps/place/Deck+Bar+e+Restaurante/data=!4m7!3m6!1s0x929247c91ffff109:0x96f7516bd65e9b91!8m2!3d-3.2239203!4d-52.2189865!16s%2Fg%2F11h_whyn8s!19sChIJCfH_H8lHkpIRkZte1mtR95Y?authuser=0&hl=pt-BR&g_ep=EgoyMDI2MDkwOC4wIJJjKgBIAVAD&rclk=1,"https://www.google.com/maps?q=-3.2239203,-52.2189865",revisado,Apto para conferência final,,cadastur | google_maps | youtube | visitaltamira
atm_0667,Disk Pizza Sabor Caseiro,empresa,Restaurante,alimentacao,"Disk Pizza SABOR CASEIRO é um restaurante de alimentação localizado em Altamira, PA, no bairro Ibiza. O endereço é Rua Elias Leitão - Ibiza, e o contato é (93) 99137-8436. As coordenadas são -3.2210928, -52.2339891 (Fonte: google_maps, 2026-09-11).",Altamira,PA,Rua Elias Leitão,,Ibiza,,"-3,2210928","-52,2339891",(93) 99137-8436,,,,,,,,,,https://www.google.com/maps/place/Disk+Pizza+SABOR+CASEIRO/data=!4m7!3m6!1s0x92924702a3b0fc45:0xac193737ab867603!8m2!3d-3.2210928!4d-52.2339891!16s%2Fg%2F11h96dm8qf!19sChIJRfywowJHkpIRA3aGqzc3Gaw?authuser=0&hl=pt-BR&g_ep=EgoyMDI2MDkwOC4wIJJjKgBIAVAD&rclk=1,"https://www.google.com/maps?q=-3.2210928,-52.2339891",revisado,Apto para conferência final,,cadastur | google_maps | youtube | visitaltamira
atm_0668,Empório Cosmopolita,empresa,Restaurante,alimentacao,"Empório Cosmopolita é um restaurante de alimentação localizado em Altamira, PA, no bairro Esplanada do Xingu. O endereço é R. Cel. José Porfírio, 3227A, com telefone (93) 99150-7242 e site https://emporiocosmopolita.com.br/. Coordenadas: -3.218646, -52.215998. (Fonte: google_maps:82:83aba5d8ae)",Altamira,PA,"R. Cel. José Porfírio, 3227A",,Esplanada do Xingu,,"-3,218646","-52,215998",(93) 99150-7242,,,https://emporiocosmopolita.com.br/,,,,,,,https://www.google.com/maps/place/Emp%C3%B3rio+Cosmopolita/data=!4m7!3m6!1s0x9292478a710fffff:0x230ccfb00565c4e5!8m2!3d-3.218646!4d-52.215998!16s%2Fg%2F11s5xpbfd5!19sChIJ__8PcYpHkpIR5cRlBbDPDCM?authuser=0&hl=pt-BR&g_ep=EgoyMDI2MDkwOC4wIJJjKgBIAVAD&rclk=1,"https://www.google.com/maps?q=-3.218646,-52.215998",revisado,Apto para conferência final,,cadastur | google_maps | youtube | visitaltamira | https://altamira.pa.gov.br/file-real-do-xingu-abre-a-rodada-de-avaliacao-da-primeira-etapa-do-circuito-gastronomico/ | https://altamira.pa.gov.br/56786-2/
atm_0669,Espaço Grill,empresa,Restaurante,alimentacao,"Entidade turística consolidada: Espaço grill, um restaurante de alimentação localizado no Centro, Altamira - PA. O endereço é Avenida Presidente Tancredo de Almeida neves, e o contato é (93) 99176-1667. O site fornecido é um perfil do Instagram (google_maps:174:83aba5d8ae|site). As coordenadas são -3.211246, -52.216776 (google_maps:174:83aba5d8ae|latitude, google_maps:174:83aba5d8ae|longitude). Fonte: google_maps (2026-09-11).",Altamira,PA,Avenida Presidente Tancredo de Almeida Neves,,Centro,,"-3,211246","-52,216776",(93) 99176-1667,,,https://instagram.com/espacogrill_atm?igshid=MzRlODBiNWFlZA==,,,,,,,https://www.google.com/maps/place/Espa%C3%A7o+grill/data=!4m7!3m6!1s0x929239c6ea1c1ddf:0xb0f613e99f2604fe!8m2!3d-3.211246!4d-52.216776!16s%2Fg%2F11l2s_7y7l!19sChIJ3x0c6sY5kpIR_gQmn-kT9rA?authuser=0&hl=pt-BR&g_ep=EgoyMDI2MDkwOC4wIJJjKgBIAVAD&rclk=1,"https://www.google.com/maps?q=-3.211246,-52.216776",revisado,Apto para conferência final,,cadastur | google_maps | youtube | visitaltamira
atm_0670,Estação Gourmet,empresa,Restaurante,alimentacao,"Estação Gourmet é um restaurante de alimentação localizado em Altamira, PA. O endereço é Jardim Independente II, e o contato é (93) 99142-2729. As coordenadas são -3.2193356, -52.2184323 (Fonte: google_maps, 2026-09-11). Necessita confirmação do bairro, pois o valor registrado é 'PA'.",Altamira,PA,Jardim Independente Ii,,,,"-3,2193356","-52,2184323",(93) 99142-2729,,,,,,,,,,https://www.google.com/maps/place/Esta%C3%A7%C3%A3o+Gourmet/data=!4m7!3m6!1s0x929239a69054ae89:0xdb44e5fa70a8297e!8m2!3d-3.2193356!4d-52.2184323!16s%2Fg%2F11gk8k7hw4!19sChIJia5UkKY5kpIRfimocPrlRNs?authuser=0&hl=pt-BR&g_ep=EgoyMDI2MDkwOC4wIJJjKgBIAVAD&rclk=1,"https://www.google.com/maps?q=-3.2193356,-52.2184323",revisado_com_pendencias,Revisar,pendências da fonte,cadastur | google_maps | youtube | visitaltamira
atm_0671,Fleniks Pizzaria E Hamburgueria,empresa,Restaurante,alimentacao,"Entidade turística consolidada como FLENIKS PIZZARIA E HAMBURGUERIA, um restaurante de alimentação localizado em Altamira, PA, no Centro. O endereço é Av. João Pessoa, 1740. As coordenadas e o horário de funcionamento são provenientes do Google Maps (data: 2026-09-11). Não há informações de contato ou horário atualizados de outras fontes confiáveis.",Altamira,PA,Av. João Pessoa,1740,Centro,,"-3,2087656","-52,2087071",,,,,,,,,,,https://www.google.com/maps/place/FLENIKS+PIZZARIA+E+HAMBURGUERIA/data=!4m7!3m6!1s0x9292381241a6893b:0xcd8d947e4bdc5e68!8m2!3d-3.2087656!4d-52.2087071!16s%2Fg%2F11md0zjq33!19sChIJO4mmQRI4kpIRaF7cS36Ujc0?authuser=0&hl=pt-BR&g_ep=EgoyMDI2MDkwOC4wIJJjKgBIAVAD&rclk=1,"https://www.google.com/maps?q=-3.2087656,-52.2087071",revisado_com_pendencias,Revisar,sem contato | pendências da fonte,cadastur | google_maps | youtube | visitaltamira | https://www.locaisdobrasil.com.br/encontre/hamburgueria/taboao-da-serra-sp/xias-pizzaria-e-hamburgueria/66d8cdce70d3ea745b3c168b
atm_0672,Flutuante Amazônia,empresa,Restaurante,atrativos,"A entidade ""Flutuante Amazônia"" foi consolidada usando os dados da ocorrência google_maps:507:83aba5d8ae. É classificada como Restaurante e Atrativo, localizada em Altamira/PA. O endereço é AV Margem Esquerda do Rio - Tarumã Açu, Manaus - AM, 69023-240, com telefone (92) 99234-6265. As coordenadas não foram selecionadas por falta de evidência única e confiável.",Altamira,PA,Av Margem Esquerda do Rio,,Am,"Tarumã Açu, Manaus",,,(92) 99234-6265,,,,,,,,,,https://www.google.com/maps/place/Restaurante+Flutuante/data=!4m7!3m6!1s0x92a50f3ae92f7903:0x474efad6e1b80c8a!8m2!3d-1.4283955!4d-47.9198873!16s%2Fg%2F11h2p6pbq_!19sChIJA3kv6ToPpZIRigy44db6Tkc?authuser=0&hl=pt-BR&g_ep=EgoyMDI2MDkwOC4wIJJjKgBIAVAD&rclk=1,,revisado,Revisar,sem coordenadas,cadastur | google_maps | youtube | visitaltamira
atm_0673,Guaraná da Amazônia da Simone,empresa,Restaurante,alimentacao,"Entidade turística consolidada: Guaraná da Amazônia da Simone, um Restaurante de alimentação localizado no Centro, Altamira - PA. O endereço é R. 7 de Setembro, 1919, e o contato é (93) 99155-6671. Coordenadas e dados obtidos via Google Maps (2026-09-11).",Altamira,PA,R. 7 de Setembro,1919,Centro,,"-3,2074598","-52,2120316",(93) 99155-6671,,,,,,,,,,https://www.google.com/maps/place/Guaran%C3%A1+da+Amaz%C3%B4nia+da+Simone/data=!4m7!3m6!1s0x92923928c148f057:0x9b37922ab62da196!8m2!3d-3.2074598!4d-52.2120316!16s%2Fg%2F11tt5x6gyf!19sChIJV_BIwSg5kpIRlqEttiqSN5s?authuser=0&hl=pt-BR&g_ep=EgoyMDI2MDkwOC4wIJJjKgBIAVAD&rclk=1,"https://www.google.com/maps?q=-3.2074598,-52.2120316",revisado_com_pendencias,Revisar,pendências da fonte,cadastur | google_maps | youtube | visitaltamira
atm_0674,O Sabor de Casa,empresa,Restaurante,alimentacao,"Entidade turística consolidada: O Sabor de Casa, um Restaurante de alimentação em Altamira/PA. O endereço é R. Mal. Rondon, 208 - Esplanada do Xingu. Contato: (93) 99169-3529. Coordenadas: -3.218663, -52.216989 (Fonte: google_maps, 2026-09-11).",Altamira,PA,R. Mal. Rondo,208,Esplanada do Xingu,,"-3,218663","-52,216989",(93) 99169-3529,,,,,,,,,,https://www.google.com/maps/place/O+Sabor+de+Casa/data=!4m7!3m6!1s0x92923875db33064f:0x37a3f247f1ef454c!8m2!3d-3.218663!4d-52.216989!16s%2Fg%2F11bxdw7f08!19sChIJTwYz23U4kpIRTEXv8Ufyozc?authuser=0&hl=pt-BR&g_ep=EgoyMDI2MDkwOC4wIJJjKgBIAVAD&rclk=1,"https://www.google.com/maps?q=-3.218663,-52.216989",revisado_com_pendencias,Revisar,pendências da fonte,cadastur | google_maps | youtube | visitaltamira
atm_0675,Peixaria E Conveniência Sortidão,empresa,Restaurante,alimentacao,"PEIXARIA E CONVENIÊNCIA SORTIDÃO é um restaurante de alimentação localizado em Altamira/PA, no bairro Jardim Primavera. O endereço é R. Padre Antônio Viêira - Jardim Primavera, e pode ser contatado pelo telefone (93) 99200-7209. As coordenadas e o site foram obtidos via Google Maps (2026-09-11).",Altamira,PA,R. Padre Antônio Viêira,,Jardim Primavera,,"-3,1930602","-52,2089853",(93) 99200-7209,,,https://peixaria-e-conveniencia-sortidao.negocio.site/?utm_source=gmb&utm_medium=referral,,,,,,,https://www.google.com/maps/place/PEIXARIA+E+CONVENI%C3%8ANCIA+SORTID%C3%83O/data=!4m7!3m6!1s0x9292398c68e5b68b:0xfede4bb4414df91!8m2!3d-3.1930602!4d-52.2089853!16s%2Fg%2F11j_2mpzz5!19sChIJi7blaIw5kpIRkd8URLvk7Q8?authuser=0&hl=pt-BR&g_ep=EgoyMDI2MDkwOC4wIJJjKgBIAVAD&rclk=1,"https://www.google.com/maps?q=-3.1930602,-52.2089853",revisado_com_pendencias,Revisar,pendências da fonte,cadastur | google_maps | youtube | visitaltamira
atm_0676,Palaffitas Restaurante,empresa,Restaurante,alimentacao,"Palaffitas Restaurante em Altamira/PA. Endereço: R. Cel. José Porfírio, 3299 - Esplanada do Xingu. Telefone: (93) 9 9200-5353. Funciona de terça a sábado, das 11:00 às 20:00. Priorizada a fonte web verificada para contato e horário.",Altamira,PA,R. Cel. José Porfírio,3299,Esplanada do Xingu,,"-3,2217041","-52,217707",(93) 9 9200-5353,,,,,segunda: Fechado terça: 11:00 - 20:00 quarta: 11:00 - 20:00 quinta: 11:00 - 20:00 sexta: 11:00 - 20:00 sábado: 11:00 - 20:00 domingo: Fechado,,,,,https://www.google.com/maps/place/Palaffitas+%28Restaurante-Peixaria-Churrascaria+%26+Choperia%29/data=!4m7!3m6!1s0x9292478a3a723fef:0x46005c551917a1a9!8m2!3d-3.2179177!4d-52.2158498!16s%2Fg%2F11bzsqkl54!19sChIJ7z9yOopHkpIRqaEXGVVcAEY?authuser=0&hl=pt-BR&g_ep=EgoyMDI2MDkwOC4wIJJjKgBIAVAD&rclk=1,"https://www.google.com/maps?q=-3.2217041,-52.217707",revisado_com_pendencias,Revisar,pendências da fonte,cadastur | google_maps | youtube | visitaltamira | https://aiqfome.com/PA/altamira/restaurante-palaffitas
atm_0677,Quintal do Tião,empresa,Restaurante,alimentacao,"Quintal do Tião é um restaurante de alimentação localizado em Altamira, PA. O endereço é Av. Brg. Eduardo Gomes, 1496 - Esplanada do Xingu. Contato: (93) 99102-4064. Coordenadas: -3.2141865, -52.2153025. Fonte: google_maps (2026-09-11).",Altamira,PA,Av. Brg. Eduardo Gomes,1496,Esplanada do Xingu,,"-3,2141865","-52,2153025",(93) 99102-4064,,,https://app.anota.ai/espetinhodotiao?from=msa&utm_source=portal-share-btn,,,,,,,https://www.google.com/maps/place/Quintal+do+Ti%C3%A3o/data=!4m7!3m6!1s0x929247b51a493ff5:0x22002e6c100bea8!8m2!3d-3.2141865!4d-52.2153025!16s%2Fg%2F11y2nxrm18!19sChIJ9T9JGrVHkpIRqL4AweYCIAI?authuser=0&hl=pt-BR&g_ep=EgoyMDI2MDkwOC4wIJJjKgBIAVAD&rclk=1,"https://www.google.com/maps?q=-3.2141865,-52.2153025",revisado_com_pendencias,Revisar,pendências da fonte,cadastur | google_maps | youtube | visitaltamira
atm_0678,Restaurante Assados É Cia,empresa,Restaurante,alimentacao,"Restaurante Assados é CIA, um restaurante de alimentação localizado no Centro de Altamira-PA. O endereço é Tv. Lindolfo Aranha - Centro, e o contato é (93) 99232-6218. As coordenadas são -3.2055738, -52.2095669 (Fonte: google_maps, 2026-09-11).",Altamira,PA,Tv. Lindolfo Aranha,,Centro,,"-3,2055738","-52,2095669",(93) 99232-6218,,,,,,,,,,https://www.google.com/maps/place/Restaurante+Assados+%C3%A9+CIA/data=!4m7!3m6!1s0x929239800c15d841:0xcd3ca38ac1582281!8m2!3d-3.2055738!4d-52.2095669!16s%2Fg%2F11jmy93_fy!19sChIJQdgVDIA5kpIRgSJYwYqjPM0?authuser=0&hl=pt-BR&g_ep=EgoyMDI2MDkwOC4wIJJjKgBIAVAD&rclk=1,"https://www.google.com/maps?q=-3.2055738,-52.2095669",revisado,Apto para conferência final,,cadastur | google_maps | youtube | visitaltamira
atm_0679,Restaurante Baianos,empresa,Restaurante,alimentacao,"Restaurante Baianos, localizado em Altamira/PA, é um restaurante de alimentação situado na Tv. Dez de Novembro, n° 619 - Centro. O contato é (93) 99115-6504. Coordenadas: -3.2059914, -52.2129398 (Fonte: google_maps, 2026-09-11).",Altamira,PA,Tv. Dez de Novembro,619,Centro,,"-3,2059914","-52,2129398",(93) 99115-6504,,,,,,,,,,https://www.google.com/maps/place/Restaurante+Baianos/data=!4m7!3m6!1s0x929239ab6ea54f07:0x4277664593d976d3!8m2!3d-3.2059914!4d-52.2129398!16s%2Fg%2F11y6sh5q9k!19sChIJB0-lbqs5kpIR03bZk0Vmd0I?authuser=0&hl=pt-BR&g_ep=EgoyMDI2MDkwOC4wIJJjKgBIAVAD&rclk=1,"https://www.google.com/maps?q=-3.2059914,-52.2129398",revisado_com_pendencias,Revisar,pendências da fonte,cadastur | google_maps | youtube | visitaltamira
atm_0680,Restaurante Bom Gosto,empresa,Restaurante,alimentacao,"Entidade turística consolidada: Restaurante Bom Gosto, um restaurante de alimentação em Altamira/PA. O endereço é Tv. Cmte. Castilho, 737-647 - Catedral, e o contato é (93) 99122-6953. Coordenadas e dados obtidos via Google Maps (2026-09-11).",Altamira,PA,"Tv. Cmte. Castilho, 737-647",,Catedral,,"-3,2052681","-52,2068204",(93) 99122-6953,,,,,,,,,,https://www.google.com/maps/place/Restaurante+Bom+Gosto/data=!4m7!3m6!1s0x929239c63f9d573d:0x373548327f599a6a!8m2!3d-3.2052681!4d-52.2068204!16s%2Fg%2F11hxq2s9rx!19sChIJPVedP8Y5kpIRappZfzJINTc?authuser=0&hl=pt-BR&g_ep=EgoyMDI2MDkwOC4wIJJjKgBIAVAD&rclk=1,"https://www.google.com/maps?q=-3.2052681,-52.2068204",revisado,Apto para conferência final,,cadastur | google_maps | youtube | visitaltamira
atm_0681,Restaurante Empório Caseiro,empresa,Restaurante,alimentacao,"Entidade turística consolidada: Restaurante Empório Caseiro, um restaurante de alimentação em Altamira/PA, localizado no Centro, na R. Manoel Umbuzeiro, 2114. As coordenadas e dados foram extraídos do Google Maps (2026-09-11).",Altamira,PA,R. Manoel Umbuzeiro,2114,Centro,,"-3,20517","-52,2133805",,,,,,,,,,,https://www.google.com/maps/place/Restaurante+Emp%C3%B3rio+Caseiro/data=!4m7!3m6!1s0x9292386b46e5cc3f:0xe40faa103fdbdf74!8m2!3d-3.20517!4d-52.2133805!16s%2Fg%2F11gf61mxw0!19sChIJP8zlRms4kpIRdN_bPxCqD-Q?authuser=0&hl=pt-BR&g_ep=EgoyMDI2MDkwOC4wIJJjKgBIAVAD&rclk=1,"https://www.google.com/maps?q=-3.20517,-52.2133805",revisado,Revisar,sem contato,cadastur | google_maps | youtube | visitaltamira
atm_0682,Restaurante Flutuante,empresa,Restaurante,atrativos,"Consolidado o Restaurante Flutuante com dados da fonte google_maps:504:83aba5d8ae. A categoria principal é Restaurante, com localização em Altamira/PA. O endereço é PA-136, KM 16 - Centro, Inhangapi - PA, e o telefone é (91) 98583-2448. As outras fontes apresentaram inconsistências de localização e nome.",Altamira,PA,"Pa-136, Km",16,Pa,"Centro, Inhangapi",,,(91) 98583-2448,,,,,,,,,,https://www.google.com/maps/place/Restaurante+Flutuante/data=!4m7!3m6!1s0x92a50f3ae92f7903:0x474efad6e1b80c8a!8m2!3d-1.4283955!4d-47.9198873!16s%2Fg%2F11h2p6pbq_!19sChIJA3kv6ToPpZIRigy44db6Tkc?authuser=0&hl=pt-BR&g_ep=EgoyMDI2MDkwOC4wIJJjKgBIAVAD&rclk=1,,revisado_com_pendencias,Revisar,sem coordenadas | pendências da fonte,cadastur | google_maps | youtube | visitaltamira
atm_0683,Restaurante Itapuã,empresa,Restaurante,alimentacao,"Entidade turística consolidada: Restaurante Itapuã, localizado em Altamira/PA. É classificado como Restaurante/Alimentação. O endereço é Av. João Pessoa - Centro, e possui telefone (93) 99205-1022 e site no Facebook. Coordenadas e dados extraídos do Google Maps (2026-09-11).",Altamira,PA,Av. João Pessoa,,Centro,,"-3,2081416","-52,2077033",(93) 99205-1022,,,https://pt-br.facebook.com/itapuaatm/,,,,,,,https://www.google.com/maps/place/Restaurante+Itapu%C3%A3/data=!4m7!3m6!1s0x92923813d63b916b:0x615ec339674be34d!8m2!3d-3.2081416!4d-52.2077033!16s%2Fg%2F11c5f8qn2s!19sChIJa5E71hM4kpIRTeNLZznDXmE?authuser=0&hl=pt-BR&g_ep=EgoyMDI2MDkwOC4wIJJjKgBIAVAD&rclk=1,"https://www.google.com/maps?q=-3.2081416,-52.2077033",revisado,Apto para conferência final,,cadastur | google_maps | youtube | visitaltamira
atm_0684,Restaurante da Praça,empresa,Restaurante,alimentacao,"Entidade turística consolidada: Restaurante da Praça, um restaurante em Altamira/PA. O endereço é Tv. Cmte. Castilho - Catedral, e o contato é (93) 99162-9665. Coordenadas e detalhes obtidos via Google Maps (2026-09-11).",Altamira,PA,Tv. Cmte. Castilho,,Catedral,,"-3,2058784","-52,2064844",(93) 99162-9665,,,,,,,,,,https://www.google.com/maps/place/Restaurante+da+Pra%C3%A7a/data=!4m7!3m6!1s0x9292396e4188d70b:0x9dd6d8bb0acfc20c!8m2!3d-3.2058784!4d-52.2064844!16s%2Fg%2F11t5jqyd6c!19sChIJC9eIQW45kpIRDMLPCrvY1p0?authuser=0&hl=pt-BR&g_ep=EgoyMDI2MDkwOC4wIJJjKgBIAVAD&rclk=1,"https://www.google.com/maps?q=-3.2058784,-52.2064844",revisado,Apto para conferência final,,cadastur | google_maps | youtube | visitaltamira
atm_0685,Restaurante da Rose,empresa,Restaurante,alimentacao,"Restaurante da Rose é um restaurante de alimentação localizado em Altamira, PA. O endereço é Zap ( 91 - 99319.7741 - Centro, Altamira - PA, 68371-025). Contato: (93) 99106-7438. Coordenadas: Lat -3.2092283, Lon -52.2118074 (Fonte: google_maps, 2026-09-11).",Altamira,PA,,,,,"-3,2092283","-52,2118074",(93) 99106-7438,,,,,,,,,,https://www.google.com/maps/place/Restaurante+da+Rose/data=!4m7!3m6!1s0x9292386b951e991b:0x3bb4862ca2aff175!8m2!3d-3.2092283!4d-52.2118074!16s%2Fg%2F11g8yhz3dq!19sChIJG5kelWs4kpIRdfGvoiyGtDs?authuser=0&hl=pt-BR&g_ep=EgoyMDI2MDkwOC4wIJJjKgBIAVAD&rclk=1,"https://www.google.com/maps?q=-3.2092283,-52.2118074",revisado_com_pendencias,Revisar,pendências da fonte,cadastur | google_maps | youtube | visitaltamira
atm_0686,Restaurante do Gomes,empresa,Restaurante,alimentacao,"Entidade turística consolidada como Restaurante do Gomes, localizado em Altamira-PA, no Centro. Possui endereço completo, telefone e coordenadas geográficas, com dados provenientes do Google Maps (2026-09-11). A categoria principal é Restaurante, com secundária em alimentação.",Altamira,PA,Tv. Lindolfo Aranha,,Centro,,"-3,2059992","-52,2089416",(93) 99655-2242,,,,,,,,,,https://www.google.com/maps/place/Restaurante+do+Gomes/data=!4m7!3m6!1s0x9292381388cda82d:0x6cea4ba365cdfe97!8m2!3d-3.2059992!4d-52.2089416!16s%2Fg%2F11b6_szjsp!19sChIJLajNiBM4kpIRl_7NZaNL6mw?authuser=0&hl=pt-BR&g_ep=EgoyMDI2MDkwOC4wIJJjKgBIAVAD&rclk=1,"https://www.google.com/maps?q=-3.2059992,-52.2089416",revisado,Apto para conferência final,,cadastur | google_maps | youtube | visitaltamira | https://altamira.pa.gov.br/file-real-do-xingu-abre-a-rodada-de-avaliacao-da-primeira-etapa-do-circuito-gastronomico/
atm_0687,Restaurante E Churrascaria Tempero Brasileiro,empresa,Restaurante,alimentacao,"Restaurante e Churrascaria Tempero Brasileiro, classificado como Restaurante (alimentação), está localizado em Altamira/PA. O endereço é Atrás do Hotel Requinte - R. 7 de Setembro, 2244 - Esplanada do Xingu. Contato: (93) 99118-0707. Coordenadas e site disponíveis (Fonte: google_maps, 2026-09-11).",Altamira,PA,R. 7 de Setembro,2244,Esplanada do Xingu,,"-3,2094311","-52,2142829",(93) 99118-0707,,,https://linkbio.co/temperobrasileiroatm,,,,,,,https://www.google.com/maps/place/Restaurante+e+Churrascaria+Tempero+Brasileiro/data=!4m7!3m6!1s0x929239426891c1af:0xbac0d72b11357dd9!8m2!3d-3.2094311!4d-52.2142829!16s%2Fg%2F11fs_rs35z!19sChIJr8GRaEI5kpIR2X01ESvXwLo?authuser=0&hl=pt-BR&g_ep=EgoyMDI2MDkwOC4wIJJjKgBIAVAD&rclk=1,"https://www.google.com/maps?q=-3.2094311,-52.2142829",revisado,Apto para conferência final,,cadastur | google_maps | youtube | visitaltamira
atm_0688,Restaurante E Peixaria Tucunaré,empresa,Restaurante,alimentacao,"Entidade turística consolidada como Restaurante e Peixaria Tucunaré, localizada em Altamira/PA. O estabelecimento é classificado como Restaurante/alimentação, situado no Centro, na Av. João Pessoa. Contatos e coordenadas fornecidos por fontes do Google Maps.",Altamira,PA,Av. João Pessoa,,Centro,,"-3,2047804","-52,2049901",(93) 99125-5540,,,,,,,,,,https://www.google.com/maps/place/Restaurante+e+Peixaria+Tucunar%C3%A9/data=!4m7!3m6!1s0x9292392c9d16c6d1:0x81bb09fac69a2ab6!8m2!3d-3.2047804!4d-52.2049901!16s%2Fg%2F11h915v5ym!19sChIJ0cYWnSw5kpIRtiqaxvoJu4E?authuser=0&hl=pt-BR&g_ep=EgoyMDI2MDkwOC4wIJJjKgBIAVAD&rclk=1,"https://www.google.com/maps?q=-3.2047804,-52.2049901",revisado,Apto para conferência final,,cadastur | google_maps | youtube | visitaltamira | https://altamira.pa.gov.br/file-real-do-xingu-abre-a-rodada-de-avaliacao-da-primeira-etapa-do-circuito-gastronomico/
atm_0689,Segredos do Xingu,empresa,Restaurante,alimentacao,"Entidade turística consolidada: SEGREDOS DO XINGU, um Restaurante de alimentação em Altamira/PA. O endereço é E a, Av. João Pessoa - Esplanada do Xingu, e o contato é (93) 99191-6148. Coordenadas e dados obtidos via Google Maps (2026-09-11).",Altamira,PA,"E A, Av. João Pessoa",,Esplanada do Xingu,,"-3,208914","-52,2088546",(93) 99191-6148,,,,,,,,,,https://www.google.com/maps/place/SEGREDOS+DO+XINGU/data=!4m7!3m6!1s0x929239b58c5e0bcf:0xb7218f47aa89e90b!8m2!3d-3.208914!4d-52.2088546!16s%2Fg%2F11p02gxf00!19sChIJzwtejLU5kpIRC-mJqkePIbc?authuser=0&hl=pt-BR&g_ep=EgoyMDI2MDkwOC4wIJJjKgBIAVAD&rclk=1,"https://www.google.com/maps?q=-3.208914,-52.2088546",revisado,Apto para conferência final,,cadastur | google_maps | youtube | visitaltamira
atm_0690,Sabor Nordeste,empresa,Restaurante,alimentacao,"Consolidado o registro 'Sabor nordeste' com dados de localização e contato de uma fonte (google_maps:110:83aba5d8ae). O estabelecimento é classificado como Restaurante em Altamira/PA, localizado no bairro Brasília. Endereço: R. Joaquim Acácio, 1012. Telefone: (93) 99178-7373. Coordenadas: -3.1972632, -52.2132811.",Altamira,PA,R. Joaquim Acácio,1012,Brasília,,"-3,1972632","-52,2132811",(93) 99178-7373,,,,,,,,,,https://www.google.com/maps/place/Sabor+nordeste/data=!4m7!3m6!1s0x92923956516810ad:0xa3595c1a00084bd8!8m2!3d-3.1972632!4d-52.2132811!16s%2Fg%2F11jvldb1tt!19sChIJrRBoUVY5kpIR2EsIABpcWaM?authuser=0&hl=pt-BR&g_ep=EgoyMDI2MDkwOC4wIJJjKgBIAVAD&rclk=1,"https://www.google.com/maps?q=-3.1972632,-52.2132811",revisado_com_pendencias,Revisar,pendências da fonte,cadastur | google_maps | youtube | visitaltamira
atm_0691,Tacacá da Diana,empresa,Restaurante,alimentacao,"Entidade turística consolidada: Tacacá da Diana, um restaurante de alimentação em Altamira/PA. O endereço é Av. João Rodrigues, 655 - Jardim Uirapuru. Contato: (93) 98111-2433. Coordenadas e dados extraídos do Google Maps (2026-09-11).",Altamira,PA,Av. João Rodrigues,655,Jardim Uirapuru,,"-3,2102204","-52,2163014",(93) 98111-2433,,,,,,,,,,https://www.google.com/maps/place/Tacac%C3%A1+da+Diana/data=!4m7!3m6!1s0x929239bfaadcde9f:0xacaec367f769b46!8m2!3d-3.2102204!4d-52.2163014!16s%2Fg%2F11mvmk9brk!19sChIJn97cqr85kpIRRpt2fzbsygo?authuser=0&hl=pt-BR&g_ep=EgoyMDI2MDkwOC4wIJJjKgBIAVAD&rclk=1,"https://www.google.com/maps?q=-3.2102204,-52.2163014",revisado_com_pendencias,Revisar,pendências da fonte,cadastur | google_maps | youtube | visitaltamira
atm_0692,Tacacá da Moça,empresa,Restaurante,alimentacao,"Entidade turística consolidada: Tacacá da Moça, um Restaurante de alimentação em Altamira/PA. O endereço é 1457, R. Cel. José Porfírio, 1257 - Recreio, Altamira - PA, 68371-030. Contato: (93) 99142-4926. Coordenadas: Lat -3.2098475, Lon -52.2100673 (Fonte: google_maps, 2026-09-11).",Altamira,PA,"1457, R. Cel. José Porfírio",1257,Recreio,,"-3,2098475","-52,2100673",(93) 99142-4926,,,,,,,,,,https://www.google.com/maps/place/Tacac%C3%A1+da+Mo%C3%A7a/data=!4m7!3m6!1s0x9292381281993309:0xebb5ecd4ce7ad54f!8m2!3d-3.2098475!4d-52.2100673!16s%2Fg%2F11bwf78vnj!19sChIJCTOZgRI4kpIRT9V6ztTstes?authuser=0&hl=pt-BR&g_ep=EgoyMDI2MDkwOC4wIJJjKgBIAVAD&rclk=1,"https://www.google.com/maps?q=-3.2098475,-52.2100673",revisado_com_pendencias,Revisar,pendências da fonte,cadastur | google_maps | youtube | visitaltamira
atm_0693,Village Gastrobar,empresa,Restaurante,alimentacao,"Entidade turística consolidada: VILLAGE GASTROBAR, um Restaurante de alimentação em Altamira/PA. O endereço é R. Cel. José Porfírio, 2811. Contato: (93) 99124-3726. Coordenadas e dados extraídos do Google Maps (2026-09-11).",Altamira,PA,R. Cel. José Porfírio,2811,Pa,,"-3,2156781","-52,2143493",(93) 99124-3726,,,,,,,,,,https://www.google.com/maps/place/VILLAGE+GASTROBAR/data=!4m7!3m6!1s0x92923900055bc3b1:0x2ef00a8c58d1839a!8m2!3d-3.2156781!4d-52.2143493!16s%2Fg%2F11x11l000j!19sChIJscNbBQA5kpIRmoPRWIwK8C4?authuser=0&hl=pt-BR&g_ep=EgoyMDI2MDkwOC4wIJJjKgBIAVAD&rclk=1,"https://www.google.com/maps?q=-3.2156781,-52.2143493",revisado_com_pendencias,Revisar,pendências da fonte,cadastur | google_maps | youtube | visitaltamira
atm_0694,Vatapá da Jana,empresa,Restaurante,alimentacao,"Vatapá da Jana é um restaurante de alimentação localizado em Altamira, PA, no bairro Premem. O endereço é Av. Tancredo Neves, 2524. Contatos: (93) 99148-4853 e site: https://app.menudino.com/vatapadjana. Coordenadas: -3.2111183, -52.2166718 (Fonte: google_maps, 2026-09-11).",Altamira,PA,Av. Tancredo Neves,2524,Premem,,"-3,2111183","-52,2166718",(93) 99148-4853,,,https://app.menudino.com/vatapadjana,,,,,,,https://www.google.com/maps/place/Vatap%C3%A1+da+Jana/data=!4m7!3m6!1s0x9292397a228ddd1b:0xe8066d3034c88d41!8m2!3d-3.2111183!4d-52.2166718!16s%2Fg%2F11qlc9h_wr!19sChIJG92NIno5kpIRQY3INDBtBug?authuser=0&hl=pt-BR&g_ep=EgoyMDI2MDkwOC4wIJJjKgBIAVAD&rclk=1,"https://www.google.com/maps?q=-3.2111183,-52.2166718",revisado,Apto para conferência final,,cadastur | google_maps | youtube | visitaltamira
atm_0695,Wr Churrascaria E Carne de Sol,empresa,Restaurante,alimentacao,"Wr Churrascaria E Carne De Sol é um restaurante de alimentação localizado em Altamira, PA, no bairro Jardim Independente II. O endereço completo é R. José Umbelino de Oliveira, 946. As coordenadas são -3.2204411, -52.226437 (Fonte: google_maps, 2026-09-11).",Altamira,PA,R. José Umbelino de Oliveira,946,Jardim Independente Ii,,"-3,2204411","-52,226437",,,,,,,,,,,https://www.google.com/maps/place/Wr+Churrascaria+E+Carne+De+Sol/data=!4m7!3m6!1s0x929247871b315b19:0xe3b21e08754c78e5!8m2!3d-3.2204411!4d-52.226437!16s%2Fg%2F11xfpk_m00!19sChIJGVsxG4dHkpIR5XhMdQgesuM?authuser=0&hl=pt-BR&g_ep=EgoyMDI2MDkwOC4wIJJjKgBIAVAD&rclk=1,"https://www.google.com/maps?q=-3.2204411,-52.226437",revisado,Revisar,sem contato,cadastur | google_maps | youtube | visitaltamira
atm_0696,Restaurante Universal,empresa,Restaurante,alimentacao,"Entidade turística consolidada como 'restaurante universal' em Altamira, PA. A categoria principal é Restaurante, com secundária de alimentação. O endereço completo é R. Manoel Umbuzeiro - Centro, e o contato telefônico é (93) 99148-4829. Coordenadas e dados extraídos do Google Maps (2026-09-11).",Altamira,PA,R. Manoel Umbuzeiro,,Centro,,"-3,2054712","-52,2136009",(93) 99148-4829,,,,,,,,,,https://www.google.com/maps/place/restaurante+universal/data=!4m7!3m6!1s0x929239820c4fb6eb:0x48ba0c4134c28591!8m2!3d-3.2054712!4d-52.2136009!16s%2Fg%2F11h01skgw5!19sChIJ67ZPDII5kpIRkYXCNEEMukg?authuser=0&hl=pt-BR&g_ep=EgoyMDI2MDkwOC4wIJJjKgBIAVAD&rclk=1,"https://www.google.com/maps?q=-3.2054712,-52.2136009",revisado_com_pendencias,Revisar,pendências da fonte,cadastur | google_maps | youtube | visitaltamira | https://en.wikipedia.org/wiki/Restaurant | https://lospoblanos.com/dining
atm_0697,Sabores da Joaninha,empresa,Restaurante,alimentacao,"A entidade 'sabores da joaninha' é um restaurante em Altamira/PA. Utiliza o nome do Google Maps e o endereço 'Tv. Dez de Novembro, 110 - Centro, Altamira - PA, 68371-425'. O telefone principal é (93) 99196-3643 (Google Maps). Possui um registro Cadastur (ID: cadastur:68:6b7236cb4b) com status Regular, e um WhatsApp cadastrado (cadastur:68:6b7236cb4b|whatsapp). Coordenadas: -3.2085018, -52.2094123 (Google Maps). Pendência: Diferença de telefone entre fontes (Google Maps vs. Cadastur).",Altamira,PA,Tv. Dez de Novembro,110,Centro,,,,(93) 99196-3643,(93) 99181-1012,CON991811012@GMAIL.COM,,,,,,,Regular - Certificado: 60719537000138 (Operação) - Validade: 2027-08-28,https://cadastur.turismo.gov.br/,,revisado_com_pendencias,Revisar,sem coordenadas | pendências da fonte,cadastur | google_maps | youtube | visitaltamira
atm_0698,Nelmarestaurante,empresa,Restaurante brasileiro,alimentacao,"NelmaRestaurante é um restaurante brasileiro localizado em Altamira-PA, no bairro Jardim independente 1. O endereço é Av. Via Oeste - Jardim independente 1, e o contato é (93) 99148-2082. As informações são baseadas no Google Maps (2026-09-11).",Altamira,PA,Av. Via Oeste,,Jardim Independente 1,,"-3,2197948","-52,2251144",(93) 99148-2082,,,,,,,,,,https://www.google.com/maps/place/NelmaRestaurante/data=!4m7!3m6!1s0x929238730c58bbf1:0xc08b796f377e0ae0!8m2!3d-3.2197948!4d-52.2251144!16s%2Fg%2F11cn3n8sq0!19sChIJ8btYDHM4kpIR4Ap-N295i8A?authuser=0&hl=pt-BR&g_ep=EgoyMDI2MDkwOC4wIJJjKgBIAVAD&rclk=1,"https://www.google.com/maps?q=-3.2197948,-52.2251144",revisado,Apto para conferência final,,cadastur | google_maps | youtube | visitaltamira | https://visitaltamira.com.br/pt/empresa/nelma
atm_0699,Espetinho Grabikosky,empresa,Restaurante de churrasquinho,alimentacao,"Entidade consolidada como ESPETINHO GRABIKOSKY, um restaurante de churrasquinho em Altamira/PA. O endereço é Av. Jader Barbalho, 1693-1823 - Sudam II, e as coordenadas são -3.208703, -52.2260767 (Fonte: google_maps:351:83aba5d8ae, 2026-09-11). Não foi encontrado telefone específico para esta unidade.",Altamira,PA,"Av. Jader Barbalho, 1693-1823",,Sudam Ii,,"-3,208703","-52,2260767",,,,,,,,,,,https://www.google.com/maps/place/ESPETINHO+GRABIKOSKY/data=!4m7!3m6!1s0x92923864f9211b07:0x6ece241f4a8f3de9!8m2!3d-3.208703!4d-52.2260767!16s%2Fg%2F11c1r167q7!19sChIJBxsh-WQ4kpIR6T2PSh8kzm4?authuser=0&hl=pt-BR&g_ep=EgoyMDI2MDkwOC4wIJJjKgBIAVAD&rclk=1,"https://www.google.com/maps?q=-3.208703,-52.2260767",revisado_com_pendencias,Revisar,sem contato | pendências da fonte,cadastur | google_maps | youtube | visitaltamira
atm_0700,Frango de Ouro,empresa,Restaurante de frango,alimentacao,"Entidade turística consolidada: Frango De Ouro, um restaurante de frango em Altamira/PA. O endereço é Av. Via Oeste - Jardim independente 1, e o contato principal é (93) 99975-2963. As coordenadas e o site (WhatsApp) foram extraídos do Google Maps (2026-09-11).",Altamira,PA,Av. Via Oeste,,Jardim Independente 1,,"-3,2170398","-52,2229356",(93) 99975-2963,,,https://wa.me/message/GWUOSPEFMB4HE1,,,,,,,https://www.google.com/maps/place/Frango+De+Ouro/data=!4m7!3m6!1s0x929239002b24765b:0x5de804c35634e1bc!8m2!3d-3.2170398!4d-52.2229356!16s%2Fg%2F11xdrnmlf5!19sChIJW3YkKwA5kpIRvOE0VsME6F0?authuser=0&hl=pt-BR&g_ep=EgoyMDI2MDkwOC4wIJJjKgBIAVAD&rclk=1,"https://www.google.com/maps?q=-3.2170398,-52.2229356",revisado,Apto para conferência final,,cadastur | google_maps | youtube | visitaltamira
atm_0701,Fino Trato,empresa,Restaurante de frutos do mar,alimentacao,"Entidade turística consolidada: Fino Trato, um restaurante de frutos do mar em Altamira/PA. O endereço é Av. João Pessoa - Centro, e o contato é (93) 99114-3022. Coordenadas e detalhes obtidos via Google Maps (2026-09-11).",Altamira,PA,Av. João Pessoa,,Centro,,"-3,2085527","-52,2080538",(93) 99114-3022,,,,,,,,,,https://www.google.com/maps/place/Fino+Trato/data=!4m7!3m6!1s0x929238123b86c5e1:0x79faa5629183c989!8m2!3d-3.2085527!4d-52.2080538!16s%2Fg%2F11bzq0mvk5!19sChIJ4cWGOxI4kpIRicmDkWKl-nk?authuser=0&hl=pt-BR&g_ep=EgoyMDI2MDkwOC4wIJJjKgBIAVAD&rclk=1,"https://www.google.com/maps?q=-3.2085527,-52.2080538",revisado,Apto para conferência final,,cadastur | google_maps | youtube | visitaltamira
atm_0702,Kamikase - Sushi - Bar,empresa,Restaurante de sushi,alimentacao,"Entidade turística consolidada como Kamikase - Sushi - Bar, um restaurante de sushi em Altamira/PA, localizado na Tv. Salim Mauad, 825 - Centro. Contatos e coordenadas fornecidos pelo Google Maps (2026-09-11). Pendências: Nenhuma.",Altamira,PA,Tv. Salim Mauad,825,Centro,,"-3,2079609","-52,2172218",(93) 99209-6142,,,,,,,,,,https://www.google.com/maps/place/Kamikase+-+Sushi+-+Bar/data=!4m7!3m6!1s0x9292386c2e7494a3:0x846945a021b4f964!8m2!3d-3.2079609!4d-52.2172218!16s%2Fg%2F11c1wx24p0!19sChIJo5R0Lmw4kpIRZPm0IaBFaYQ?authuser=0&hl=pt-BR&g_ep=EgoyMDI2MDkwOC4wIJJjKgBIAVAD&rclk=1,"https://www.google.com/maps?q=-3.2079609,-52.2172218",revisado,Apto para conferência final,,cadastur | google_maps | youtube | visitaltamira | https://visitaltamira.com.br/pt/empresa/kamikaze-sushi-bar
atm_0703,Praça de Alimentação - Portal do Xingu,empresa,Restaurante fast-food,alimentacao,"Entidade turística consolidada: Praça de Alimentação - Portal do Xingu, classificada como Restaurante fast-food em Altamira/PA. O endereço é Av. João Pessoa, 1938 - Recreio, e o contato é (93) 99202-5059. Coordenadas e dados obtidos via Google Maps (2026-09-11).",Altamira,PA,Av. João Pessoa,1938,Recreio,,"-3,2105492","-52,209525",(93) 99202-5059,,,,,,,,,,https://www.google.com/maps/place/Pra%C3%A7a+de+Alimenta%C3%A7%C3%A3o+-+Portal+do+Xingu/data=!4m7!3m6!1s0x9292397b30565431:0x7723fba010be36e4!8m2!3d-3.2105492!4d-52.209525!16s%2Fg%2F11fl8br5xt!19sChIJMVRWMHs5kpIR5Da-EKD7I3c?authuser=0&hl=pt-BR&g_ep=EgoyMDI2MDkwOC4wIJJjKgBIAVAD&rclk=1,"https://www.google.com/maps?q=-3.2105492,-52.209525",revisado_com_pendencias,Revisar,pendências da fonte,cadastur | google_maps | youtube | visitaltamira
atm_0704,Subway,empresa,Restaurante fast-food,alimentacao,"Subway em Altamira, PA, localizado na Av. Tancredo Neves, 2698, no bairro Jardim Independente I. É classificado como Restaurante fast-food e alimentação. Contatos: (93) 99143-6325 e site no Instagram: https://www.instagram.com/sub.atm?igsh=ZGh6aWs2bWR4Zjhw. Coordenadas: -3.2118627, -52.2172556.",Altamira,PA,Av. Tancredo Neves,2698,"Pa, 68374","Jardim Independente I, Altamira","-3,2118627","-52,2172556",(93) 99143-6325,,,https://www.instagram.com/sub.atm?igsh=ZGh6aWs2bWR4Zjhw,,,,,,,https://www.google.com/maps/place/Subway/data=!4m7!3m6!1s0x929239b07502136d:0x318fdc31681ac2f5!8m2!3d-3.2118627!4d-52.2172556!16s%2Fg%2F11tn_cntw7!19sChIJbRMCdbA5kpIR9cIaaDHcjzE?authuser=0&hl=pt-BR&g_ep=EgoyMDI2MDkwOC4wIJJjKgBIAVAD&rclk=1,"https://www.google.com/maps?q=-3.2118627,-52.2172556",revisado,Apto para conferência final,,cadastur | google_maps | youtube | visitaltamira
atm_0705,Xingu Açai,empresa,Restaurante fast-food,atrativos,"A entidade Xingu Açai é um restaurante em Altamira/PA. Priorizou-se o Google Maps para endereço (Av. Brg. Eduardo Gomes, 2790 - Esplanada do Xingu) e coordenadas (-3.2145163, -52.2155597). A categoria principal é 'Restaurante fast-food' e o contato de e-mail do Cadastur foi mantido. O site é o perfil do Facebook (google_maps:449:83aba5d8ae|site). Pendência: Não há telefone de contato atualizado no Google Maps.",Altamira,PA,Av. Brg. Eduardo Gomes,2790,Esplanada do Xingu,,,,(93) 99194-9409,,MATHEUS.BIOFER@GMAIL.COM.BR,,,,,,,Regular - Certificado: 55609560000130 (Operação) - Validade: 2026-11-22,https://cadastur.turismo.gov.br/,,revisado_com_pendencias,Revisar,sem coordenadas | pendências da fonte,cadastur | google_maps | youtube | visitaltamira
atm_0706,Orla Sushibar,ponto_turistico,Restaurante japonês,atrativos,"Entidade consolidada como Orla Sushibar, um restaurante japonês em Altamira/PA. O endereço é R. Cel. José Porfírio - Centro, com telefone (93) 99154-3535 e site disponível. Coordenadas e informações baseadas na fonte google_maps:35:83aba5d8ae (2026-09-11).",Altamira,PA,R. Cel. José Porfírio,,Centro,,"-3,2088706","-52,2091623",(93) 99154-3535,,,https://pedido.anota.ai/loja/pescado-cia?f=msa,,,,,,,https://www.google.com/maps/place/Orla+Sushibar/data=!4m7!3m6!1s0x9292398f1432a8c7:0x59fc238332ec6dfe!8m2!3d-3.2088706!4d-52.2091623!16s%2Fg%2F11kq38_rh7!19sChIJx6gyFI85kpIR_m3sMoMj_Fk?authuser=0&hl=pt-BR&g_ep=EgoyMDI2MDkwOC4wIJJjKgBIAVAD&rclk=1,"https://www.google.com/maps?q=-3.2088706,-52.2091623",revisado,Apto para conferência final,,cadastur | google_maps | youtube | visitaltamira
atm_0707,Chácara Bom Sossego,empresa,Retiro,atrativos,"CHÁCARA bom SOSSEGO é um Retiro em Altamira, PA. O endereço é Rua limão - Rod. Magalhães Barata, 26 - km 05 - Mutirão, Altamira - PA, 68371-000. Contato: (93) 98106-8235. Site: http://tiktok.com/@chacara.bom.sossego26. Coordenadas: -3.1688766, -52.228491.",Altamira,PA,Rua Limão - Rod. Magalhães Barata,26,Mutirão,- Km 05,"-3,1688766","-52,228491",(93) 98106-8235,,,http://tiktok.com/@chacara.bom.sossego26,,,,,,,https://www.google.com/maps/place/CH%C3%81CARA+bom+SOSSEGO/data=!4m7!3m6!1s0x6d9a707a94fa06a9:0xd89e20129a468bda!8m2!3d-3.1688766!4d-52.228491!16s%2Fg%2F11n44x8vjj!19sChIJqQb6lHpwmm0R2otGmhIgntg?authuser=0&hl=pt-BR&g_ep=EgoyMDI2MDkwOC4wIJJjKgBIAVAD&rclk=1,"https://www.google.com/maps?q=-3.1688766,-52.228491",revisado,Apto para conferência final,,cadastur | google_maps | youtube | visitaltamira | https://www.conexaoto.com.br/2019/04/25/obras-de-melhorias-da-energisa-seguem-em-32-municipios-do-estado | https://gazetadocerrado.com.br/tocantins/28-cidades-do-tocantins-vao-receber-obras-na-rede-eletrica/
atm_0708,Ponte Sobre O Rio Cajazzeiras,empresa,Rios,"Transamazônica, BR-230","Ponte sobre o rio Cajazzeiras, em Altamira/PA, é uma atração classificada como Rio/Travessia. O acesso é feito pela região de Cajazzeiras, e o horário de funcionamento depende das condições da rodovia. É um ponto de interesse para motoristas e motociclistas, com menção à BR-230.",Altamira,PA,"Cajazzeiras, Pa",,,,,,,,,,,Depende das condições da rodovia,Travessia,,,,https://www.youtube.com/watch?v=rtJ-6aIQD-I,,revisado,Revisar,sem coordenadas | sem contato,cadastur | google_maps | youtube | visitaltamira
atm_0709,Rio Maguari,empresa,Rios,"Ponte, Paisagem","Rio Maguari é um rio em Altamira, PA, acessível via BR-230. É um local para contemplação de paisagem e possui uma ponte sobre ele. Não é necessário fazer reserva para visitação. (Fonte: youtube:76:1dcfa867f9, 2026-09-11)",Altamira,PA,"Rio Maguari, Br-230",,,,,,,,,,,,Contemplação de paisagem,,Não,,https://www.youtube.com/watch?v=3TWp18LTg_Q,,revisado,Revisar,sem coordenadas | sem contato,cadastur | google_maps | youtube | visitaltamira
atm_0710,Pa-370 (Chapadão),empresa,Rodovias,"Estrada Asfaltada, Atalho","A PA-370 (Chapadão) é uma rodovia em Altamira, PA, descrita como um atalho asfaltado que economiza tempo e quilometragem na região do Chapadão. É indicada para viajantes e motoristas, não necessitando de reserva. A fonte principal é um vídeo do YouTube (youtube:78:1dcfa867f9).",Altamira,PA,"Região do Chapadão, Pará",,,,,,,,,,,,Via de transporte,,Não,,https://www.youtube.com/watch?v=Og7_s93UHgs,,revisado,Revisar,sem coordenadas | sem contato,cadastur | google_maps | youtube | visitaltamira | https://www.youtube.com/watch?v=J6Wk63jnpEM
atm_0711,Rattofitness Academia Altamira,empresa,Sala de fitness,atrativos,"A entidade é a RATTOFITNESS ACADEMIA ALTAMIRA, uma sala de fitness em Altamira/PA. O endereço é Avenida João Coelho, 1496, Bairro Brasília. Contato: (93) 99189-4969. Coordenadas: -3.1950959, -52.2129142 (Fonte: google_maps:451:83aba5d8ae). Foi priorizada a fonte do Google Maps por ser mais completa.",Altamira,PA,Avenida João Coelho Nr,1496,- Brasília,,"-3,1950959","-52,2129142",(93) 99189-4969,,,,,,,,,,https://www.google.com/maps/place/RATTOFITNESS+ACADEMIA+ALTAMIRA/data=!4m7!3m6!1s0x92923993f261dafb:0x9e51066adc7a833f!8m2!3d-3.1950959!4d-52.2129142!16s%2Fg%2F11fjvdwls7!19sChIJ-9ph8pM5kpIRP4N63GoGUZ4?authuser=0&hl=pt-BR&g_ep=EgoyMDI2MDkwOC4wIJJjKgBIAVAD&rclk=1,"https://www.google.com/maps?q=-3.1950959,-52.2129142",revisado_com_pendencias,Revisar,pendências da fonte,cadastur | google_maps | youtube | visitaltamira | https://cnpj.biz/31932745000112
atm_0712,Estúdio Cida Cílios,empresa,Salão de sobrancelhas,,"Estúdio Cida cílios é um salão de sobrancelhas localizado em Altamira, PA. O endereço é na esquina com a - Acesso um, Tv. Pedro Gomes, N°1350b - Sudam I. Contato: (93) 98812-3315. Coordenadas e dados extraídos do Google Maps (2026-09-11).",Altamira,PA,Esquina Com A,,Sudam I,"Acesso Um, Tv. Pedro Gomes, N°1350B","-3,2054728","-52,2186527",(93) 98812-3315,,,,,,,,,,https://www.google.com/maps/place/Est%C3%BAdio+Cida+c%C3%ADlios/data=!4m7!3m6!1s0x9292393b702e782f:0x28f5ba238d17c354!8m2!3d-3.2054728!4d-52.2186527!16s%2Fg%2F11x_y_czxv!19sChIJL3gucDs5kpIRVMMXjSO69Sg?authuser=0&hl=pt-BR&g_ep=EgoyMDI2MDkwOC4wIJJjKgBIAVAD&rclk=1,"https://www.google.com/maps?q=-3.2054728,-52.2186527",revisado,Apto para conferência final,,cadastur | google_maps | youtube | visitaltamira
atm_0713,Secretaria Municipal de Saúde de Altamira - Sesma,empresa,Saúde e Emergência,saude,"A Secretaria Municipal de Saúde de Altamira - SESMA está localizada em Altamira, PA. O endereço é Tv. Paula Marques, 192 - Catedral, e o telefone é (93) 3515-4674. A categoria principal é Saúde e Emergência. O site oficial é https://altamira.pa.gov.br/.",Altamira,PA,Tv. Paula Marques,192,Catedral,,"-3,204124","-52,2063934",(93) 3515-4674,,,https://altamira.pa.gov.br/,,,,,,,https://www.google.com/maps/place/Secretaria+Municipal+de+Sa%C3%BAde+de+Altamira+-+SESMA/data=!4m7!3m6!1s0x9292381691cc58f3:0xb0c566d39afc9f86!8m2!3d-3.204124!4d-52.2063934!16s%2Fg%2F1tfv1mkw!19sChIJ81jMkRY4kpIRhp_8mtNmxbA?authuser=0&hl=pt-BR&g_ep=EgoyMDI2MDkwOC4wIJJjKgBIAVAD&rclk=1,"https://www.google.com/maps?q=-3.204124,-52.2063934",revisado,Apto para conferência final,,cadastur | google_maps | youtube | visitaltamira
atm_0714,Unidade de Saúde da Família Delza Barros,empresa,Saúde e Emergência,saude,"Unidade de Saúde da Família Delza Barros, em Altamira/PA, é classificada como Saúde e Emergência. O endereço é Sudam II, e o contato é (93) 3515-2297. As coordenadas são -3.2079012, -52.2253624 (Fonte: google_maps, 2026-09-11). Pendência: O bairro listado é 'PA', o que pode ser incorreto.",Altamira,PA,Sudam Ii,,Pa,,"-3,2079012","-52,2253624",(93) 3515-2297,,,,,,,,,,https://www.google.com/maps/place/Unidade+de+Sa%C3%BAde+da+Fam%C3%ADlia+Delza+Barros/data=!4m7!3m6!1s0x92923865b169a73d:0xaf5709f3b8b1db6b!8m2!3d-3.2079012!4d-52.2253624!16s%2Fg%2F11x95khb24!19sChIJPadpsWU4kpIRa9uxuPMJV68?authuser=0&hl=pt-BR&g_ep=EgoyMDI2MDkwOC4wIJJjKgBIAVAD&rclk=1,"https://www.google.com/maps?q=-3.2079012,-52.2253624",revisado_com_pendencias,Revisar,pendências da fonte,cadastur | google_maps | youtube | visitaltamira
atm_0715,Selaria Couro Cru,empresa,Selaria,atrativos,"Selaria Couro Cru é uma selaria em Altamira/PA, localizada na R. Intendente Floriano, 2509, no bairro Perpétuo Socorro. Contatos: (93) 99216-7312 e site/WhatsApp: https://wa.me/93992167312. Coordenadas: -3.2077986, -52.21821. (Fonte: google_maps, 2026-09-11)",Altamira,PA,R. Intendente Floria,2509,Perpétuo Socorro,,"-3,2077986","-52,21821",(93) 99216-7312,,,https://wa.me/93992167312,,,,,,,https://www.google.com/maps/place/Selaria+Couro+Cru/data=!4m7!3m6!1s0x92923963ac65a029:0x1c3be59bfce3b67d!8m2!3d-3.2077986!4d-52.21821!16s%2Fg%2F11mrx4d0dh!19sChIJKaBlrGM5kpIRfbbj_JvlOxw?authuser=0&hl=pt-BR&g_ep=EgoyMDI2MDkwOC4wIJJjKgBIAVAD&rclk=1,"https://www.google.com/maps?q=-3.2077986,-52.21821",revisado_com_pendencias,Revisar,pendências da fonte,cadastur | google_maps | youtube | visitaltamira
atm_0716,Maxim - Viagens & Entregas,empresa,Serviço de transporte,passeios_agencias,"Entidade turística consolidada para Maxim - viagens & entregas, um serviço de transporte em Altamira/PA. O endereço é R. Anchieta, 1788 - Perpétuo Socorro. O site é https://taximaxim.com/br. As coordenadas e demais dados foram extraídos do Google Maps (2026-09-11). Pendências: Não foi possível confirmar o contato de telefone ou Facebook com alta confiança, pois as fontes variaram entre Google Maps e Play Store.",Altamira,PA,R. Anchieta,1788,Perpétuo Socorro,,"-3,2042719","-52,2140858",,,,https://taximaxim.com/br,,,,,,,https://www.google.com/maps/place/Maxim+-+viagens+%26+entregas/data=!4m7!3m6!1s0x928ad3b7b49a1221:0x98d2ddfa4ec7aa24!8m2!3d-3.2042719!4d-52.2140858!16s%2Fg%2F11y5447x61!19sChIJIRKatLfTipIRJKrHTvrd0pg?authuser=0&hl=pt-BR&g_ep=EgoyMDI2MDkwOC4wIJJjKgBIAVAD&rclk=1,"https://www.google.com/maps?q=-3.2042719,-52.2140858",revisado_com_pendencias,Revisar,pendências da fonte,cadastur | google_maps | youtube | visitaltamira | https://play.google.com/store/apps/details?id=com.taxsee.taxsee&hl=pt
atm_0717,Salão de Beleza Marabá,empresa,Serviços,"Estética, Beleza","Salão de Beleza Marabá, localizado em Altamira/PA, é um salão de beleza que oferece serviços como corte de cabelo e estética. O endereço registrado é Bairro Jardim Primavera, e a fonte principal é um vídeo do YouTube (2026-09-11). Não há telefone ou coordenadas fornecidas com alta confiança.",Altamira,PA,"Bairro Jardim Primavera, Altamira",,,,,,,,,,,,Corte de cabelo e serviços de beleza,,,,https://www.youtube.com/watch?v=9DD2niySlc4,,revisado_com_pendencias,Revisar,sem coordenadas | sem contato | pendências da fonte,cadastur | google_maps | youtube | visitaltamira | https://www.buscamaraba.com.br/categoria/beleza-e-estetica/saloes_de_beleza/
atm_0718,Posto Ipiranga (Altamira),empresa,Serviços/Apoio,"Abastecimento, Camping, Altamira","Posto Ipiranga em Altamira, PA, focado em serviços de abastecimento e apoio para camping, visível em vídeos e com múltiplas referências de localização. O horário de funcionamento é notado como fechando por volta das 21h. O contato principal é o 0800 725 7333 (via Google Maps). Pendência na consolidação do endereço e bairro, priorizando dados de fontes mais específicas (YouTube/CNPJ).",Altamira,PA,,,Esplanada do Xingu,,"-3,2163249","-52,2166769",0800 725 7333,,,https://www.ipiranga.com.br/wps/portal/pt-br/ipiranga/inicio?utm_source=google&utm_medium=maps&utm_campaign=GMB-icherry-1343674,,Fecha por volta das 21h,"Abastecimento, Apoio para Camping",,Não (mediante autorização do vigia),,https://www.google.com/maps/place/Posto+Ipiranga/data=!4m7!3m6!1s0x92923874351b43ff:0xc9518cbef8afe007!8m2!3d-3.2163249!4d-52.2166769!16s%2Fg%2F11bz_1st8t!19sChIJ_0MbNXQ4kpIRB-Cv-L6MUck?authuser=0&hl=pt-BR&g_ep=EgoyMDI2MDkwOC4wIJJjKgBIAVAD&rclk=1,"https://www.google.com/maps?q=-3.2163249,-52.2166769",revisado_com_pendencias,Revisar,pendências da fonte,cadastur | google_maps | youtube | visitaltamira | https://cnpj.biz/24845613000198
atm_0719,Fischer Sorvetes,empresa,Sorveteria especializada em sundaes,alimentacao,"Fischer Sorvetes é uma sorveteria especializada em sundaes, localizada em Altamira/PA. O endereço é Orla do Cais - Av. João Pessoa, 1718 - Centro. O contato é (93) 99202-3067. As informações foram extraídas do Google Maps (2026-09-11).",Altamira,PA,Av. João Pessoa,1718,Centro,,"-3,2085693","-52,2085688",(93) 99202-3067,,,,,,,,,,https://www.google.com/maps/place/Fischer+Sorvetes/data=!4m7!3m6!1s0x929238124703cd17:0x2fe0c62281bc47d1!8m2!3d-3.2085693!4d-52.2085688!16s%2Fg%2F11csq9r504!19sChIJF80DRxI4kpIR0Ue8gSLG4C8?authuser=0&hl=pt-BR&g_ep=EgoyMDI2MDkwOC4wIJJjKgBIAVAD&rclk=1,"https://www.google.com/maps?q=-3.2085693,-52.2085688",revisado,Apto para conferência final,,cadastur | google_maps | youtube | visitaltamira
atm_0720,Comercial Parque Ype,empresa,Supermercado,atrativos,"Entidade turística consolidada: Comercial Parque Ype, um Supermercado e atrativo localizado em Altamira/PA, no bairro Bela Vista. O endereço é Av. Principal - Bela Vista, Altamira - PA, e as coordenadas são -3.2073361, -52.2363927 (Fonte: google_maps, 2026-09-11). Pendências: Nenhuma.",Altamira,PA,Av. Principal,,Bela Vista,,"-3,2073361","-52,2363927",,,,,,,,,,,https://www.google.com/maps/place/Comercial+Parque+Ype/data=!4m7!3m6!1s0x92923889821b7cd1:0x1c712da2f263b8c7!8m2!3d-3.2073361!4d-52.2363927!16s%2Fg%2F11f2xxqt51!19sChIJ0Xwbgok4kpIRx7hj8qItcRw?authuser=0&hl=pt-BR&g_ep=EgoyMDI2MDkwOC4wIJJjKgBIAVAD&rclk=1,"https://www.google.com/maps?q=-3.2073361,-52.2363927",revisado_com_pendencias,Revisar,sem contato | pendências da fonte,cadastur | google_maps | youtube | visitaltamira
atm_0721,Mercadinho E Peixaria Aliança,empresa,Supermercado,alimentacao,"Mercadinho E Peixaria Aliança é um supermercado/alimentação localizado em Altamira/PA, no bairro Jardim Independente I. O endereço é R. Lucindo Câmara, 3901. Contato: (93) 99171-7693. Coordenadas: -3.2189344, -52.2266439 (Fonte: google_maps, 2026-09-11).",Altamira,PA,"3901, R. Lucindo Câmara",,Jardim Independente I,,"-3,2189344","-52,2266439",(93) 99171-7693,,,,,,,,,,https://www.google.com/maps/place/Mercadinho+E+Peixaria+Alian%C3%A7a/data=!4m7!3m6!1s0x9292478763a50857:0x150c906e1e3f0210!8m2!3d-3.2189344!4d-52.2266439!16s%2Fg%2F11fz223nsl!19sChIJVwilY4dHkpIREAI_Hm6QDBU?authuser=0&hl=pt-BR&g_ep=EgoyMDI2MDkwOC4wIJJjKgBIAVAD&rclk=1,"https://www.google.com/maps?q=-3.2189344,-52.2266439",revisado_com_pendencias,Revisar,pendências da fonte,cadastur | google_maps | youtube | visitaltamira
atm_0722,Peixaria do Neto,empresa,Supermercado,alimentacao,"Consolidado para Peixaria Do Neto, utilizando os dados da ocorrência mais específica (google_maps:340:83aba5d8ae). A categoria principal é Supermercado, localizado em Altamira/PA. Endereço: R. José Umbelino de Oliveira, 902-974 - Jardim Independente II. Telefone: (93) 99198-1464.",Altamira,PA,"R. José Umbelino de Oliveira, 902-974",,Jardim Independente Ii,,"-3,2204022","-52,2262567",(93) 99198-1464,,,,,,,,,,https://www.google.com/maps/place/Peixaria+em+Altamira%2FPa+-+Cabana+do+Castanha/data=!4m7!3m6!1s0x92923755a05b054f:0x2a68b3c645bfed58!8m2!3d-3.2100607!4d-52.1396584!16s%2Fg%2F11rzsyd1l1!19sChIJTwVboFU3kpIRWO2_RcazaCo?authuser=0&hl=pt-BR&g_ep=EgoyMDI2MDkwOC4wIJJjKgBIAVAD&rclk=1,"https://www.google.com/maps?q=-3.2204022,-52.2262567",revisado,Apto para conferência final,,cadastur | google_maps | youtube | visitaltamira
atm_0723,Primavera Supermercados,empresa,Supermercado,atrativos,"A entidade é o Supermercado Primavera em Altamira-PA. Priorizou-se o registro do local via Google Maps (ID: google_maps:440:83aba5d8ae) por ser o mais completo, complementando com serviços e público-alvo do YouTube (ID: youtube:195:1dcfa867f9). O endereço é Tv. Pedro Gomes, 708 - Centro, Altamira - PA. Contato: (93) 3515-3846. O site é http://www.primaverasupermercados.com.br/.",Altamira,PA,Tv. Pedro Gomes,708,Centro,,"-3,2077312","-52,2156605",(93) 3515-3846,,,http://www.primaverasupermercados.com.br/,,,Venda de alimentos e produtos de primeira necessidade.,,Não,,https://www.google.com/maps/place/Primavera+Supermercados/data=!4m7!3m6!1s0x9292386c4fb97369:0xc9927705abbd13c!8m2!3d-3.2077312!4d-52.2156605!16s%2Fg%2F11b6s_jtwx!19sChIJaXO5T2w4kpIRPNG7WnAnmQw?authuser=0&hl=pt-BR&g_ep=EgoyMDI2MDkwOC4wIJJjKgBIAVAD&rclk=1,"https://www.google.com/maps?q=-3.2077312,-52.2156605",revisado,Apto para conferência final,,cadastur | google_maps | youtube | visitaltamira
atm_0724,Primavera Supermercados Ii,empresa,Supermercado,atrativos,"Consolidado o registro para Primavera Supermercados II, utilizando dados do Google Maps (ID: google_maps:455:83aba5d8ae). O estabelecimento é um Supermercado em Altamira/PA, localizado na Av. João Rodrigues, 455 - Esplanada do Xingu. Possui telefone (93) 3515-1667 e site https://www.primaverasupermercados.com.br/nossas-lojas/. Coordenadas e bairro também foram registrados com base nesta fonte.",Altamira,PA,Av. João Rodrigues,455,Esplanada do Xingu,,"-3,2114758","-52,2148553",(93) 3515-1667,,,https://www.primaverasupermercados.com.br/nossas-lojas/,,,,,,,https://www.google.com/maps/place/Primavera+Supermercados/data=!4m7!3m6!1s0x9292386c4fb97369:0xc9927705abbd13c!8m2!3d-3.2077312!4d-52.2156605!16s%2Fg%2F11b6s_jtwx!19sChIJaXO5T2w4kpIRPNG7WnAnmQw?authuser=0&hl=pt-BR&g_ep=EgoyMDI2MDkwOC4wIJJjKgBIAVAD&rclk=1,"https://www.google.com/maps?q=-3.2114758,-52.2148553",revisado,Apto para conferência final,,cadastur | google_maps | youtube | visitaltamira
atm_0725,Pátio do Góes,empresa,Terminal de Transporte,"Embarque de Vans, Conexão Regional","Pátio do Góes é um terminal de transporte em Altamira/PA, localizado no Centro. Oferece serviços de transporte intermunicipal, como vans para Anapu e Vitória do Xingu, sendo um ponto de chegada e partida para viajantes e passageiros. (Fonte: youtube:164:1dcfa867f9)",Altamira,PA,Centro de Altamira,,,,,,,,,,,,Transporte intermunicipal,,,,https://www.youtube.com/watch?v=HoIibTnSgrc,,revisado,Revisar,sem coordenadas | sem contato,cadastur | google_maps | youtube | visitaltamira
atm_0726,Travessia de Balsa (Rio Xingu),empresa,Transporte,"Navegação, Travessia","A travessia de balsa pelo Rio Xingu em Altamira/PA é utilizada para atravessar o rio, pois a ponte está em construção. É um serviço de transporte para viajantes e moradores locais. O acesso é feito pelo Rio Xingu, entre Altamira e região. Não foi especificado o preço, mas é necessário verificar a compra da passagem no local.",Altamira,PA,"Rio Xingu, Entre Altamira E Região.",,,,,,,,,,,,Transporte de veículos e passageiros.,,Não (compra no quiosque),,https://www.youtube.com/watch?v=DLzFzIx_ZiM,,revisado_com_pendencias,Revisar,sem coordenadas | sem contato | pendências da fonte,cadastur | google_maps | youtube | visitaltamira
atm_0727,Balsa do Rio Xingu,empresa,Transporte Fluvial,"YouTube, Rio Xingu","A Balsa do Rio Xingu em Altamira/PA é um ponto de travessia fluvial essencial, utilizado por viajantes e motoristas. Oferece serviços de travessia de veículos e passageiros. A passagem pode ser comprada em um quiosque local, e o custo mencionado é de R$ 6,00 para motocicleta. Não é necessária reserva prévia.",Altamira,PA,"Belo Monte, Rio Xingu",,,,,,,,,,,,Travessia de rio,,Não (compra no quiosque),,https://www.youtube.com/watch?v=DLzFzIx_ZiM,,revisado,Revisar,sem coordenadas | sem contato,cadastur | google_maps | youtube | visitaltamira
atm_0728,Travessia de Balsa Pelo Rio Xingu,empresa,Transporte Fluvial,"Rio Xingu, Travessia, Paisagem","A travessia de balsa pelo Rio Xingu em Altamira/PA é a principal forma de acesso, conforme evidenciado por vídeos do YouTube. O serviço opera 24 horas, realizando a travessia de veículos e passageiros, sendo voltado para viajantes e motoristas. O endereço é o Rio Xingu.",Altamira,PA,Rio Xingu,,,,,,,,,,,Trajeto funciona 24 horas,Travessia de veículos e passageiros,,,,https://www.youtube.com/watch?v=86azu69qLEk,,revisado,Revisar,sem coordenadas | sem contato,cadastur | google_maps | youtube | visitaltamira
atm_0729,"Empresas de Ônibus (Ouro E Prata, Costa Boa Esperança, Satélite Norte, Real Maia, Boa Esperança)",empresa,Transporte Regional,Transporte Intermunicipal,"Entidade turística consolidada como 'Empresas de Ônibus (Ouro e Prata, Costa Boa Esperança, Satélite Norte, Real Maia, Boa Esperança)' em Altamira/PA. A categoria principal é Transporte Regional, com serviços de Transporte Intermunicipal. O endereço referenciado é a Rodoviária de Altamira, PA. A fonte primária é um vídeo do YouTube (youtube:194:1dcfa867f9). Pendências: Não há informações de contato ou coordenadas específicas mais detalhadas.",Altamira,PA,Rodoviária de,,,,,,,,,,,,Transporte rodoviário intermunicipal.,,,,https://www.google.com/maps/place/Real+Maia/data=!4m7!3m6!1s0x92923915e234ccd3:0x1fdc07f431eb1830!8m2!3d-3.2041183!4d-52.2178536!16s%2Fg%2F11msp_cd_f!19sChIJ08w04hU5kpIRMBjrMfQH3B8?authuser=0&hl=pt-BR&g_ep=EgoyMDI2MDkwOC4wIJJjKgBIAVAD&rclk=1,,revisado,Revisar,sem coordenadas | sem contato,cadastur | google_maps | youtube | visitaltamira | https://deonibus.com/viacao-ouro-e-prata/passagens-de-onibus/altamira-pa-para-belem-pa | https://deonibus.com/viacao-real-maia/passagens-de-onibus/acailandia-ma-para-altamira-pa
atm_0730,Terminal de Vans de Altamira,empresa,Transporte Regional,Transporte Intermunicipal,"Terminal de Vans de Altamira, em Altamira/PA, é um ponto de Transporte Regional/Intermunicipal. Localizado na Rodoviária de Altamira, oferece transporte para cidades como Uruará, Itaituba e Santarém, atendendo viajantes e moradores locais. (Fonte: youtube:193:1dcfa867f9, 2026-09-11)",Altamira,PA,Rodoviária de,,,,,,,,,,,,Transporte para cidades da região.,,,,https://www.youtube.com/watch?v=hbA-yPD5jy0,,revisado,Revisar,sem coordenadas | sem contato,cadastur | google_maps | youtube | visitaltamira
atm_0731,Terminal Rodoviário de Altamira,empresa,Transporte e Logística,"Ponto de Chegada, Conexões Regionais","Terminal Rodoviário de Altamira. A unidade é classificada como Transporte e Logística, atendendo viajantes, turistas e moradores locais. Possui serviços como embarque de ônibus e vans, lanchonetes e agências de viagem. O endereço é Altamira, PA. Contato: (94) 98138-9789. Coordenadas: Lat -3.2059034, Lon -52.2209657 (Fonte: google_maps:213:83aba5d8ae). O site é https://onibuz.com/rodoviaria-de-altamira-pa/.",Altamira,PA,,,Pa,,"-3,2059034","-52,2209657",(94) 98138-9789,,,https://onibuz.com/rodoviaria-de-altamira-pa/,,,"Embarque de ônibus e vans, lanchonetes, agências de viagem, ponto de mototáxi e comércio local.",,Não,,https://www.google.com/maps/place/Terminal+Rodovi%C3%A1rio+Interestadual+de+Altamira/data=!4m7!3m6!1s0x92923868da993ddf:0xa0c5090025376526!8m2!3d-3.2059034!4d-52.2209657!16s%2Fg%2F11gcqwxljg!19sChIJ3z2Z2mg4kpIRJmU3JQAJxaA?authuser=0&hl=pt-BR&g_ep=EgoyMDI2MDkwOC4wIJJjKgBIAVAD&rclk=1,"https://www.google.com/maps?q=-3.2059034,-52.2209657",revisado_com_pendencias,Revisar,pendências da fonte,cadastur | google_maps | youtube | visitaltamira | https://www.buser.com.br/destinos/pontos-turisticos/pa/altamira/terminal-rodoviario-de-altamira
atm_0732,Deli,empresa,Transportes,Sociedade Empresária Limitada,"DELI é uma transportadora turística em Altamira/PA, registrada no Cadastur (Fonte: cadastur, Data: 2026-09-11). O endereço é RUA DOUTOR ISAIAS PINHEIRO 02 Castelo dos Sonhos. Contatos: Tel: (66)99718-8285, WhatsApp: +5566997188285, Email: dionesaletecararo@outlook.com. Situação cadastral: Regular (Operação).",Altamira,PA,Rua Doutor Isaias Pinheiro,2,Castelo Dos Sonhos,,,,(66)99718-8285,(66) 99718-8285,dionesaletecararo@outlook.com,,,,,,,Regular - Certificado: 30434457000175 (Operação) - Validade: 2027-07-14,https://cadastur.turismo.gov.br/,,revisado_com_pendencias,Revisar,sem coordenadas | pendências da fonte,cadastur | google_maps | youtube | visitaltamira
atm_0733,Localiza Rent A Car,empresa,Transportes,,"Localiza Rent a Car é uma empresa de transportes em Altamira/PA, com foco em mobilidade confiável. Possui informações de contato (WhatsApp) e coordenadas geográficas verificadas pela fonte Visit Altamira (2026-09-11).",Altamira,PA,,,,,"-3,219357","-52,222274",,(08) 00979-2020,,,,,,,,,https://visitaltamira.com.br/pt/empresa/localiza-rent-a-car,"https://www.google.com/maps?q=-3.219357,-52.222274",revisado,Revisar,sem endereço,cadastur | google_maps | youtube | visitaltamira
atm_0734,Rd Transportes E Locações,empresa,Transportes,,"RD Transportes e Locações é uma empresa de transportes em Altamira/PA, focada em soluções de mobilidade para negócios. Oferece frota moderna e locação de veículos com suporte dedicado. Contato via WhatsApp: https://wa.me/5593991791441. Coordenadas e imagens disponíveis na fonte visitaltamira.",Altamira,PA,,,,,"-3,207444","-52,21503",,(93) 99179-1441,,,,,,,,,https://visitaltamira.com.br/pt/empresa/rd-transportes-e-locacoes,"https://www.google.com/maps?q=-3.207444,-52.21503",revisado,Revisar,sem endereço,cadastur | google_maps | youtube | visitaltamira
atm_0735,Táxis E Mototáxis,empresa,Transportes,,"Entidade turística para Táxis e Mototáxis em Altamira/PA, classificada como Transporte. Possui coordenadas, WhatsApp (https://wa.me/559335152555) e imagens disponíveis, com serviços em pontos da cidade e via contato telefônico (Fonte: vitaltamira, 2026-09-11).",Altamira,PA,,,,,"-3,207468","-52,213854",,(93) 3515-2555,,,,,,,,,https://visitaltamira.com.br/pt/empresa/taxis-e-mototaxis,"https://www.google.com/maps?q=-3.207468,-52.213854",revisado,Revisar,sem endereço,cadastur | google_maps | youtube | visitaltamira
atm_0736,Xingu Transportes E Turismo,empresa,Transportes,Sociedade Empresária Limitada,"A entidade Xingu Transporte e Turismo (visitaltamira:106:320ea3a512) é um prestador de serviços de mobilidade e turismo em Altamira/PA. Possui registro no Cadastur (cadastur:7:6b7236cb4b) e informações de contato e localização do Google Maps (google_maps:218:83aba5d8ae). O endereço mais completo é do Google Maps, e o WhatsApp é da VisitaAltamira. A categoria principal é 'Transportes' (visitaltamira:106:320ea3a512).",Altamira,PA,R. Joaquim Aveli,,Jardim Altamira,,,,(93) 99107-8115,(93) 99107-8115,JONASDEVITORIA@GMAIL.COM,,,,,,,Regular - Certificado: 33398113000146 (Operação) - Validade: 2027-07-14,https://visitaltamira.com.br/pt/empresa/xingu-transportes-e-turismo,,revisado_com_pendencias,Revisar,sem coordenadas | pendências da fonte,cadastur | google_maps | youtube | visitaltamira | https://www.econodata.com.br/consulta-empresa/33398113000146-xingu-transportes-ltda
atm_0737,Amigos do Xingu (Ponto de Encontro).,empresa,Trilha de Caminhada,atrativos,"Entidade turística 'Amigos do Xingu (ponto de encontro).' em Altamira/PA. É classificada como Trilha de Caminhada e atrativo. O endereço é Av. João Pessoa, 1046 - Centro, Altamira - PA, e as coordenadas são -3.2045481, -52.2045629 (Fonte: google_maps, 2026-09-11). Pendências: Nenhuma.",Altamira,PA,Av. João Pessoa,1046,Centro,,"-3,2045481","-52,2045629",,,,,,,,,,,https://www.google.com/maps/place/Amigos+do+Xingu+%28ponto+de+encontro%29./data=!4m7!3m6!1s0x929239bf60590187:0x2b2c84ce10b1494d!8m2!3d-3.2045481!4d-52.2045629!16s%2Fg%2F11tnw54c86!19sChIJhwFZYL85kpIRTUmxEM6ELCs?authuser=0&hl=pt-BR&g_ep=EgoyMDI2MDkwOC4wIJJjKgBIAVAD&rclk=1,"https://www.google.com/maps?q=-3.2045481,-52.2045629",revisado_com_pendencias,Revisar,sem contato | pendências da fonte,cadastur | google_maps | youtube | visitaltamira
atm_0738,Chácara Pai E Filho,empresa,Trilha de Caminhada,atrativos,"Chácara pai e filho é uma trilha de caminhada e atrativo localizado em Altamira, PA. O endereço registrado é Altamira, PA, com coordenadas -3.2506544, -52.2802824, conforme dados do Google Maps (2026-09-11).",Altamira,PA,,,,,"-3,2506544","-52,2802824",,,,,,,,,,,https://www.google.com/maps/place/Ch%C3%A1cara+pai+e+filho/data=!4m7!3m6!1s0x929241002d1bab27:0x5f0ebbaa71277891!8m2!3d-3.2506544!4d-52.2802824!16s%2Fg%2F11ytfk0mzf!19sChIJJ6sbLQBBkpIRkXgncaq7Dl8?authuser=0&hl=pt-BR&g_ep=EgoyMDI2MDkwOC4wIJJjKgBIAVAD&rclk=1,"https://www.google.com/maps?q=-3.2506544,-52.2802824",revisado,Revisar,sem contato,cadastur | google_maps | youtube | visitaltamira
atm_0739,Mini Chácara,empresa,Trilha de Caminhada,atrativos,"Mini chácara é uma trilha de caminhada e atrativo em Altamira, PA. O endereço é Av. Douglas Miguel Sawczuk, 7 - Ibiza, Altamira - PA, 68378-170. Coordenadas: -3.239251, -52.255363 (Fonte: google_maps, 2026-09-11).",Altamira,PA,Av. Douglas Miguel Sawczuk,7,Ibiza,,"-3,239251","-52,255363",,,,,,,,,,,https://www.google.com/maps/place/Mini+ch%C3%A1cara/data=!4m7!3m6!1s0x929247000e213fb5:0xbf24182ff3c73f76!8m2!3d-3.239251!4d-52.255363!16s%2Fg%2F11yn5jyf6r!19sChIJtT8hDgBHkpIRdj_H8y8YJL8?authuser=0&hl=pt-BR&g_ep=EgoyMDI2MDkwOC4wIJJjKgBIAVAD&rclk=1,"https://www.google.com/maps?q=-3.239251,-52.255363",revisado,Revisar,sem contato,cadastur | google_maps | youtube | visitaltamira
atm_0740,Praia do Tatajuba,ponto_turistico,Trilha de Caminhada,atrativos,"Entidade turística consolidada como Praia do Tatajuba, em Altamira/PA. É classificada como Trilha de Caminhada e atrativo. O endereço é GMPF+XM e as coordenadas são -3.4625056, -52.3258078, com dados provenientes do Google Maps (2026-09-11).",Altamira,PA,,,,,"-3,4625056","-52,3258078",,,,,,,,,,,https://www.google.com/maps/place/Praia+do+Tatajuba/data=!4m7!3m6!1s0x92925f007fc9ea4b:0xf43e7d8d09989a0f!8m2!3d-3.4625056!4d-52.3258078!16s%2Fg%2F11vrsg9hcb!19sChIJS-rJfwBfkpIRD5qYCY19PvQ?authuser=0&hl=pt-BR&g_ep=EgoyMDI2MDkwOC4wIJJjKgBIAVAD&rclk=1,"https://www.google.com/maps?q=-3.4625056,-52.3258078",revisado_com_pendencias,Revisar,sem contato | pendências da fonte,cadastur | google_maps | youtube | visitaltamira | https://diariodopara.com.br/cotidiano/paraisos-escondidos-no-para-cachoeiras-de-altamira-e-regiao-tem-quedas-de-ate-40-metros/
atm_0741,Hidrelétrica de Belo Monte,empresa,Turismo Industrial,"Rio Xingu, Engenharia, Belo Monte","A Hidrelétrica de Belo Monte pode ser referenciada como 'Hidrelétrica de Belo Monte' (youtube:175:1dcfa867f9). A categoria principal é Turismo Industrial, com foco em Rio Xingu, Engenharia e Belo Monte. Localizada em Altamira, PA, oferece observação da estrutura e do rio. Recomenda-se verificar o site (live_71053206c4) para detalhes de tours gratuitos e agendamento.",Altamira,PA,"Belo Monte, Rio Xingu, Pa",,,,,,,,,,,,Observação da estrutura e do rio,,,,https://www.youtube.com/watch?v=RkgTeXobqGU,,revisado,Revisar,sem coordenadas | sem contato,cadastur | google_maps | youtube | visitaltamira | https://memoriadaeletricidade.com.br/blog/141997/usinas-hidreletricas-no-brasil-abrem-as-portas-para-turistas
atm_0742,Primeiro Torneio de Pesca do Tucunaré de Altamira,empresa,Turismo Regional,"Competição, Torneio, Pesca de Tucunaré","Evento turístico em Altamira, PA, o 'Primeiro Torneio de Pesca do Tucunaré de Altamira'. A atividade inclui competição de pesca e pesagem de peixes. É necessário reservar e a fonte principal é um vídeo do YouTube (2026-09-11).",Altamira,PA,Rio Xingu,,,,,,,,,,,,"Competição de pesca, pesagem de peixes e confraternização entre pescadores.",,Sim,,https://www.youtube.com/watch?v=xXCsODfw2Z8,,revisado_com_pendencias,Revisar,sem coordenadas | sem contato | pendências da fonte,cadastur | google_maps | youtube | visitaltamira | https://www.visitaltamira.com.br/pt/eventos/topalt-torneio-de-tucunare/2026
atm_0743,Aldeia Itáca,empresa,Turismo de Base Comunitária,"Cultura Indígena, Povos Originários, Ecoturismo, Rio Xingu","Aldeia Itáca é um destino de Turismo de Base Comunitária em Altamira/PA, focado em cultura indígena e ecoturismo. Oferece vivência cultural, gastronomia local e artesanato. Recomenda-se reserva prévia. Endereço: Terra Indígena Coatinemo, Rio Xingu. Público-alvo: turistas em busca de experiências autênticas.",Altamira,PA,"Terra Indígena Coatinemo, Rio Xingu, Altamira/Pa.",,,,,,,,,,,,"Gastronomia local, artesanato, trilhas, apresentações culturais e vivência da cultura indígena.",,Sim,,https://www.youtube.com/watch?v=s6Err2_Tg48,,revisado,Revisar,sem coordenadas | sem contato,cadastur | google_maps | youtube | visitaltamira
atm_0744,Bairro Hulk (Assentamento),empresa,Turismo de Experiência,"História Local, Belo Monte, Impacto Ambiental","Bairro Hulk (Assentamento) é um local em Altamira/PA, classificado como Turismo de Experiência. É um assentamento histórico ligado à construção da barragem de Belo Monte, focado em conhecer a história local e a arquitetura das casas doadas pela Eletronorte. Não necessita de reserva e atrai interessados em história e sociologia.",Altamira,PA,"Bairro Hulk, Altamira",,,,,,,,,,,,Conhecer a história da região e a arquitetura das casas doadas pela Eletronorte.,,Não,,https://www.youtube.com/watch?v=9DD2niySlc4,,revisado,Revisar,sem coordenadas | sem contato,cadastur | google_maps | youtube | visitaltamira
atm_0745,Ponto de Táxi,empresa,Táxi,atrativos,"Ponto de Táxi em Altamira, PA. Localizado no Centro, no Mercado Municipal. Contato: (93) 3515-2555. Coordenadas: -3.20389, -52.2097216. Fonte: google_maps (2026-09-11). A categoria principal é Táxi.",Altamira,PA,Mercado Municipal,S/N,Centro,,"-3,20389","-52,2097216",(93) 3515-2555,,,,,,,,,,https://www.google.com/maps/place/Ponto+de+T%C3%A1xi/data=!4m7!3m6!1s0x92923815aaaaaaab:0x99a3bd3e4973591b!8m2!3d-3.20389!4d-52.2097216!16s%2Fg%2F11b6hkc0p2!19sChIJq6qqqhU4kpIRG1lzST69o5k?authuser=0&hl=pt-BR&g_ep=EgoyMDI2MDkwOC4wIJJjKgBIAVAD&rclk=1,"https://www.google.com/maps?q=-3.20389,-52.2097216",revisado_com_pendencias,Revisar,pendências da fonte,cadastur | google_maps | youtube | visitaltamira
atm_0746,Parque de Exposições de Altamira,empresa,Venda de ingressos para eventos,atrativos,"PARQUE DE EXPOSIÇÕES DE ALTAMIRA em Altamira/PA. É classificado como Venda de ingressos para eventos e atrativos. O endereço é Colinas, e as coordenadas são -3.1843803, -52.1871011 (Fonte: google_maps:536:83aba5d8ae). Pendências: Nenhuma.",Altamira,PA,Colinas,,,,"-3,1843803","-52,1871011",,,,,,,,,,,https://www.google.com/maps/place/PARQUE+DE+EXPOSI%C3%87%C3%95ES+DE+ALTAMIRA/data=!4m7!3m6!1s0x929237004871f099:0x43a469f2db708e73!8m2!3d-3.1843803!4d-52.1871011!16s%2Fg%2F11xw2lzrmm!19sChIJmfBxSAA3kpIRc45w2_JppEM?authuser=0&hl=pt-BR&g_ep=EgoyMDI2MDkwOC4wIJJjKgBIAVAD&rclk=1,"https://www.google.com/maps?q=-3.1843803,-52.1871011",revisado_com_pendencias,Revisar,sem contato | pendências da fonte,cadastur | google_maps | youtube | visitaltamira | https://altamira.pa.gov.br/confira-a-programacao-da-42a-expoalta-altamira-2025/
atm_0747,Bicho Sadio Clínica Veterinária E Pet Shop - Plantão Veterinário Sobreaviso,empresa,Veterinário,,"Entidade turística consolidada: Bicho Sadio Clínica Veterinária e Pet Shop - Plantão Veterinário Sobreaviso. É um veterinário localizado em Altamira/PA, no Centro. Possui endereço completo, telefone e site verificados pelo Google Maps. Coordenadas e informações de contato estão disponíveis.",Altamira,PA,Tv. Agrário Cavalcante,658,Centro,,,,(93) 99233-2000,,,https://taggycontact.me/50822097?utm_source=ig&utm_medium=social&utm_content=link_in_bio&fbclid=PAZXh0bgNhZW0CMTEAc3J0YwZhcHBfaWQMMjU2MjgxMDQwNTU4AAGn2Efhp4zQ_Tl8S6ltKeKTUnDTNGlLonPAKJy--GPCRhqEOWtN0or1AiXiaQE_aem_UwVOP-9MfbqPh9HKO6jm1A,,,,,,,https://www.google.com/maps/place/Bicho+Sadio+Cl%C3%ADnica+Veterin%C3%A1ria+e+Pet+Shop+-+Plant%C3%A3o+Veterin%C3%A1rio+Sobreaviso/data=!4m7!3m6!1s0x9292386c8682911f:0x82d7bfafb7fc8006!8m2!3d-3.2068585!4d-52.2139355!16s%2Fg%2F1tn4z72b!19sChIJH5GChmw4kpIRBoD8t6-_14I?authuser=0&hl=pt-BR&g_ep=EgoyMDI2MDkwOC4wIJJjKgBIAVAD&rclk=1,,revisado_com_pendencias,Revisar,sem coordenadas | pendências da fonte,cadastur | google_maps | youtube | visitaltamira
atm_0748,Divinas Beer,empresa,Vida Noturna,,"Divinas Beer é um ponto de vida noturna em Altamira/PA, funcionando como bar, restaurante e casa de shows. O endereço é R. Salim Mauad, 414 - Jardim Independente II. Contatos incluem telefone (93) 3515-3105 e WhatsApp via link. Possui Instagram e fotos disponíveis nas fontes verificadas.",Altamira,PA,R. Salim Mauad,414,Jardim Independente Ii,,"-3,210589","-52,214742",(93) 3515-3105,(93) 99135-7930,,,https://www.instagram.com/divinas_seupoint/,,,,,,https://visitaltamira.com.br/pt/empresa/divinas-beer,"https://www.google.com/maps?q=-3.210589,-52.214742",revisado,Apto para conferência final,,cadastur | google_maps | youtube | visitaltamira
atm_0749,Elephant's Music Gastrobar,empresa,Vida Noturna,alimentacao,"A entidade é o Elephant's Music Gastrobar em Altamira/PA. Priorizou-se a fonte VisitaAltamira para nome, imagens e Instagram, e Google Maps para endereço, bairro e telefone. O serviço de atendimento em Inglês/Espanhol e o cadastro Cadastur foram mantidos. Pendência: Coordenadas não foram selecionadas por inconsistência de fonte entre as opções mais detalhadas.",Altamira,PA,Tv. Cel. Tancredo,350,Centro,,,,(93) 99106-7014,(93) 99106-7014,ELEPHANTS.BAR01@GMAIL.COM,,,,Atendimento: Inglês|Espanhol,,,Regular - Certificado: 43538957000107 (Operação) - Validade: 2027-01-09,https://visitaltamira.com.br/pt/empresa/elephants-music-gastrobar,,revisado_com_pendencias,Revisar,sem coordenadas | pendências da fonte,cadastur | google_maps | youtube | visitaltamira
atm_0750,Magia de Boteco,empresa,Vida Noturna,Sociedade Empresária Limitada,"MAGIA DO BOTECO/Magia de Boteco é um gastrobar em Altamira/PA, com foco em vida noturna e botecos. Possui registro no Cadastur e informações de contato e redes sociais via Visita Altamira. O endereço cadastrado é na Madre Teresa de Calcutá. Contato: (93)9126-9725. (Fonte: cadastur, visitaltamira)",Altamira,PA,Madre Teresa de Calcutá Ao Lado da Top Academia  Altamira Esplanada do Xingú Cep: 68372010 Pa,,,,,,(93)9126-9725,,MAGIADOBOTECO@OUTLOOK.COM,,,,,,,Regular - Certificado: 59877283000105 (Operação) - Validade: 2027-07-29,https://visitaltamira.com.br/pt/empresa/magia-de-boteco,,revisado,Revisar,sem coordenadas,cadastur | google_maps | youtube | visitaltamira | https://visitaltamira.com.br/pt/empresa/magia-de-boteco
atm_0751,Mascotinho Sport Beer,empresa,Vida Noturna,,"Mascotinho Sport Beer é um bar/restaurante em Altamira/PA. O endereço é Tv. Búfalo, 58-112. Contatos incluem telefone (93) 99123-6396 e WhatsApp. Possui Instagram e fotos disponíveis. As coordenadas e o bairro foram priorizados de fontes distintas, mas mantidos conforme as opções fornecidas.",Altamira,PA,"Tv. Búfalo, 58-112",,São Sebastiao,,"-3,212395","-52,217303",(93) 99123-6396,(93) 99123-6396,,,https://www.instagram.com/mascotinhoatm/,,,,,,https://visitaltamira.com.br/pt/empresa/mascotinho-sport-beer,"https://www.google.com/maps?q=-3.212395,-52.217303",revisado_com_pendencias,Revisar,pendências da fonte,cadastur | google_maps | youtube | visitaltamira
atm_0752,Aeroporto de Altamira,empresa,Voos,,"Entidade turística consolidada para o Aeroporto de Altamira, com informações de contato, localização e categoria de voos. As coordenadas e o WhatsApp foram extraídos da fonte 'visitaltamira'. O endereço foi encontrado em outra fonte, mas as coordenadas e o contato principal são priorizados da 'visitaltamira'. Pendências: Não há pendências de informação crítica, mas o endereço de outra fonte pode ser considerado complementar.",Altamira,PA,,,,,"-3,188148","-52,058182",,(93) 3515-1976,,,,,,,,,https://visitaltamira.com.br/pt/empresa/aeroporto-de-altamira,"https://www.google.com/maps?q=-3.188148,-52.058182",revisado,Revisar,sem endereço,cadastur | google_maps | youtube | visitaltamira | https://altamira.pa.gov.br/prefeitura-inaugura-espaco-de-informacao-turistica-no-aeroporto-de-altamira/ | https://visitaltamira.com.br/pt/empresa/aeroporto-de-altamira
atm_0753,Guia de Turismo — Wyllyan Farias,empresa,guia de turismo,"Guia Regional|Excursão Nacional - Brasil / América do Sul, Turismo de Pesca|Turismo de Aventura|Turismo de Base Comunitária (TBC)","Entidade turística consolidada para Wyllyan Farias de Lacerda, guia de turismo em Altamira/PA. Prioriza dados do Visita Altamira e Cadastur. Possui serviços de guia de turismo, com foco em Pesca Esportiva e Aventura. Contatos e cadastro ativo no Cadastur (Reg. Operação até 2030). Coordenadas e Instagram vieram da fonte Visita Altamira.",Altamira,PA,,,,,,,(93)99954-3329,(93) 99954-3329,wyllyanfarias@hotmail.com,,,,Atuação: Altamira|Senador José Porfírio|Vitória do Xingu | Atendimento: Português,,Sim,Regular - Certificado: 14720550070 (Operação) - Validade: 2030-07-29,https://visitaltamira.com.br/pt/empresa/guia-de-turismo-wyllyan-farias,,revisado_com_pendencias,Revisar,sem coordenadas | sem endereço | pendências da fonte,cadastur | google_maps | youtube | visitaltamira | https://www.visitaltamira.com.br/pt/empresa/guia-de-turismo-wyllyan-farias | https://superguias.com.br/guias/14720550070/
atm_0754,Balneário Bosque do Açai,empresa,Área de camping,atrativos,"Balneário Bosque do Açai é uma área de camping e atrativo localizada em Altamira, PA. O endereço registrado é Altamira, PA. As coordenadas são -3.0984747, -52.2542383, conforme evidência do Google Maps (2026-09-11).",Altamira,PA,,,,,"-3,0984747","-52,2542383",,,,,,,,,,,https://www.google.com/maps/place/Balne%C3%A1rio+Bosque+do+A%C3%A7ai/data=!4m7!3m6!1s0x92923b8f0ac7d3f7:0x9ae8950116680d6a!8m2!3d-3.0984747!4d-52.2542383!16s%2Fg%2F11t7gzk42v!19sChIJ99PHCo87kpIRag1oFgGV6Jo?authuser=0&hl=pt-BR&g_ep=EgoyMDI2MDkwOC4wIJJjKgBIAVAD&rclk=1,"https://www.google.com/maps?q=-3.0984747,-52.2542383",revisado,Revisar,sem contato,cadastur | google_maps | youtube | visitaltamira
atm_0755,Camp Club Lagoa da Serra,empresa,Área de camping,atrativos,"Entidade turística consolidada: Camp Club Lagoa da Serra, classificada como Área de camping e atrativo. Localizada em Altamira, PA. Endereço e coordenadas obtidos via Google Maps (2026-09-11).",Altamira,PA,,,,,"-3,2117928","-52,4477159",,,,,,,,,,,https://www.google.com/maps/place/Camp+Club+Lagoa+da+Serra/data=!4m7!3m6!1s0x9292151b71b868e1:0x5ed3c1fb9788e762!8m2!3d-3.2117928!4d-52.4477159!16s%2Fg%2F11mtd427yr!19sChIJ4Wi4cRsVkpIRYueIl_vB014?authuser=0&hl=pt-BR&g_ep=EgoyMDI2MDkwOC4wIJJjKgBIAVAD&rclk=1,"https://www.google.com/maps?q=-3.2117928,-52.4477159",revisado,Revisar,sem contato,cadastur | google_maps | youtube | visitaltamira
atm_0756,Chácara 3M,empresa,Área de camping,atrativos,"A entidade turística é a Chácara 3M, classificada como Área de camping. Localizada em Altamira, PA. O endereço é Altamira, PA, com telefone (93) 99123-5620. Coordenadas: Lat -3.1557887, Lon -52.2767626 (Fonte: google_maps:502:83aba5d8ae). Foi priorizada a opção com nome mais específico e dados mais completos.",Altamira,PA,,,,,"-3,1557887","-52,2767626",(93) 99123-5620,,,,,,,,,,https://www.google.com/maps/place/Ch%C3%A1cara/data=!4m7!3m6!1s0x929239006c4d5dc9:0x3cbd3eb3b0bfa80c!8m2!3d-3.1696292!4d-52.2232823!16s%2Fg%2F11z65h3qjc!19sChIJyV1NbAA5kpIRDKi_sLM-vTw?authuser=0&hl=pt-BR&g_ep=EgoyMDI2MDkwOC4wIJJjKgBIAVAD&rclk=1,"https://www.google.com/maps?q=-3.1557887,-52.2767626",revisado,Apto para conferência final,,cadastur | google_maps | youtube | visitaltamira
atm_0757,Chácara Família Araújo,empresa,Área de camping,atrativos,"Chácara Família Araújo é uma área de camping em Altamira, PA. O endereço registrado é Altamira, PA. As coordenadas são -3.1537854, -52.2687485, conforme evidência do Google Maps (2026-09-11 13:33:51). Foi priorizada a opção com nome exato e maior consistência de dados.",Altamira,PA,,,,,"-3,1537854","-52,2687485",,,,,,,,,,,https://www.google.com/maps/place/Ch%C3%A1cara/data=!4m7!3m6!1s0x929239006c4d5dc9:0x3cbd3eb3b0bfa80c!8m2!3d-3.1696292!4d-52.2232823!16s%2Fg%2F11z65h3qjc!19sChIJyV1NbAA5kpIRDKi_sLM-vTw?authuser=0&hl=pt-BR&g_ep=EgoyMDI2MDkwOC4wIJJjKgBIAVAD&rclk=1,"https://www.google.com/maps?q=-3.1537854,-52.2687485",revisado,Revisar,sem contato,cadastur | google_maps | youtube | visitaltamira
atm_0758,Chácara Meu Rancho,empresa,Área de camping,atrativos,"Consolidado como Chácara Meu Rancho, uma área de camping em Altamira/PA. O endereço é listado como Altamira, PA. As coordenadas são -3.0973389, -52.2179938 (Fonte: google_maps:546:83aba5d8ae, 2026-09-11). Foi priorizada a opção com o nome completo e a categoria correta.",Altamira,PA,,,,,"-3,0973389","-52,2179938",,,,,,,,,,,https://www.google.com/maps/place/Ch%C3%A1cara/data=!4m7!3m6!1s0x929239006c4d5dc9:0x3cbd3eb3b0bfa80c!8m2!3d-3.1696292!4d-52.2232823!16s%2Fg%2F11z65h3qjc!19sChIJyV1NbAA5kpIRDKi_sLM-vTw?authuser=0&hl=pt-BR&g_ep=EgoyMDI2MDkwOC4wIJJjKgBIAVAD&rclk=1,"https://www.google.com/maps?q=-3.0973389,-52.2179938",revisado_com_pendencias,Revisar,sem contato | pendências da fonte,cadastur | google_maps | youtube | visitaltamira
atm_0759,Chácara Morais Salvatt,empresa,Área de camping,atrativos,"Chácara Morais salvatt é uma área de camping em Altamira, PA. O endereço registrado é Altamira, PA. As coordenadas são -3.444115, -52.333428 (Fonte: google_maps:550:83aba5d8ae, data: 2026-09-11 13:49:08). Foi priorizada a opção com o nome completo e categoria mais específica.",Altamira,PA,,,,,"-3,444115","-52,333428",,,,,,,,,,,https://www.google.com/maps/place/Ch%C3%A1cara/data=!4m7!3m6!1s0x929239006c4d5dc9:0x3cbd3eb3b0bfa80c!8m2!3d-3.1696292!4d-52.2232823!16s%2Fg%2F11z65h3qjc!19sChIJyV1NbAA5kpIRDKi_sLM-vTw?authuser=0&hl=pt-BR&g_ep=EgoyMDI2MDkwOC4wIJJjKgBIAVAD&rclk=1,"https://www.google.com/maps?q=-3.444115,-52.333428",revisado,Revisar,sem contato,cadastur | google_maps | youtube | visitaltamira
atm_0760,Chácara Ribeirão,empresa,Área de camping,atrativos,"A entidade Chácara Ribeirão foi consolidada usando dados do Google Maps (ID: google_maps:547:83aba5d8ae). A categoria principal é Área de camping, localizada em Altamira/PA. O endereço é Ramal Paraíso das Aves - Altamira, PA. Coordenadas: Lat -3.15477, Lon -52.1612412.",Altamira,PA,Ramal Paraíso Das Aves -,,,,"-3,15477","-52,1612412",,,,,,,,,,,https://www.google.com/maps/place/Ch%C3%A1cara/data=!4m7!3m6!1s0x929239006c4d5dc9:0x3cbd3eb3b0bfa80c!8m2!3d-3.1696292!4d-52.2232823!16s%2Fg%2F11z65h3qjc!19sChIJyV1NbAA5kpIRDKi_sLM-vTw?authuser=0&hl=pt-BR&g_ep=EgoyMDI2MDkwOC4wIJJjKgBIAVAD&rclk=1,"https://www.google.com/maps?q=-3.15477,-52.1612412",revisado,Revisar,sem contato,cadastur | google_maps | youtube | visitaltamira | https://conceicaodosouros.mg.gov.br/venda/cytotec-11-91772-9962-altamira---nova-altamira---pa
atm_0761,Chácara Bom Jesus,empresa,Área de camping,atrativos,"A entidade turística é a Chácara bom jesus, classificada como Área de camping. Localizada em Altamira, PA. O endereço fornecido é VP7V+67 - Altamira, PA. As coordenadas são -3.1369973, -52.256801 (Fonte: google_maps, data: 2026-09-11 13:33:04). Foi priorizada a opção com o nome mais completo e a categoria mais específica.",Altamira,PA,,,,,"-3,1369973","-52,256801",,,,,,,,,,,https://www.google.com/maps/place/Ch%C3%A1cara/data=!4m7!3m6!1s0x929239006c4d5dc9:0x3cbd3eb3b0bfa80c!8m2!3d-3.1696292!4d-52.2232823!16s%2Fg%2F11z65h3qjc!19sChIJyV1NbAA5kpIRDKi_sLM-vTw?authuser=0&hl=pt-BR&g_ep=EgoyMDI2MDkwOC4wIJJjKgBIAVAD&rclk=1,"https://www.google.com/maps?q=-3.1369973,-52.256801",revisado,Revisar,sem contato,cadastur | google_maps | youtube | visitaltamira
atm_0762,Fazendinha da Godinha,empresa,Área de camping,atrativos,"Entidade turística 'Fazendinha da Godinha' em Altamira/PA. É classificada como Área de camping e atrativo. O endereço é Rod. Transassurini, 11, e as coordenadas são -3.304976, -52.127903, conforme dados do Google Maps (2026-09-11). Pendências: Nenhuma.",Altamira,PA,"Rod. Transassurini, 11 -",,,,"-3,304976","-52,127903",,,,,,,,,,,https://www.google.com/maps/place/Fazendinha+da+Godinha/data=!4m7!3m6!1s0x92924f002327a431:0x91d09553f2ba728d!8m2!3d-3.304976!4d-52.127903!16s%2Fg%2F11x6mtx8yb!19sChIJMaQnIwBPkpIRjXK68lOV0JE?authuser=0&hl=pt-BR&g_ep=EgoyMDI2MDkwOC4wIJJjKgBIAVAD&rclk=1,"https://www.google.com/maps?q=-3.304976,-52.127903",revisado,Revisar,sem contato,cadastur | google_maps | youtube | visitaltamira
atm_0763,Rancho Bacelar,empresa,Área de camping,atrativos,"Rancho Bacelar é uma área de camping e atrativo em Altamira, PA. O endereço é GMP5+R8 e o contato é (93) 99137-8941. Coordenadas: -3.462961, -52.341679. (Fonte: google_maps, 2026-09-11)",Altamira,PA,,,,,"-3,462961","-52,341679",(93) 99137-8941,,,,,,,,,,https://www.google.com/maps/place/Rancho+Bacelar/data=!4m7!3m6!1s0x92925f60bdf383b9:0x9b3ed7bca29c1b46!8m2!3d-3.462961!4d-52.341679!16s%2Fg%2F11t6ry23ws!19sChIJuYPzvWBfkpIRRhucorzXPps?authuser=0&hl=pt-BR&g_ep=EgoyMDI2MDkwOC4wIJJjKgBIAVAD&rclk=1,"https://www.google.com/maps?q=-3.462961,-52.341679",revisado,Apto para conferência final,,cadastur | google_maps | youtube | visitaltamira
atm_0764,Recanto Familiar,empresa,Área de camping,atrativos,"Recanto Familiar é uma área de camping em Altamira, PA. O endereço é VJCM+W8 e o contato é (93) 99218-1701. As coordenadas são -3.1284398, -52.3662405 (Fonte: google_maps, 2026-09-11). Foi priorizada a evidência completa da unidade.",Altamira,PA,,,,,"-3,1284398","-52,3662405",(93) 99218-1701,,,,,,,,,,https://www.google.com/maps/place/Recanto+Familiar/data=!4m7!3m6!1s0x92921700636ef30b:0xd8fa0ee98c5999ff!8m2!3d-3.1284398!4d-52.3662405!16s%2Fg%2F11y8g761zx!19sChIJC_NuYwAXkpIR_5lZjOkO-tg?authuser=0&hl=pt-BR&g_ep=EgoyMDI2MDkwOC4wIJJjKgBIAVAD&rclk=1,"https://www.google.com/maps?q=-3.1284398,-52.3662405",revisado,Apto para conferência final,,cadastur | google_maps | youtube | visitaltamira
atm_0765,Orla do Trapiche,ponto_turistico,Áreas de Lazer,"Orla, Rio Xingu, Pesca, Ecoturismo","A Orla do Trapiche em Altamira/PA é um local de lazer com foco em ecoturismo, pesca e observação da natureza. Possui estrutura como orla, rio Xingu e é acessível para cadeirantes. O endereço mais completo é fornecido pelo Google Maps (R. Cel. José Porfírio, 2321 - Esplanada do Xingu). As fontes indicam atividades como pesca esportiva e passeios de canoa/caiaque.",Altamira,PA,"Orla de Altamira, Pará",,,,"-3,2101465","-52,2093272",,,,,,,"Pesca esportiva, observação da natureza, passeio de canoa e caiaque",,Não,,https://www.google.com/maps/place/Orla+ALTAMIRA+%2FPAR%C3%81/data=!4m7!3m6!1s0x929239003895a9df:0xc2550c159d246a75!8m2!3d-3.2101465!4d-52.2093272!16s%2Fg%2F11xv0m84hy!19sChIJ36mVOAA5kpIRdWoknRUMVcI?authuser=0&hl=pt-BR&g_ep=EgoyMDI2MDkwOC4wIJJjKgBIAVAD&rclk=1,"https://www.google.com/maps?q=-3.2101465,-52.2093272",revisado_com_pendencias,Revisar,sem contato | pendências da fonte,cadastur | google_maps | youtube | visitaltamira